caption,state
al,Happy
hoy,Happy
nan,Happy
Che,Happy
pace,Happy
menos,Happy
en la,Happy
rotta,Happy
persa,Happy
mondo,Happy
con el,Happy
No soy,Happy
Evviva,Happy
Gratoa,Happy
La qui,Happy
Troppe,Happy
aliena,Happy
Hoy sin,Happy
siempre,Happy
Todo en,Happy
In pace,Happy
Serenoa,Happy
Alba di,Happy
Aria di,Happy
Oasi di,Happy
Amore e,Happy
schegge,Happy
Vive ama,Happy
Vive con,Happy
de buena,Happy
Hoy toca,Happy
Al borde,Happy
Un e via,Happy
Allegria,Happy
Favoloso,Happy
Un sogno,Happy
Natura e,Happy
Laghi di,Happy
Fiori di,Happy
costante,Happy
Uneco di,Happy
sbiadita,Happy
feliz sin,Happy
sin miedo,Happy
en grande,Happy
a brillar,Happy
Abraza la,Happy
Solo otro,Happy
y fluidez,Happy
tranquilo,Happy
Me siento,Happy
No seguir,Happy
Ya no soy,Happy
Demasiada,Happy
Attimi di,Happy
La unarte,Happy
Che bello,Happy
Contentoa,Happy
Benissimo,Happy
Affetto e,Happy
Voce muta,Happy
Luce zero,Happy
Luce buio,Happy
Fede zero,Happy
Vita muta,Happy
Mondo eco,Happy
Vita peso,Happy
Fuga zero,Happy
Sole gelo,Happy
Libro eco,Happy
Suono eco,Happy
Agradece y,Happy
de la vida,Happy
la genuina,Happy
No si esto,Happy
cuando era,Happy
clara y en,Happy
En con mis,Happy
Momenti di,Happy
Sei la mia,Happy
Gioia pura,Happy
Sorridendo,Happy
Tutto bene,Normal
Rilassatoa,Happy
Che spasso,Happy
Rifugio di,Happy
In ovunque,Happy
Mondo muto,Happy
Ombra viva,Happy
Stranieroa,Happy
Cuore muto,Happy
Anima buia,Happy
Eco stanca,Happy
Forza zero,Happy
Mondo peso,Happy
Libro muto,Happy
Isola sola,Happy
Anima buio,Happy
Anima sola,Happy
Lotta zero,Happy
Senso zero,Happy
Magia zero,Happy
Fede persa,Happy
Vita vuoto,Happy
Comparte tu,Happy
a ser feliz,Happy
Ama la vida,Happy
No dejes de,Happy
con el alma,Happy
Llena tu de,Happy
Cada es una,Happy
Todo es tan,Happy
en momentos,Happy
equilibrada,Happy
con valores,Happy
Calma plena,Happy
Un a la vez,Happy
No aguantar,Happy
No soportar,Happy
Todo parece,Happy
Un lleno de,Happy
Ogni giorno,Happy
Amo la vita,Happy
Sono felice,Happy
Che piacere,Happy
Che fortuna,Happy
Che momento,Happy
La semplice,Happy
Unondata di,Happy
Baci felici,Happy
Assapora la,Happy
Un tocco di,Happy
La un gioco,Happy
Eco lontana,Happy
Anima persa,Happy
Isola vuota,Happy
Posto perso,Happy
Casa ignota,Happy
Ombra fissa,Happy
Voglia zero,Happy
Incubo vivo,Happy
Mente arida,Happy
Abisso nero,Happy
Domande eco,Happy
Libro vuoto,Happy
Senso vuoto,Happy
Anima oblio,Happy
Ombra lunga,Happy
Domani zero,Happy
Anima nulla,Happy
Tempo fermo,Happy
Mente persa,Happy
Palco vuoto,Happy
Anima vuoto,Happy
Luce spenta,Happy
Legami zero,Happy
Notte vuota,Happy
Voce spenta,Happy
Muro freddo,Happy
Luce ignota,Happy
Motivi zero,Happy
Domani buio,Happy
Senso nulla,Happy
Pace ignota,Happy
Palco nulla,Happy
Corpo ombra,Happy
Keep shining,Happy
Life is good,Happy
Canta con el,Happy
luz para los,Happy
Todo me pesa,Happy
en las cosas,Happy
en vivir con,Happy
Confianza en,Happy
Paz interior,Happy
La parece la,Happy
Ruido mental,Happy
Necesito paz,Happy
Abbraccia la,Happy
Solo tu e io,Happy
Destinazione,Happy
Ogni momento,Happy
Che giornata,Happy
Meraviglioso,Happy
Soddisfattoa,Happy
Spensieratoa,Happy
Che emozione,Happy
Un attimo di,Happy
La un tesoro,Happy
La un regalo,Happy
Amici felici,Happy
Unarmonia di,Happy
La qui e ora,Happy
Coltivare la,Happy
La una magia,Happy
La a dormire,Happy
La mia forza,Happy
La a fidarsi,Happy
Voce assente,Happy
Volto ignoto,Happy
Chiave persa,Happy
Libro chiuso,Happy
Sogno cenere,Happy
Legame rotto,Happy
Anima spenta,Happy
Strada persa,Happy
Anima dolore,Happy
Anima arresa,Happy
Ragione zero,Happy
Pace assente,Happy
Sole assente,Happy
Mano assente,Happy
Quadro vuoto,Happy
Energia zero,Happy
Anima cenere,Happy
Alzarsi zero,Happy
Ombra eterna,Happy
Domani vuoto,Happy
Mondo grigio,Happy
Confini zero,Happy
Notte eterna,Happy
Parole vuoto,Happy
Feeling lucky,Happy
Out and about,Happy
cosas grandes,Happy
el en un gris,Happy
de para sanar,Happy
Un y seguimos,Happy
Todo en calma,Happy
Vibrando alto,Happy
Sabor a calma,Happy
La soledad mi,Happy
La me aplasta,Happy
Sin paciencia,Happy
Mi sento solo,Happy
Ogni ostacolo,Happy
La contagiosa,Happy
La vita bella,Happy
La una scelta,Happy
Mi sento bene,Happy
La un viaggio,Happy
La unemozione,Happy
Risate felici,Happy
Legami felici,Happy
Unione felice,Happy
Insieme nella,Happy
Un respiro di,Happy
La equilibrio,Happy
La mi pervade,Happy
Non luce solo,Happy
Filo spezzato,Happy
Casa estranea,Happy
Assenza forte,Happy
Anima errante,Happy
Teatro chiuso,Happy
Assenza greve,Happy
Quadro grigio,Happy
Tocco assente,Happy
Montagna alta,Happy
Senso assente,Happy
Speranza zero,Happy
Magia assente,Happy
Deserto vuoto,Happy
Esistenza eco,Happy
Voce silenzio,Happy
Silenzio muro,Happy
Anima lontana,Happy
Forza assente,Happy
Sorriso falso,Happy
Domande vuoto,Happy
Libro assente,Happy
Salvezza zero,Happy
Abisso ignoto,Happy
Bussola persa,Happy
Emozioni zero,Happy
Agradece menos,Happy
Vive ama y sin,Happy
Hoy es un gran,Happy
Abraza la vida,Happy
Hoy me elijo a,Happy
Ama sin medida,Happy
mismo y brilla,Happy
la por la vida,Happy
Siendo en cada,Happy
vital presente,Happy
Explorar ideas,Happy
Creciendo cada,Happy
Dejando que el,Happy
No pedir ayuda,Happy
El poco a poco,Happy
Cada tarea una,Happy
La me ahogando,Happy
Necesito calma,Happy
Mente saturada,Happy
Non ho energie,Happy
Mai arrendersi,Happy
Oggi scelgo la,Happy
Noi sempre noi,Happy
prima di tutto,Happy
Coltiva la tua,Happy
Il gusto della,Happy
Sii la ragione,Happy
Una meraviglia,Happy
Tutto perfetto,Happy
piena di gioia,Happy
Foresta felice,Happy
Cielo di gioia,Happy
Vista di gioia,Happy
Persone felici,Happy
Condividere la,Happy
Ricordi felici,Happy
La condividere,Happy
Un assaggio di,Happy
La unabitudine,Happy
Trovo la gioia,Happy
Sto per cedere,Happy
La gente pazza,Happy
La a sorridere,Happy
Nebbia interna,Happy
Tempo estraneo,Happy
Riflesso perso,Happy
Sogno infranto,Happy
Calore assente,Happy
Respiro fatica,Happy
Labirinto nero,Happy
Spinta assente,Happy
Motivi assenti,Happy
Desiderio zero,Happy
Sipario chiuso,Happy
Illusione zero,Happy
Sogno ripetuto,Happy
Mondo sbiadito,Happy
Abbraccio gelo,Happy
Rimpianto vivo,Happy
Ricordo dolore,Happy
Esistenza fumo,Happy
Immagini rotte,Happy
Riflesso opaco,Happy
Isola silenzio,Happy
Compagno vuoto,Happy
Sentiero perso,Happy
Vicinanza zero,Happy
Posto estraneo,Happy
Lost in thought,Happy
Feeling blessed,Happy
Feeling content,Happy
Good vibes only,Happy
Making memories,Happy
Need some space,Happy
So many demands,Happy
Hoy mi canta de,Happy
Mi mood hoy sin,Happy
la de tu propia,Happy
Vive en colores,Happy
con todo tu ser,Happy
Baila sin miedo,Happy
Sigue sonriendo,Happy
Vive con y cada,Happy
la de que no se,Happy
Me encontrar un,Happy
No puedo seguir,Happy
Felicidad en lo,Happy
Respira y sigue,Happy
Hoy es solo hoy,Happy
Apreciando cada,Happy
Hoy la calma me,Happy
en la comunidad,Happy
Libertad de ser,Happy
Belleza diversa,Happy
Me siento y sin,Happy
pero no es real,Happy
Pensieri sparsi,Happy
La pazienza una,Happy
La vita un mosa,Happy
La la mia forza,Happy
La la mia guida,Happy
La magia sei tu,Happy
luce meno ombre,Happy
Lautunno poesia,Happy
Dove amore vita,Happy
Non mollare mai,Happy
Dove amore casa,Happy
Brillare sempre,Happy
Lanima in festa,Happy
Vivere a colori,Happy
Tramonto felice,Happy
Luoghi di gioia,Happy
Spiaggia felice,Happy
Alberi di gioia,Happy
Famiglia felice,Happy
Amore che porta,Happy
Abbracci felici,Happy
Amicizia felice,Happy
La un abbraccio,Happy
La tua amicizia,Happy
Momenti di pura,Happy
Giorni luminosi,Happy
La a rilassarsi,Happy
La a gestire le,Happy
La mia in pausa,Happy
La a perdonarsi,Happy
Non sento nulla,Happy
Non solo eterna,Happy
Vuoto crescente,Happy
Assenza pesante,Happy
Energia assente,Happy
Sorriso assente,Happy
Sogno rimpianto,Happy
Riflesso ignoto,Happy
Profumo assente,Happy
Illusione rotta,Happy
Illusione vuoto,Happy
Mente labirinto,Happy
Muro invisibile,Happy
Feeling creative,Happy
Feeling inspired,Happy
Feeling positive,Happy
Just hanging out,Happy
Living mindfully,Happy
Sharing the love,Happy
Spreading smiles,Happy
amor menos drama,Happy
y sigue adelante,Happy
momentos grandes,Happy
es mi superpoder,Happy
Si puedes puedes,Happy
La vida es corta,Happy
Cuando tu cambia,Happy
La vida es bella,Happy
Brilla sin miedo,Happy
Brilla sin temor,Happy
Hoy toca brillar,Happy
Vive el presente,Happy
feliz sin motivo,Happy
Cree en la magia,Happy
Agradece y feliz,Happy
feliz sin alguna,Happy
pasos en grandes,Happy
Mi mente agotada,Happy
Todo a su tiempo,Happy
Un paso a la vez,Happy
A veces menos es,Happy
Solo viendo pasa,Happy
Pausa y seguimos,Happy
y en lo que hago,Happy
Disfrutando la y,Happy
Un sin novedades,Happy
Silencio y calma,Happy
y conversaciones,Happy
La soledad es mi,Happy
Me duele el alma,Happy
Me duele existir,Happy
Mi es una piedra,Happy
No quiero seguir,Happy
No soportar esto,Happy
No en momento me,Happy
No soy ni quiero,Happy
Mi hecho pedazos,Happy
agota relaciones,Happy
busco equilibrio,Happy
No manejar tanta,Happy
Objetividad y en,Happy
El me robando la,Happy
Mi sento apatico,Happy
Non sento niente,Happy
La sottovalutata,Happy
La la mia ancora,Happy
Viaggiare vivere,Happy
Ogni passo conta,Happy
Dove calma forza,Happy
Vivi ama sorridi,Happy
Sei la mia dolce,Happy
Sogni realizzati,Happy
Sentirsi liberoa,Happy
Un cuore leggero,Happy
La stare insieme,Happy
Unondata di pura,Happy
La unopera darte,Happy
Pace interiore e,Happy
La pace mi abita,Happy
La mi accompagna,Happy
Non ce la faccio,Happy
Silenzio urlante,Happy
Connessione zero,Happy
Esistenza cenere,Happy
Esistenza spenta,Happy
Appartenenza eco,Happy
Holding onto hope,Happy
Choose joy always,Happy
Enjoying the view,Happy
Feeling empowered,Happy
Feeling energized,Happy
Feeling fantastic,Happy
Feeling motivated,Happy
Feeling refreshed,Happy
Laughing out loud,Happy
Living truthfully,Happy
Living with grace,Happy
Barely holding on,Happy
My nerves are bad,Happy
Need a clear head,Happy
Need a simple day,Happy
Need to slow down,Happy
So many deadlines,Happy
que la vida vuela,Happy
el mundo necesita,Happy
Vive ama y repite,Happy
Que la te siempre,Happy
Aprecia las cosas,Happy
Baila bajo el sol,Happy
Vive intensamente,Happy
Ama cada instante,Happy
momentos de en el,Happy
Un en mi historia,Happy
Mi ha sido normal,Happy
A veces la es una,Happy
en la creatividad,Happy
Paz en la soledad,Happy
lleno de gratitud,Happy
Calma en la plena,Happy
en la simplicidad,Happy
Hoy mi en balance,Happy
Lleno de positiva,Happy
Un para ser feliz,Happy
El silencio es mi,Happy
La tristeza es mi,Happy
La vida sigue sin,Happy
Me duele respirar,Happy
No puedo soportar,Happy
No soy suficiente,Happy
No veo una salida,Happy
consume vitalidad,Happy
Si necesitas dime,Happy
El me consumiendo,Happy
Routine mattutina,Happy
La vita difficile,Happy
La si trova nella,Happy
La bellezza della,Happy
La la mia melodia,Happy
La la mia bussola,Happy
Sorridi sei bello,Happy
Sorridi alla vita,Happy
Il movimento vita,Happy
Semplicemente noi,Happy
La il nuovo lusso,Happy
Risate senza fine,Happy
La vita un regalo,Happy
Che gioia immensa,Happy
La vita una festa,Happy
Montagne di gioia,Happy
Giardino di gioia,Happy
Paesaggi di gioia,Happy
Sentieri di gioia,Happy
Un cuore che ride,Happy
Insieme la grande,Happy
La danza nellaria,Happy
Godi ogni istante,Happy
Vivi ogni sorriso,Happy
La gioia mi eleva,Happy
Troppe da gestire,Happy
Unenergia nervosa,Happy
La a concentrarsi,Happy
La a farsi notare,Happy
La a farsi capire,Happy
Sto per esplodere,Happy
La vita un casino,Happy
Sto per scoppiare,Happy
Appartenenza zero,Happy
Condivisione zero,Happy
Connessione rotta,Happy
Blissfully content,Happy
Just being present,Happy
Just riding it out,Happy
Making today count,Happy
On a new adventure,Happy
Soaking up the sun,Happy
Feeling the strain,Happy
My nerves are shot,Happy
Need a distraction,Happy
No rush just vibes,Happy
Baila canta y vive,Happy
sin miedo vive sin,Happy
Hoy brillar fuerte,Happy
Cuando todo cambia,Happy
la vida te mirando,Happy
Cuando todo mejora,Happy
El sol brilla y yo,Happy
Hoy toca ser feliz,Happy
Vive sin miedo sin,Happy
La felicidad es un,Happy
es gratis a diario,Happy
Lo mejor por venir,Happy
La en los detalles,Happy
Hoy con luz propia,Happy
el sol en nublados,Happy
Comparte felicidad,Happy
Ama con intensidad,Happy
Contagia felicidad,Happy
No lidiar con este,Happy
la persona que ser,Happy
Todo se siente tan,Happy
la de tranquilidad,Happy
Todo es tan pesado,Happy
para sanar el alma,Happy
Fuerza en la mutua,Happy
No lidiar con esta,Happy
Solo un en la vida,Happy
momentos gran vida,Happy
Un de paz interior,Happy
Paz en el presente,Happy
Calma en la rutina,Happy
Decisiones seguras,Happy
Un sin sobresaltos,Happy
Me siento con mi a,Happy
Todo bien tal como,Happy
Nada tiene sentido,Happy
No hay para seguir,Happy
No seguir adelante,Happy
agota relaciones y,Happy
Agotamiento mental,Happy
Ansiedad constante,Happy
Nessuno mi capisce,Happy
La la chiave della,Happy
La vita unopportun,Happy
La vita un viaggio,Happy
Dove un amico casa,Happy
La fatta di attimi,Happy
Non arrenderti mai,Happy
Ogni istante conta,Happy
Lamore la risposta,Happy
Amore senza limiti,Happy
Il viaggio la meta,Happy
Ti porto nel cuore,Happy
Con te sono a casa,Happy
Sei il mio destino,Happy
La gioia di vivere,Happy
Passeggiata felice,Happy
In compagnia della,Happy
Connessioni felici,Happy
Piccoli momenti di,Happy
Vivi ogni emozione,Happy
La uneco di risate,Happy
La gioia unonda di,Happy
La che mi completa,Happy
La unesplosione di,Happy
La a farsi sentire,Happy
Non so dove andare,Happy
Non capisco niente,Happy
La a provare gioia,Happy
La unillusione non,Happy
Palcoscenico vuoto,Happy
Dont worry be happy,Happy
Its a beautiful day,Happy
Sunkissed and happy,Happy
Just being here now,Happy
Just taking a pause,Happy
Ordinary but golden,Happy
Just taking a break,Happy
Just taking it easy,Happy
Living courageously,Happy
Living my best life,Happy
Living passionately,Happy
Living with purpose,Happy
Making today bright,Happy
Savoring the moment,Happy
Sending good energy,Happy
Feeling the squeeze,Happy
Feeling the tension,Happy
Just trying my best,Happy
Just trying to cope,Happy
My body feels tense,Happy
My head is spinning,Happy
My patience is gone,Happy
Need a pause button,Happy
Need a quiet corner,Happy
Need a way to relax,Happy
So much on my plate,Happy
Hoy es un gran para,Happy
La vida es corta al,Happy
Hoy mi es ser feliz,Happy
La vida es bella al,Happy
Hoy sin solo porque,Happy
Hoy es un buen para,Happy
Disfruta el momento,Happy
de amor y felicidad,Happy
Cada sonrisa cuenta,Happy
La felicidad es una,Happy
Disfruta sin prisas,Happy
a la vida y ella te,Happy
Hoy elijo ser feliz,Happy
feliz hoy y siempre,Happy
Todo parece borroso,Happy
No salir de esta de,Happy
Todo es un esfuerzo,Happy
Todo se siente gris,Happy
Vivir y dejar vivir,Happy
Observando el mundo,Happy
Ni bien ni mal solo,Happy
Hoy mi mente en paz,Happy
Hoy todo en balance,Happy
Otro productivo sin,Happy
Confianza en el ser,Happy
Agradecida por este,Happy
Sonriendo a la vida,Happy
Un para agradecer y,Happy
El dolor me consume,Happy
La me ha paralizado,Happy
La soledad me ahoga,Happy
Me duele estar vivo,Happy
Me siento invisible,Happy
Mi lleno de sombras,Happy
Nadie lo que siento,Happy
No encontrar la paz,Happy
No si soportar otro,Happy
No si quiero seguir,Happy
pudiera desaparecer,Happy
Sigo pero ya no por,Happy
El drenando toda mi,Happy
No lidiar con tanto,Happy
Siento que no puedo,Happy
Aspettando lautobus,Happy
Tempo per me stesso,Happy
Guardando le nuvole,Happy
Un passo alla volta,Happy
Vorrei solo sparire,Happy
La vita prevedibile,Happy
La vita da cogliere,Happy
Linverno magia pura,Happy
Un amico per sempre,Happy
La gioia contagiosa,Happy
Oggi meglio di ieri,Happy
Il mare la mia pace,Happy
La bellezza ovunque,Happy
Limportante esserci,Happy
e pensieri positivi,Happy
Vivi con entusiasmo,Happy
Sei la mia fonte di,Happy
Vivere ogni istante,Happy
Sole dentro e fuori,Happy
Ogni giorno un dono,Happy
In viaggio verso la,Happy
Con te la garantita,Happy
Amore puro infinita,Happy
La unalba interiore,Happy
Vivere con passione,Happy
Un cuore che brilla,Happy
La nel fare che ami,Happy
La un dono prezioso,Happy
La unarte di vivere,Happy
Unansia strisciante,Happy
Aiuto sono in crisi,Happy
La a chiedere aiuto,Happy
La mia anima stanca,Happy
Mi sento un po oggi,Happy
Oggi nulla ha senso,Happy
Niente ha piu senso,Happy
Cheers to happy days,Happy
Happiness over money,Happy
Living and loving it,Happy
A quiet perseverance,Happy
Just riding the wave,Happy
Just taking a breath,Happy
Just taking a moment,Happy
Soaking in the quiet,Happy
Capturing the moment,Happy
Dont just exist live,Happy
Enjoying the company,Happy
Exploring new places,Happy
Living a life I love,Happy
Living authentically,Happy
Living with kindness,Happy
Making today amazing,Happy
Making today special,Happy
Spreading positivity,Happy
Surviving but barely,Happy
No fight left inside,Happy
Feeling the pressure,Happy
My brain feels foggy,Happy
My nerves are frayed,Happy
Need a mental escape,Happy
Sipping on stillness,Happy
Siempre hay una para,Happy
El sol brilla cuando,Happy
Cada es un regalo al,Happy
Un sin es un perdido,Happy
Baila bajo la lluvia,Happy
Vive hoy es incierto,Happy
de gente que te haga,Happy
Hoy decido ser feliz,Happy
Hoy toca ser felices,Happy
La es un hoy un poco,Happy
la de por algo nuevo,Happy
la de estar motivado,Happy
la felicidad genuina,Happy
en recuerdos felices,Happy
Belleza en lo simple,Happy
Me dejar de sentirme,Happy
Me encontrar un real,Happy
cuando la vida color,Happy
Viviendo el presente,Happy
Otro en mi del mundo,Happy
En paz con el ligero,Happy
Momentos simples del,Happy
Hoy todo en su lugar,Happy
Lo normal es hermoso,Happy
Sencillez y Gratitud,Happy
Paz en la constancia,Happy
Paz en la naturaleza,Happy
Nada de hoy solo paz,Happy
Simplemente viviendo,Happy
La vida es un regalo,Happy
Abriendo mi al mundo,Happy
Recargando con calma,Happy
Un de paz y gratitud,Happy
El presente mi mejor,Happy
Con el alma en calma,Happy
La es una silenciada,Happy
Me odio por sentirme,Happy
Me siento por dentro,Happy
Mi alma en constante,Happy
Nada de esto importa,Happy
No encuentro la para,Happy
No explicar mi dolor,Happy
No llenar este en mi,Happy
No si alguna vez paz,Happy
Quisiera ser alguien,Happy
Me tener horas en el,Happy
Me tener un solo sin,Happy
digital olvido ruido,Happy
Necesito un de pausa,Happy
El me robando la paz,Happy
constante sin alivio,Happy
Ascolta il tuo cuore,Happy
Ogni giorno speciale,Happy
Sogna esplora scopri,Happy
Il sole dentro di me,Happy
Un giorno alla volta,Happy
Oggi un nuovo inizio,Happy
Cuore pieno di amore,Happy
risate meno problemi,Happy
Con te il tempo vola,Happy
Il mondo la mia casa,Happy
La vita dolce con te,Happy
Il tempo con te vola,Happy
Buon cibo buon umore,Happy
Essere felici unarte,Happy
La gratitudine porta,Happy
Vivi la vita che ami,Happy
Respira sorridi vivi,Happy
Amore ridere insieme,Happy
Lamore vero semplice,Happy
Cuore pieno di gioia,Happy
Semplicemente felice,Happy
Oggi niente fermarmi,Happy
Sotto il sole felice,Happy
La nei piccoli gesti,Happy
La un raggio di luce,Happy
Un sorriso al giorno,Happy
Attimi di pura gioia,Happy
Momenti da custodire,Happy
Giorni di pura gioia,Happy
Giorni di pura magia,Happy
Vivere con ottimismo,Happy
La unavventura buffa,Happy
La che mi appassiona,Happy
Mi sento sopraffatto,Happy
La testa che scoppia,Happy
La a farsi ascoltare,Happy
Non riesco a dormire,Happy
La a provare empatia,Happy
La a provare piacere,Happy
La a trovare un moto,Happy
Non capisco mi sento,Happy
Tutto sembra pesante,Happy
Happiness is a choice,Happy
Happiness is homemade,Happy
Happy mind happy life,Happy
Smile big laugh often,Happy
Sunkissed and smiling,Happy
A quiet determination,Happy
Finding my way slowly,Happy
Still waters run deep,Happy
Embracing the journey,Happy
Just happy to be here,Happy
Just taking it all in,Happy
Living in the present,Happy
Living with gratitude,Happy
Living with intention,Happy
On a little adventure,Happy
Sleep I dont know her,Happy
No energy to even try,Happy
Just trying to manage,Happy
My nerves are on edge,Happy
Cada es un regalo con,Happy
La vida es una fiesta,Happy
Amar y ese es el plan,Happy
Mi lleno de felicidad,Happy
Haz de lo que te hace,Happy
Que cada sea un feliz,Happy
soleado alma radiante,Happy
Que la sea mi bandera,Happy
Mi mood felicidad sin,Happy
Hoy brillas que nunca,Happy
Vibrando con positiva,Happy
Que la te donde vayas,Happy
que la vida te viendo,Happy
La risa es contagiosa,Happy
Vive como si fuera el,Happy
Disfruta cada momento,Happy
Brilla y deja brillar,Happy
No hay nada imposible,Happy
feliz hoy es incierto,Happy
La es tu mejor aliada,Happy
Vive con y amor en el,Happy
de personas que sumen,Happy
Buscando motivos para,Happy
La pero sigo adelante,Happy
Me cuesta mantener la,Happy
Lo simple es lo mejor,Happy
Mi mente en calma hoy,Happy
Hoy mi y mi cabeza en,Happy
Reflexivo encontrando,Happy
Hoy mi mente en calma,Happy
Sin expectativas solo,Happy
Sin altibajos solo un,Happy
Siento la de vivir en,Happy
Todo bajo control sin,Happy
Un sin complicaciones,Happy
Todo se siente en hoy,Happy
Disfrutando del viaje,Happy
Estoy agotado de todo,Happy
Estoy cansado de este,Happy
Estoy roto en pedazos,Happy
Estoy roto por dentro,Happy
Me siento como un sin,Happy
No hay esperanza para,Happy
No veo un futuro para,Happy
el sol brille un poco,Happy
Un roto buscando amor,Happy
Un buscando un eco de,Happy
Ya no hay resistencia,Happy
El me pasando factura,Happy
Mi se agota demasiado,Happy
Todo me pesa el doble,Happy
sincera en relaciones,Happy
Mente clara tranquilo,Happy
La me pasando factura,Happy
Semplicemente vivendo,Happy
Ogni giorno una nuova,Happy
Sorridi la vita bella,Happy
La si trova nel cuore,Happy
Equilibrio amore pace,Happy
La mente serena porta,Happy
e vanno di pari passo,Happy
Con te tutto ha senso,Happy
sorrisi meno problemi,Happy
Insieme sempre meglio,Happy
La nelle piccole cose,Happy
Ti voglio bene sempre,Happy
La forza dentro di te,Happy
Osserva impara cresci,Happy
Ogni giorno un regalo,Happy
Viaggia esplora sogna,Happy
Trasforma le sfide in,Happy
Ogni giorno ti amo di,Happy
La vita bella con voi,Happy
Solo buone vibrazioni,Happy
Ogni giorno una festa,Happy
Tra le colline felici,Happy
Amore che illumina la,Happy
La tua presenza porta,Happy
Unesplosione di gioia,Happy
La un tesoro nascosto,Happy
Vivere con leggerezza,Happy
La un dono quotidiano,Happy
La gioia nei dettagli,Happy
La unesperienza unica,Happy
La unenergia positiva,Happy
Gioia come una favola,Happy
La unemozione giocosa,Happy
La unalba di speranza,Happy
Il mio cuore danza di,Happy
Creare ricordi felici,Happy
La un rifugio di pace,Happy
La un momento di pura,Happy
Solo voglio una pausa,Happy
A volte mi sento come,Happy
Unangoscia silenziosa,Happy
La a gestire le paure,Happy
La a farsi apprezzare,Happy
La a farsi rispettare,Happy
Il traffico mi uccide,Moderately Depressed
La a trovare speranza,Moderately Depressed
La a trovare un ritmo,Moderately Depressed
La a trovare un volto,Moderately Depressed
La a trovare una luce,Moderately Depressed
Non mai un momento di,Moderately Depressed
Non trovo motivazione,Moderately Depressed
Ogni pensiero un peso,Moderately Depressed
Uneco di vuoto dentro,Moderately Depressed
Good vibes only always,Moderately Depressed
This is my happy place,Moderately Depressed
Just feeling the feels,Moderately Depressed
Just observing for now,Moderately Depressed
Letting go of the past,Moderately Depressed
Letting the day unfold,Moderately Depressed
Letting the world spin,Moderately Depressed
The weight is familiar,Moderately Depressed
Be a voice not an echo,Moderately Depressed
Discovering new things,Moderately Depressed
Exploring new horizons,Moderately Depressed
Feeling grateful today,Moderately Depressed
Finding my happy place,Moderately Depressed
If you love it post it,Moderately Depressed
Just doing what I love,Moderately Depressed
Just embracing the day,Moderately Depressed
Just enjoying the ride,Moderately Depressed
Just me doing my thing,Moderately Depressed
Just taking a breather,Moderately Depressed
Living in the sunshine,Moderately Depressed
Making today memorable,Moderately Depressed
Sending love and light,Moderately Depressed
Smiling through it all,Moderately Depressed
Sunkissed and carefree,Moderately Depressed
Everything feels heavy,Moderately Depressed
Just trying to hold on,Moderately Depressed
Just trying to make it,Moderately Depressed
Need a moment to reset,Moderately Depressed
Need to breathe deeply,Moderately Depressed
So much to think about,Moderately Depressed
Las risas nunca sobran,Moderately Depressed
La vida es corta baila,Moderately Depressed
Solo buenas vibras por,Moderately Depressed
Amor risas y infalible,Moderately Depressed
Vive con ama sin miedo,Moderately Depressed
ÂQue hoy sea tan como,Moderately Depressed
La es mi motor de cada,Moderately Depressed
Viviendo mi mejor cada,Moderately Depressed
La vida es un festival,Moderately Depressed
La magia en la actitud,Moderately Depressed
La risa es mi favorita,Moderately Depressed
Hoy de la mi prioridad,Moderately Depressed
sin motivo y cambia tu,Moderately Depressed
La vida es un carnaval,Moderately Depressed
Ama la vida que tienes,Moderately Depressed
Disfruta cada instante,Moderately Depressed
Que la risa te siempre,Moderately Depressed
Disfruta lo que tienes,Moderately Depressed
La es el mejor perfume,Moderately Depressed
que la vida es hermosa,Moderately Depressed
Buscando en los logros,Moderately Depressed
la tranquilidad mental,Moderately Depressed
Me encontrar la de que,Moderately Depressed
la de que sin esfuerzo,Moderately Depressed
Me que todo esto fuera,Moderately Depressed
La mente cansada busca,Moderately Depressed
La vida sigue su curso,Moderately Depressed
disfrutando el momento,Moderately Depressed
No mucho que decir hoy,Moderately Depressed
La me roba el la calma,Moderately Depressed
Sigo con mi rutina sin,Moderately Depressed
Un sin caos es un buen,Moderately Depressed
Pleno sin ni carencias,Moderately Depressed
Creativo y libre en mi,Moderately Depressed
Viviendo con y sentido,Moderately Depressed
Hoy todo en equilibrio,Moderately Depressed
Todo llega a su tiempo,Moderately Depressed
La paz en los detalles,Moderately Depressed
Un con la mente en paz,Moderately Depressed
Sin preocupaciones sin,Moderately Depressed
Hoy no busco solo vivo,Moderately Depressed
Todo en su punto justo,Moderately Depressed
Hoy simplemente existo,Moderately Depressed
fluye vital y presente,Moderately Depressed
Paz en con lo esencial,Moderately Depressed
Abrazando la serenidad,Moderately Depressed
Instantes de pura vida,Moderately Depressed
Un para ser agradecido,Moderately Depressed
Estoy agotado de vivir,Moderately Depressed
La tristeza me consume,Moderately Depressed
Me duele hasta el alma,Moderately Depressed
Mi roto y no repararlo,Moderately Depressed
Mi sonrisa es solo una,Moderately Depressed
Nadie nota mi ausencia,Moderately Depressed
No si soportarlo mucho,Moderately depressed
No tengo ganas de nada,Moderately depressed
Todo es demasiado para,Moderately Depressed
Todo me pesa demasiado,Moderately Depressed
Un roto buscando sanar,Moderately Depressed
Un que no conoce fondo,Moderately Depressed
La de que nada importa,Moderately Depressed
La nunca se va siempre,Moderately Depressed
No sostener esta carga,Moderately Depressed
El absorbiendo toda mi,Moderately Depressed
Laberinto de me pierdo,Moderately Depressed
agota emocional alivio,Moderately Depressed
No aguantar este ritmo,Moderately Depressed
La me tiene paralizado,Moderately Depressed
Siento la tensa por el,Moderately Depressed
Leggendo un buon libro,Moderately Depressed
Momenti di riflessione,Moderately Depressed
Osservando il tramonto,Moderately Depressed
La vita noiosa a volte,Moderately Depressed
Trovare bellezza nella,Moderately Depressed
Pace e in ogni momento,Moderately Depressed
Se lo sogni puoi farlo,Moderately Depressed
Fallisci impara cresci,Moderately Depressed
Respira rilassati vivi,Moderately Depressed
Il mare il mio rifugio,Moderately Depressed
Dove mi porta il cuore,Moderately Depressed
Cibo buono vita felice,Moderately Depressed
La vita bella goditela,Moderately Depressed
Insieme siamo perfetti,Moderately Depressed
Il vero amore semplice,Moderately Depressed
Trova equilibrio nella,Moderately Depressed
Lascia che la ti trovi,Moderately Depressed
Ogni mattina una nuova,Moderately Depressed
Un giorno da ricordare,Moderately Depressed
Ballo sotto la pioggia,Moderately Depressed
La contagiosa spargila,Moderately Depressed
Lamore riempie la vita,Moderately Depressed
In campagna la di casa,Moderately Depressed
Sotto le stelle felici,Moderately Depressed
In riva al mare felice,Moderately Depressed
In montagna gioia pura,Moderately Depressed
Momenti felici insieme,Moderately Depressed
Sentirsi a casa con te,Moderately Depressed
La un profumo nellaria,Moderately Depressed
Uneco di risate felici,Moderately Depressed
La nelle cose semplici,Moderately Depressed
Piccoli piaceri grande,Moderately Depressed
La unarte da coltivare,Moderately Depressed
Vivere con gratitudine,Moderately Depressed
Trovare la gioia nella,Moderately Depressed
Vivere con compassione,Moderately Depressed
Il mio essere vibra di,Moderately Depressed
Sento una che mi eleva,Moderately Depressed
Il mio animo in estasi,Moderately Depressed
La unarmonia tra cuori,Moderately Depressed
La unarmonia tra anime,Moderately Depressed
La unarmonia dellanima,Moderately Depressed
Quando questa giornata,Moderately Depressed
Unoppressione al petto,Moderately Depressed
Unagitazione interiore,Moderately Depressed
Unimpazienza crescente,Moderately Depressed
La mente che si blocca,Moderately Depressed
La a farsi valorizzare,Moderately Depressed
Non riesco a respirare,Moderately Depressed
Ho bisogno di un drink,Moderately Depressed
Il respiro un po corto,Moderately Depressed
Il respiro un po lento,Moderately Depressed
La a credere nellamore,Moderately Depressed
La a trovare interesse,Moderately Depressed
La a trovare un futuro,Moderately Depressed
La a trovare una forma,Moderately Depressed
La leggerezza unutopia,Moderately Depressed
Non luce solo infinita,Moderately Depressed
La mia vita un inferno,Moderately Depressed
Non luce solo profonda,Moderately Depressed
Non trovo il mio posto,Moderately Depressed
Blooming with happiness,Moderately Depressed
Happiness is contagious,Moderately Depressed
Happiness is in the air,Moderately Depressed
The best is yet to come,Moderately Depressed
This happiness 100 real,Moderately Depressed
Embracing the quiet hum,Moderately Depressed
Embracing the slow burn,Moderately Depressed
Embracing the slow pace,Moderately Depressed
Embracing the stillness,Moderately Depressed
Finding small victories,Moderately Depressed
Holding onto small joys,Moderately Depressed
Hollow eyes heavy heart,Moderately Depressed
In search of inner calm,Moderately Depressed
A moment frozen in time,Moderately Depressed
Making today a good one,Moderately Depressed
Taking life as it comes,Moderately Depressed
Everything feels urgent,Moderately Depressed
Feeling like Im on edge,Moderately Depressed
My brain is on overload,Moderately Depressed
Hoy ser feliz y nada me,Moderately Depressed
Respira disfruta repite,Moderately Depressed
Hoy es un buen para ser,Moderately Depressed
Haz lo que amas y feliz,Moderately Depressed
Viviendo con gratitud y,Moderately Depressed
Hoy es un perfecto para,Moderately Depressed
Si es con amor es mejor,Moderately Depressed
Hoy me siento imparable,Moderately Depressed
feliz alma ligera lleno,Moderately Depressed
Solo vibras bonitas por,Moderately Depressed
Rodeado de amor y buena,Moderately Depressed
Hoy todo brilla un poco,Moderately Depressed
cosas hacen los grandes,Moderately Depressed
Cada trae algo especial,Moderately Depressed
Nada detiene a un feliz,Moderately Depressed
Hoy estoy en modo total,Moderately Depressed
No busques la felicidad,Moderately Depressed
La vida es un regalo al,Moderately Depressed
La es la mejor medicina,Moderately Depressed
Hoy es un buen para sin,Moderately Depressed
Hoy me con ganas de sin,Moderately Depressed
Cuando el mundo contigo,Moderately Depressed
La en cada paso que das,Moderately Depressed
brilla y sigue adelante,Moderately Depressed
No esperes la felicidad,Moderately Depressed
feliz con lo que tienes,Moderately Depressed
La risa es para el alma,Moderately Depressed
Elige la felicidad cada,Moderately Depressed
Fingir estar bien cansa,Moderately Depressed
Cada se siente como una,Moderately Depressed
Quiero sentir paz en mi,Moderately Depressed
Me que las cosas fueran,Moderately Depressed
Todo parece y sin color,Moderately Depressed
No salir de este estado,Moderately Depressed
la paz mental que antes,Moderately Depressed
Todo se siente tan gris,Moderately Depressed
Me siento sin sin rumbo,Moderately Depressed
Estoy perdiendo en todo,Moderately Depressed
Me recuperar mi esencia,Moderately Depressed
No hay prisa todo llega,Moderately Depressed
No todos los son y bien,Moderately Depressed
Lo normal es suficiente,Moderately Depressed
Un perfectamente normal,Moderately Depressed
simples son importantes,Moderately Depressed
Todo en su justa medida,Moderately Depressed
La normalidad es bonita,Moderately Depressed
Hoy todo se siente bien,Moderately Depressed
Hoy solo me dejo llevar,Moderately Depressed
Hoy agradezco lo simple,Moderately Depressed
Siento paz cultivando y,Moderately Depressed
La simplicidad llena de,Moderately Depressed
Belleza en autenticidad,Moderately Depressed
Paz en aceptar el fluir,Moderately Depressed
Apreciando los detalles,Moderately Depressed
Confiando en el proceso,Moderately Depressed
La vida es una aventura,Moderately Depressed
pausas grandes sonrisas,Moderately Depressed
placeres gran felicidad,Moderately Depressed
Estoy agotado de ser yo,Moderately Depressed
Estoy cansado de luchar,Moderately Depressed
He olvidado pedir ayuda,Moderately Depressed
La es una flor marchita,Moderately Depressed
La esperanza es un roto,Moderately Depressed
La soledad es lo que me,Moderately Depressed
La tristeza es mi amiga,Moderately Depressed
La tristeza nunca se va,Moderately Depressed
Me siento como un error,Moderately Depressed
Mi es una isla desierta,Moderately Depressed
Nada cambia nada mejora,Moderately Depressed
Nada importa ya todo es,Moderately Depressed
Nadie el peso que cargo,Moderately Depressed
No hay luz al final del,Moderately Depressed
No puedo con este dolor,Moderately Depressed
No si alguna vez la paz,Moderately Depressed
pudiera volver a sentir,Moderately Depressed
Solo quiero desaparecer,Moderately Depressed
Un alma herida buscando,Moderately Depressed
La de que no hay salida,Moderately Depressed
Quisiera que todo fuera,Moderately Depressed
No puedo con esta carga,Moderately Depressed
El ganando esta batalla,Moderately Depressed
La vida sigue y yo sigo,Moderately Depressed
Calma meditativa centro,Moderately Depressed
Silencio profundo clara,Moderately Depressed
Ansiedad bloquea libero,Moderately Depressed
Estoy al de mis fuerzas,Moderately Depressed
La me tiene sin fuerzas,Moderately Depressed
Una giornata come tante,Moderately Depressed
Camminando senza fretta,Moderately Depressed
Ogni giorno porta nuove,Moderately Depressed
La calma un superpotere,Moderately Depressed
Sentirsi grati per ogni,Moderately Depressed
La gioia la mia bussola,Moderately Depressed
Lavora duro sogna forte,Moderately Depressed
La vita fatta di attimi,Moderately Depressed
Perdersi per ritrovarsi,Moderately Depressed
Un sorriso cambia tutto,Moderately Depressed
Trova il tuo equilibrio,Moderately Depressed
Semplicemente me stesso,Moderately Depressed
Sei il mio posto felice,Moderately Depressed
Un vero amico un tesoro,Moderately Depressed
Energia positiva sempre,Moderately Depressed
Un amico un tesoro raro,Moderately Depressed
Fai che ami ama che fai,Moderately Depressed
Ama e accetta te stesso,Moderately Depressed
Il sole scalda il cuore,Moderately Depressed
Coltiva pensieri felici,Moderately Depressed
Amare condividere sogni,Moderately Depressed
La mia seconda famiglia,Moderately Depressed
La un sorriso condiviso,Moderately Depressed
La un abbraccio sincero,Moderately Depressed
Il cuore pieno di gioia,Moderately Depressed
Il mare mi rende felice,Moderately Depressed
Momenti di gioia con te,Moderately Depressed
La gioia di condividere,Moderately Depressed
Uneco di momenti felici,Moderately Depressed
Uneco di sorrisi felici,Moderately Depressed
La un viaggio interiore,Moderately Depressed
Momenti di pura armonia,Moderately Depressed
Trovare la gioia dentro,Moderately Depressed
La un rifugio interiore,Moderately Depressed
La unemozione autentica,Moderately Depressed
La unavventura creativa,Moderately Depressed
Vivere con impegno ogni,Moderately Depressed
La unemozione frizzante,Moderately Depressed
La una magia quotidiana,Moderately Depressed
Il mio spirito in festa,Moderately Depressed
Sento una pace profonda,Moderately Depressed
La una quiete ritrovata,Moderately Depressed
La gioia uneco costante,Moderately Depressed
La un dialogo interiore,Moderately Depressed
La unarmonia di sogni e,Moderately Depressed
La unarmonia silenziosa,Moderately Depressed
Sento la come unonda di,Moderately Depressed
La unesperienza di pura,Moderately Depressed
Troppe cose nella testa,Moderately Depressed
La a rilassare il corpo,Moderately Depressed
La a gestire i problemi,Moderately Depressed
Il mio cervello un caos,Moderately Depressed
Non ho tempo per niente,Moderately Depressed
La burocrazia un incubo,Moderately Depressed
La a provare entusiasmo,Moderately Depressed
La a trovare amici veri,Moderately Depressed
La a trovare un profumo,Moderately Depressed
La a trovare un ricordo,Moderately Depressed
La a trovare una parola,Moderately Depressed
La a trovare una svolta,Moderately Depressed
Uneco di che mi avvolge,Moderately Depressed
Uninerzia che mi blocca,Moderately Depressed
Mi sento perso nel buio,Moderately Depressed
La unombra che mi segue,Moderately Depressed
Find joy in the ordinary,Moderately Depressed
Nothing fancy just happy,Moderately Depressed
The art of being present,Moderately Depressed
A quiet kind of strength,Moderately Depressed
Finding moments of grace,Moderately Depressed
Finding solace in nature,Moderately Depressed
Holding space for myself,Moderately Depressed
Letting the worries fade,Moderately Depressed
New painting in progress,Moderately Depressed
The silence is deafening,Moderately Depressed
Tired eyes restless mind,Moderately Depressed
A pause between chapters,Moderately Depressed
Another adventure awaits,Moderately Depressed
Balancing work and peace,Moderately Depressed
Cherishing these moments,Moderately Depressed
Dancing with my thoughts,Moderately Depressed
Feeling inspired by this,Moderately Depressed
Feeling lucky to be here,Moderately Depressed
Finding happiness within,Moderately Depressed
Just going with the flow,Moderately Depressed
Sharing a smile with you,Moderately Depressed
Just existing not living,Moderately Depressed
Silent battles loud mind,Moderately Depressed
Simplicity is underrated,Moderately Depressed
Smiling without a reason,Moderately Depressed
Everything feels chaotic,Moderately Depressed
Feeling like Im drowning,Moderately Depressed
Just trying to handle it,Moderately Depressed
Just trying to stay calm,Moderately Depressed
Minding my own happiness,Moderately Depressed
My anxiety is my copilot,Moderately Depressed
My mind wont stop racing,Moderately Depressed
Need a change of scenery,Moderately Depressed
Need a good nights sleep,Moderately Depressed
Need a moment of silence,Moderately Depressed
Need some time to myself,Moderately Depressed
So many responsibilities,Moderately Depressed
Vibra bonito y todo bien,Moderately Depressed
Nada brilla que un feliz,Moderately Depressed
Cada trae una nueva para,Moderately Depressed
Si puedes puedes hacerlo,Moderately Depressed
El sol brilla mi sonrisa,Moderately Depressed
Vivir sin amar sin miedo,Moderately Depressed
Brilla con tu propia luz,Moderately Depressed
La felicidad es la mejor,Moderately Depressed
Llena tu vida de color y,Moderately Depressed
Siempre hay razones para,Moderately Depressed
Nada bonito que un feliz,Moderately Depressed
Ser feliz es una y yo ya,Moderately Depressed
Nada ni nadie mi luz hoy,Moderately Depressed
Cada es una en blanco de,Moderately Depressed
Hoy el sol brilla fuerte,Moderately Depressed
Haz de cada una aventura,Moderately Depressed
La vida es bonita cuando,Moderately Depressed
Ser feliz no cuesta nada,Moderately Depressed
Haz lo que te haga feliz,Moderately Depressed
La es el mejor accesorio,Moderately Depressed
No hay para la felicidad,Moderately Depressed
La risa es un superpoder,Moderately Depressed
Siempre hay motivos para,Moderately Depressed
alguien notara lo que es,Moderately Depressed
Un poco de pero buscando,Moderately Depressed
Cada parece igual sin ni,Moderately Depressed
Me pregunto si todo esto,Moderately Depressed
Cada es una del anterior,Moderately Depressed
Me despertarme diferente,Moderately Depressed
No en momento a sentirme,Moderately Depressed
Cada parece el mismo sin,Moderately Depressed
No explicarlo pero duele,Moderately Depressed
Me poder apagar mi mente,Moderately Depressed
Me dejar de pensar tanto,Moderately Depressed
La rutina me consumiendo,Moderately Depressed
sentirme seguro de mismo,Moderately Depressed
Me recordar se siente la,Moderately Depressed
Mente tranquila sencillo,Moderately Depressed
Sin drama sin normalidad,Moderately Depressed
A veces la rutina es una,Moderately Depressed
Mente despejada en calma,Moderately Depressed
aire fresco y un poco de,Moderately Depressed
Estado emocional estable,Moderately Depressed
Orden y eficiencia en mi,Moderately Depressed
Libre y sin limitaciones,Moderately Depressed
En calma sin ansiedad ni,Moderately Depressed
Disfrutando del silencio,Moderately Depressed
Todo fluye como debe ser,Moderately Depressed
Viendo la vida con calma,Moderately Depressed
Fluyendo sin forzar nada,Moderately Depressed
La serenidad es mi mejor,Moderately Depressed
Siento paz al cultivar y,Moderately Depressed
Un para vivir y aprender,Moderately Depressed
Nada que cambiar todo en,Moderately Depressed
La rutina tiene su magia,Moderately Depressed
Hoy la calma es mi mejor,Moderately Depressed
Aprecio la calma de este,Moderately Depressed
Agradezco la equilibrada,Moderately Depressed
Libertad de ser yo mismo,Moderately Depressed
Belleza en la diversidad,Moderately Depressed
Gratitud por crecimiento,Moderately Depressed
Claridad en cada detalle,Moderately Depressed
Disfrutando del presente,Moderately Depressed
Momentos simples grandes,Moderately Depressed
Dejando fluir el momento,Moderately Depressed
Un instante de paz en el,Moderately Depressed
Viviendo momentos de luz,Moderately Depressed
Estoy agotado de existir,Moderately Depressed
Estoy en mi propio dolor,Moderately Depressed
He perdido la fe en todo,Moderately Depressed
La me consume lentamente,Moderately Depressed
La me consume por dentro,Moderately Depressed
La vida es un camino sin,Moderately Depressed
La vida sigue pero yo me,Moderately Depressed
Me dormir y no despertar,Moderately Depressed
Mi es un desierto helado,Moderately Depressed
No escapar de este dolor,Moderately Depressed
No llenar este dentro de,Moderately Depressed
No si alguna vez de esto,Moderately Depressed
No tengo ganas de seguir,Moderately Depressed
Siento que no valgo nada,Moderately Depressed
Todo parece tan distante,Moderately Depressed
El dolor es mi constante,Moderately Depressed
La vida es una constante,Moderately Depressed
fue la vez que me en paz,Moderately Depressed
Todo me abruma de lo que,Moderately Depressed
Mi paciencia se agotando,Moderately Depressed
La externa me aplastando,Moderately Depressed
Cada siento que estoy al,Moderately Depressed
La cabeza llena de nudos,Moderately Depressed
El me ganando la batalla,Moderately Depressed
Buscando un oasis de paz,Moderately Depressed
Sguardo verso lorizzonte,Moderately Depressed
Ogni giorno per crescere,Moderately Depressed
La la vera essenza della,Moderately Depressed
La si trova nel presente,Moderately Depressed
Pace interiore e sorrisi,Moderately Depressed
Mente calma cuore felice,Moderately Depressed
Mente calma anima serena,Moderately Depressed
La calma la chiave della,Moderately Depressed
Aria fresca mente libera,Moderately Depressed
Amore puro cuore leggero,Moderately Depressed
La una scelta quotidiana,Moderately Depressed
I sogni non hanno limiti,Moderately Depressed
Vinci con determinazione,Moderately Depressed
Fallisci impara rialzati,Moderately Depressed
Linverno scalda il cuore,Moderately Depressed
Il sempre una buona idea,Moderately Depressed
Sii presente il resto da,Moderately Depressed
Riempi la vita di colori,Moderately Depressed
Suda oggi sorridi domani,Moderately Depressed
Lamore rende tutto bello,Moderately Depressed
Con te il mondo luminoso,Moderately Depressed
Il futuro nelle tue mani,Moderately Depressed
Camminare tra gli alberi,Moderately Depressed
Fai brillare la tua luce,Moderately Depressed
Ogni storia damore unica,Moderately Depressed
Il nostro amore infinito,Moderately Depressed
Un vero amico per sempre,Moderately Depressed
Ogni giorno per brillare,Moderately Depressed
La la chiave della gioia,Moderately Depressed
Un momento di pura magia,Moderately Depressed
Sentirsi amatoa e felice,Moderately Depressed
Legami che portano gioia,Moderately Depressed
La gioia di essere amati,Moderately Depressed
La nei sorrisi condivisi,Moderately Depressed
Uneco di gioia nel cuore,Moderately Depressed
La brilla come le stelle,Moderately Depressed
La unavventura dellanima,Moderately Depressed
La un successo personale,Moderately Depressed
Vivere con coraggio ogni,Moderately Depressed
Vivere con ogni scoperta,Moderately Depressed
La unavventura incantata,Moderately Depressed
La un sussurro interiore,Moderately Depressed
La mi avvolge dolcemente,Moderately Depressed
La una scoperta continua,Moderately Depressed
La unonda di gratitudine,Moderately Depressed
La gioia unalba di nuove,Moderately Depressed
Trovo la gioia nella mia,Moderately Depressed
La unazione che mi sfida,Moderately Depressed
La a pensare lucidamente,Moderately Depressed
La a gestire le scadenze,Moderately Depressed
La a gestire i conflitti,Moderately Depressed
La a trovare un senso di,Moderately Depressed
Sto per perdere la testa,Moderately Depressed
A volte non mi riconosco,Moderately Depressed
Il respiro un po pesante,Moderately Depressed
La a pensare chiaramente,Moderately Depressed
La a trovare un sentiero,Moderately Depressed
La leggerezza un ricordo,Moderately Depressed
Sento che nulla ha senso,Moderately Depressed
Un silenzio che non pace,Moderately Depressed
Uneco di che mi circonda,Moderately Depressed
Non vedo una via duscita,Moderately Depressed
Tutto sembra senza senso,Moderately Depressed
La mia mentale in bilico,Moderately Depressed
Non riposo solo tormento,Moderately Depressed
La un abisso senza fondo,Moderately Depressed
Uneco di che si dissolve,Moderately Depressed
Every smile tells a story,Moderately Depressed
Happiness starts with you,Moderately Depressed
Let your joy be limitless,Moderately Depressed
Loving the life Im living,Moderately Depressed
Pure joy no filter needed,Moderately Depressed
Radiating good vibes only,Moderately Depressed
Soaking up the good vibes,Moderately Depressed
Soaking up the happy rays,Moderately Depressed
Stress level Unmanageable,Moderately Depressed
Holding onto what matters,Moderately Depressed
Is it okay to not be okay,Moderately Depressed
Just breathing through it,Moderately Depressed
Letting go and letting be,Moderately Depressed
Letting the shadows dance,Moderately Depressed
Letting the silence speak,Moderately Depressed
Navigating with intention,Moderately Depressed
Trying to find my footing,Moderately Depressed
A quiet kind of happiness,Moderately Depressed
A simple day a simple joy,Moderately Depressed
Everyday magic everywhere,Moderately Depressed
Feeling content and happy,Moderately Depressed
Feeling happy and healthy,Moderately Depressed
Feeling happy and vibrant,Moderately Depressed
Just enjoying the scenery,Moderately Depressed
Living with an open heart,Moderately Depressed
Making today a day of joy,Moderately Depressed
My mind is my worst enemy,Moderately Depressed
Sharing a moment of peace,Moderately Depressed
Soaking in the good vibes,Moderately Depressed
Waking up feels pointless,Moderately Depressed
Feeling hollow and broken,Moderately Depressed
Feeling like Im losing it,Moderately Depressed
Just trying to keep going,Moderately Depressed
My thoughts are scattered,Moderately Depressed
Need a little bit of calm,Moderately Depressed
So many things on my mind,Moderately Depressed
de felicidad amor y buena,Moderately Depressed
Hoy elijo ser la mejor de,Moderately Depressed
Llena tu de amor y buenas,Moderately Depressed
Haz de cada algo especial,Moderately Depressed
Un feliz hace todo bonito,Moderately Depressed
amor menos preocupaciones,Moderately Depressed
Vivir con es la clave del,Moderately Depressed
La felicidad en las cosas,Moderately Depressed
La es el mejor maquillaje,Moderately Depressed
Un sin risa es un perdido,Moderately Depressed
placeres grandes sonrisas,Moderately Depressed
La es el idioma universal,Moderately Depressed
Mi mood felicidad extrema,Moderately Depressed
Hoy elijo a pesar de todo,Moderately Depressed
El amor y la son la mejor,Moderately Depressed
Hoy celebro cada victoria,Moderately Depressed
Mi objetivo hoy ser feliz,Moderately Depressed
Mi sonrisa es mi carta de,Moderately Depressed
Un agradecido es un feliz,Moderately Depressed
Cada es un nuevo comienzo,Moderately Depressed
Vive con y el universo te,Moderately Depressed
Eres luz nunca lo olvides,Moderately Depressed
La felicidad en lo simple,Moderately Depressed
Regala abrazos y sonrisas,Moderately Depressed
La vida es mejor con amor,Moderately Depressed
la de tu propia felicidad,Moderately Depressed
es gratis y llena el alma,Moderately Depressed
Llena tu de cosas bonitas,Moderately Depressed
Buscando la en los gestos,Moderately Depressed
Estoy cansado de sentirme,Moderately Depressed
Me entender por me siento,Moderately Depressed
Me cuesta mucho encontrar,Moderately Depressed
No puedo seguir fingiendo,Moderately Depressed
la de seguridad emocional,Moderately Depressed
Me recuperar mi felicidad,Moderately Depressed
para aclarar pensamientos,Moderately Depressed
No si quiero estar solo o,Moderately Depressed
cuando no miedo de lo que,Moderately Depressed
Solo fluyendo con la vida,Moderately Depressed
Ni altas ni bajas solo yo,Moderately Depressed
Paz mental y tranquilidad,Moderately Depressed
Escuchando mi favorita en,Moderately Depressed
La simplicidad es un lujo,Moderately Depressed
El presente es suficiente,Moderately Depressed
Estoy bien con lo que hay,Moderately Depressed
Viviendo con entusiasmo y,Moderately Depressed
Hoy todo es como debe ser,Moderately Depressed
Me siento en con el mundo,Moderately Depressed
Encuentro la en la con mi,Moderately Depressed
Hoy todo se siente ligero,Moderately Depressed
Un y una buena suficiente,Moderately Depressed
Me siento presente en paz,Moderately Depressed
Encuentro la de vivir con,Moderately Depressed
Nada nuevo pero todo bien,Moderately Depressed
La calma es una agradable,Moderately Depressed
Un respiro de aire fresco,Moderately Depressed
La vida en su simplicidad,Moderately Depressed
Un para respirar y sentir,Moderately Depressed
Un para disfrutar y vivir,Moderately Depressed
Donde la paz me encuentra,Moderately Depressed
Respirando la belleza del,Moderately Depressed
El silencio es mi refugio,Moderately Depressed
Encontrando belleza en la,Moderately Depressed
Estoy agotado de sentirme,Moderately Depressed
La soledad me consumiendo,Moderately Depressed
La tristeza nunca me deja,Moderately Depressed
La vida es un eco sin fin,Moderately Depressed
La vida es un espejo roto,Moderately Depressed
La vida me pesa demasiado,Moderately Depressed
Me he rendido en silencio,Moderately Depressed
Mi alma cansada de luchar,Moderately Depressed
Mi autoestima en el suelo,Moderately Depressed
Mi es una piedra sin vida,Moderately Depressed
No encuentro razones para,Moderately Depressed
No quiero seguir adelante,Moderately Depressed
Tal vez sea un poco mejor,Moderately Depressed
Todo se siente tan pesado,Moderately Depressed
Ya no significa ser feliz,Moderately Depressed
La vida es un sin sentido,Moderately Depressed
No voy a lograrlo pero lo,Moderately Depressed
No aliviar esta de agobio,Moderately Depressed
Todo parece de lo que ser,Moderately Depressed
Estoy funcionando en modo,Moderately Depressed
La me afectando de lo que,Moderately Depressed
Me duele el alma de tanto,Moderately Depressed
No salir de este ciclo de,Moderately Depressed
Me pesa demasiado la vida,Moderately Depressed
Paz profunda en serenidad,Moderately Depressed
en silencio significativo,Moderately Depressed
y paciencia en relaciones,Moderately Depressed
Silencio significativo en,Moderately Depressed
Siento que voy a explotar,Moderately Depressed
La me robando la claridad,Moderately Depressed
Estoy agotado mentalmente,Moderately Depressed
Niente mi fa sentire vivo,Moderately Depressed
Non so come andare avanti,Moderately Depressed
Vorrei un po di avventura,Moderately Depressed
Ogni giorno per sorridere,Moderately Depressed
Ogni momento per imparare,Moderately Depressed
Osservare senza giudicare,Moderately Depressed
La sta nelle piccole cose,Moderately Depressed
Unoasi di calma nel cuore,Moderately Depressed
Il sole bacia chi sorride,Moderately Depressed
Vivi con il cuore leggero,Moderately Depressed
Respira rilassati sorridi,Moderately Depressed
Un dolce momento di relax,Moderately Depressed
Un e il mondo gira meglio,Moderately Depressed
Grazie per esserci sempre,Moderately Depressed
Gli amici sono per sempre,Moderately Depressed
Insieme siamo invincibili,Moderately Depressed
Un nuovo giorno una nuova,Moderately Depressed
La una scelta scegli bene,Moderately Depressed
Nuove avventure in arrivo,Moderately Depressed
Lautunno dipinge il mondo,Moderately Depressed
Il cibo unisce le persone,Moderately Depressed
La la chiave del successo,Moderately Depressed
Sei forte di quanto pensi,Moderately Depressed
Sii gentile con te stesso,Moderately Depressed
Con te ogni attimo magico,Moderately Depressed
Siamo un team imbattibile,Moderately Depressed
Ridendo fino alle lacrime,Moderately Depressed
Giornata piena di sorrisi,Moderately Depressed
La unonda che mi travolge,Moderately Depressed
Ogni momento per brillare,Moderately Depressed
Un giorno indimenticabile,Moderately Depressed
Sentirsi al settimo cielo,Moderately Depressed
La gioia come una melodia,Moderately Depressed
La un sentimento profondo,Moderately Depressed
Vivere con consapevolezza,Moderately Depressed
La unispirazione costante,Moderately Depressed
La un traguardo raggiunto,Moderately Depressed
La unavventura fantastica,Moderately Depressed
La unemozione stravagante,Moderately Depressed
La una festa improvvisata,Moderately Depressed
La unavventura senza fine,Moderately Depressed
Lanima risplende di gioia,Moderately Depressed
Assaporare ogni attimo di,Moderately Depressed
Lasciarsi incantare dalla,Moderately Depressed
La vera unaccettazione di,Moderately Depressed
La unazione che mi ispira,Moderately Depressed
La unequilibrio ritrovato,Moderately Depressed
La unarmonia con il tutto,Moderately Depressed
La unavventura quotidiana,Moderately Depressed
A volte mi sento bloccato,Moderately Depressed
La mia mente in subbuglio,Moderately Depressed
Una frustrazione continua,Moderately Depressed
La mente che gira a vuoto,Moderately Depressed
Pensieri che mi soffocano,Moderately Depressed
Pensieri che mi stressano,Moderately Depressed
La a gestire i sentimenti,Moderately Depressed
Emozioni che mi opprimono,Moderately Depressed
Situazioni che mi turbano,Moderately Depressed
La a gestire degli eventi,Moderately Depressed
La a ritrovare la propria,Moderately Depressed
Il mio cervello in fiamme,Moderately Depressed
Non riesco a concentrarmi,Moderately Depressed
La a credere in se stessi,Moderately Depressed
La a trovare una salvezza,Moderately Depressed
La leggerezza un miraggio,Moderately Depressed
La leggerezza unillusione,Moderately Depressed
Oggi non il mio giorno ma,Moderately Depressed
La mia si sta sgretolando,Moderately Depressed
Non conforto solo terrore,Moderately Depressed
Non solo uninerzia totale,Moderately Depressed
Non solo un crollo totale,Moderately Depressed
Non movimento solo totale,Moderately Depressed
Sento di essere in eterna,Moderately Depressed
Non trovo il calore umano,Moderately Depressed
La unombra che si allunga,Moderately Depressed
A deep breath a heavy mind,Moderately Depressed
Feeling good living better,Moderately Depressed
Happiness is an inside job,Moderately Depressed
Happiness is the best view,Moderately Depressed
Just cant contain this joy,Moderately Depressed
Making today a happy dance,Moderately Depressed
Savouring simple pleasures,Moderately Depressed
Smiling just because I can,Moderately Depressed
The past echoes in my mind,Moderately Depressed
This is me genuinely happy,Moderately Depressed
Finding comfort in routine,Moderately Depressed
Holding onto hopes whisper,Moderately Depressed
Just another shade of grey,Moderately Depressed
Just taking it as it comes,Moderately Depressed
Letting go of expectations,Moderately Depressed
The weight of expectations,Moderately Depressed
Trying to hold it together,Moderately Depressed
Being okay with just being,Moderately Depressed
Enjoying the simple things,Moderately Depressed
Experiencing something new,Moderately Depressed
Feeling good feeling great,Moderately Depressed
Feeling thankful for today,Moderately Depressed
Finding peace in the usual,Moderately Depressed
Finding warmth and comfort,Moderately Depressed
Just savoring this feeling,Moderately Depressed
Living life to the fullest,Moderately Depressed
Making every moment matter,Moderately Depressed
Numb but still functioning,Moderately Depressed
One step at a time no rush,Moderately Depressed
Overloaded and underrested,Moderately Depressed
The art of simply existing,Moderately Depressed
Like an invisible presence,Moderately Depressed
New year new fitness goals,Moderately Depressed
Not all wounds are visible,Moderately Depressed
Currently running on empty,Moderately Depressed
Every moment is exhausting,Moderately Depressed
Everything feels difficult,Moderately Depressed
Feeling stretched too thin,Moderately Depressed
Feeling the pressure build,Moderately Depressed
Just need a day to just be,Moderately Depressed
Just need a day to recover,Moderately Depressed
Just need a silent retreat,Moderately Depressed
Just trying to get through,Moderately Depressed
Just trying to stay afloat,Moderately Depressed
Just trying to stay strong,Moderately Depressed
My fuse is getting shorter,Moderately Depressed
My mind is racing too fast,Moderately Depressed
So much going on right now,Moderately Depressed
Struggling for each breath,Moderately Depressed
Sunday brunch with friends,Moderately Depressed
Sunsets remind me to pause,Moderately Depressed
The calm before the coffee,Moderately Depressed
Wandering wondering living,Moderately Depressed
risas menos preocupaciones,Moderately Depressed
Momentos felices con gente,Moderately Depressed
Nada mejor que un lleno de,Moderately Depressed
Si brilla en tu en tu vida,Moderately Depressed
Tu vibra atrae tu tribu la,Moderately Depressed
Deja que tu sea contagiosa,Moderately Depressed
La felicidad empieza en el,Moderately Depressed
Elige la felicidad siempre,Moderately Depressed
Vivir con es mi superpoder,Moderately Depressed
La vida es mejor con risas,Moderately Depressed
Abrazando cada momento con,Moderately Depressed
Sigue sonriendo la vida lo,Moderately Depressed
La mejor terapia sin parar,Moderately Depressed
Hoy quiero amor risas vida,Moderately Depressed
El sol brilla cuando feliz,Moderately Depressed
Hoy todo brilla un poquito,Moderately Depressed
La felicidad es contagiosa,Moderately Depressed
Hoy decido sin solo porque,Moderately Depressed
Mi hoy contagiar felicidad,Moderately Depressed
hoy porque puede ser mejor,Moderately Depressed
Un sin risas es un perdido,Moderately Depressed
la persona que siempre ser,Moderately Depressed
porque la vida es una sola,Moderately Depressed
la luz en tu propio camino,Moderately Depressed
La felicidad empieza en tu,Moderately Depressed
hasta que duela la barriga,Moderately Depressed
Hoy es el mejor de tu vida,Moderately Depressed
Siempre hay un motivo para,Moderately Depressed
Regala sonrisas sin motivo,Moderately Depressed
Encuentra la magia en cada,Moderately Depressed
feliz y contagia felicidad,Moderately Depressed
Hoy toca disfrutar la vida,Moderately Depressed
La felicidad es de actitud,Moderately Depressed
Dejando que la me como una,Moderately Depressed
Buscando momentos de en el,Moderately Depressed
Me siento pero no llenarme,Moderately Depressed
Me encontrar paz dentro de,Moderately Depressed
Siento que estoy en piloto,Moderately Depressed
Me recuperar mi paz mental,Moderately Depressed
Me recuperar la paz mental,Moderately Depressed
Todo parece pesar el doble,Moderately Depressed
Nuevo nuevas oportunidades,Moderately Depressed
Un momento de tranquilidad,Moderately Depressed
A veces solo hay que estar,Moderately Depressed
Solo un martes o cualquier,Moderately Depressed
Me gusta la de estabilidad,Moderately Depressed
Motivado sin frustraciones,Moderately Depressed
Inspirado por el arte y la,Moderately Depressed
Hoy todo en su punto justo,Moderately Depressed
La rutina tiene su encanto,Moderately Depressed
La estabilidad se disfruta,Moderately Depressed
La vida me sin hacer ruido,Moderately Depressed
Todo bajo control sin caos,Moderately Depressed
La normalidad es bienestar,Moderately Depressed
La normalidad es felicidad,Moderately Depressed
Belleza en la autenticidad,Moderately Depressed
Libertad de explorar ideas,Moderately Depressed
Libertad de ser vulnerable,Moderately Depressed
Un en la rutina y eso bien,Moderately Depressed
Hoy de la paz de un normal,Moderately Depressed
Conectando con el presente,Moderately Depressed
Un tranquilo un agradecido,Moderately Depressed
La sencillez es mi refugio,Moderately Depressed
Estoy atrapado en mi mente,Moderately Depressed
Estoy gritando en silencio,Moderately Depressed
Estoy luchando en silencio,Moderately Depressed
Estoy roto y nadie lo nota,Moderately Depressed
Estoy solo en esta batalla,Moderately Depressed
La es una palabra olvidada,Moderately Depressed
La inseguridad me paraliza,Moderately Depressed
La es un recuerdo distante,Moderately Depressed
La vida se siente como una,Moderately Depressed
Me estoy perdiendo a mismo,Moderately Depressed
Me que todo esto terminara,Moderately Depressed
Me siento como un sin alas,Moderately Depressed
Mi es una jaula de sombras,Moderately Depressed
Mi mente no me da descanso,Moderately Depressed
Nadie entiende este abismo,Moderately Depressed
Nadie realmente me escucha,Moderately Depressed
Nadie sabe estoy sufriendo,Moderately Depressed
No me siento digno de amor,Moderately Depressed
No quiero seguir sufriendo,Moderately Depressed
No salir de esta oscuridad,Moderately Depressed
No salir de esta pesadilla,Moderately Depressed
No veo la luz al final del,Moderately Depressed
todo esto terminara pronto,Moderately Depressed
Siento que mi alma agotada,Moderately Depressed
Todo duele incluso existir,Moderately Depressed
Todo lo que hago es fallar,Moderately Depressed
Un alma solitaria buscando,Moderately Depressed
Un de me ahoga en silencio,Moderately Depressed
Mi roto y no encuentra paz,Moderately Depressed
No encajar todo en un solo,Moderately Depressed
Todo el afectando mi salud,Moderately Depressed
Mi cuerpo agotado mi mente,Moderately Depressed
Estoy al de mi paciencia y,Moderately Depressed
No encontrar un equilibrio,Moderately Depressed
Me siento saturado de todo,Moderately Depressed
No hacer para que todo sea,Moderately Depressed
El me robando la felicidad,Moderately Depressed
No apagar esta de angustia,Moderately Depressed
El cansancio es mental que,Moderately Depressed
No quiero seguir todos los,Moderately Depressed
Estoy en piloto y no parar,Moderately Depressed
No poner mi mente en pausa,Moderately Depressed
Soledad consciente recargo,Moderately Depressed
emocional encuentro camino,Moderately Depressed
de sentimientos relaciones,Moderately Depressed
La cabeza me va a estallar,Moderately Depressed
Estoy al borde del colapso,Moderately Depressed
Unaltra giornata che passa,Moderately Depressed
La a volte tutto che serve,Moderately Depressed
La a volte la chiave della,Moderately Depressed
Il tempo scorre lento oggi,Moderately Depressed
Ogni giorno per riflettere,Moderately Depressed
La si trova nei momenti di,Moderately Depressed
La routine portare gioia e,Moderately Depressed
Ogni giorno per migliorare,Moderately Depressed
Lequilibrio si trova nella,Moderately Depressed
La vera amicizia un tesoro,Moderately Depressed
Prenditi cura di te stesso,Moderately Depressed
Sii grato per oggi un dono,Moderately Depressed
Sempre avanti mai indietro,Moderately Depressed
Viaggiare vivere due volte,Moderately Depressed
Porta luce ovunque tu vada,Moderately Depressed
Oggi scelgo la gratitudine,Moderately Depressed
Ridere la miglior medicina,Moderately Depressed
I sogni non hanno scadenza,Moderately Depressed
Felice e grato ogni giorno,Moderately Depressed
Con te la vita unavventura,Moderately Depressed
Ti sempre senza condizioni,Moderately Depressed
Oggi una giornata speciale,Moderately Depressed
La un viaggio non una meta,Moderately Depressed
La un momento da catturare,Moderately Depressed
La gioia un raggio di sole,Moderately Depressed
Sorridere la mia preferita,Moderately Depressed
Ogni momento per sorridere,Moderately Depressed
Sii felice la vita un dono,Moderately Depressed
La vita unavventura felice,Moderately Depressed
Con te ogni momento felice,Moderately Depressed
Sentimenti di pura euforia,Moderately Depressed
La gioia unemozione eterna,Moderately Depressed
La unesperienza spirituale,Moderately Depressed
La unemozione di conquista,Moderately Depressed
Sento una gioia ineffabile,Moderately Depressed
La del lago un riflesso di,Moderately Depressed
La gioia di ridere insieme,Moderately Depressed
La unopera darte del cuore,Moderately Depressed
La un equilibrio ritrovato,Moderately Depressed
La una scoperta quotidiana,Moderately Depressed
La unesplorazione continua,Moderately Depressed
La un legame che ci unisce,Moderately Depressed
La unespressione della mia,Moderately Depressed
La quiete interiore la mia,Moderately Depressed
La unarmonia con luniverso,Moderately Depressed
Unaltra giornata frenetica,Moderately Depressed
Il peso delle mi schiaccia,Moderately Depressed
Pensieri che mi tormentano,Moderately Depressed
La a trovare un momento di,Moderately Depressed
Emozioni che mi confondono,Moderately Depressed
La a gestire i cambiamenti,Moderately Depressed
Ho bisogno di un abbraccio,Moderately Depressed
Questo compito impossibile,Moderately Depressed
Non riesco a gestire tutto,Moderately Depressed
Cerco un senso di scopo ma,Moderately Depressed
I ricordi sono come nebbia,Moderately Depressed
Il respiro un po affannoso,Moderately Depressed
La a trovare una direzione,Moderately Depressed
La a trovare una scintilla,Moderately Depressed
La a trovare una soluzione,Moderately Depressed
La mia vita un film triste,Moderately Depressed
Non capisco mi sento vuoto,Moderately Depressed
Troppe emozioni da gestire,Moderately Depressed
Uneco di anestesia emotiva,Moderately Depressed
Uneco di solitudine dentro,Moderately Depressed
Uneco di vuoto relazionale,Moderately Depressed
La speranza sembra lontana,Moderately Depressed
Non vedo il senso di nulla,Moderately Depressed
Non ho la forza di fingere,Moderately Depressed
Tutto grigio tutto pesante,Moderately Depressed
Non ho la forza di lottare,Moderately Depressed
La mia unimmagine distorta,Moderately Depressed
La mia un enigma irrisolto,Moderately Depressed
Non speranza solo profonda,Moderately Depressed
Non trovo la strada per la,Moderately Depressed
Non trovo la luce nel buio,Moderately Depressed
A gentle kind of resilience,Moderately Depressed
Feeling absolutely ecstatic,Moderately Depressed
Feeling at home with myself,Moderately Depressed
Feeling light feeling right,Moderately Depressed
Happiness is in the details,Moderately Depressed
Happiness looks good on you,Moderately Depressed
Keep spreading the sunshine,Moderately Depressed
Keep the positivity flowing,Moderately Depressed
Silently screaming for help,Moderately Depressed
Smiling my way through life,Moderately Depressed
Spreading joy like confetti,Moderately Depressed
Finding comfort in solitude,Moderately Depressed
Finding light in the cracks,Moderately Depressed
Finding peace in simplicity,Moderately Depressed
Holding onto threads of joy,Moderately Depressed
In need of gentle reminders,Moderately Depressed
Navigating the ebb and flow,Moderately Depressed
Still searching for clarity,Moderately Depressed
The art of masking the pain,Moderately Depressed
A routine day is a gift too,Moderately Depressed
Every picture tells a story,Moderately Depressed
Exploring the beauty of now,Normal
Feeling good looking better,Normal
Feeling happy and fulfilled,Normal
Feeling happy and satisfied,Normal
Finding joy in the everyday,Normal
Finding wonder in the world,Normal
Making the most of this day,Normal
Not every battle is visible,Normal
Nothing special just living,Normal
Sending good vibes your way,Normal
Today feels like a good day,Normal
Drowning in my own thoughts,Normal
I feel like Im disappearing,Normal
Just breathing nothing more,Normal
Nothing makes sense anymore,Normal
The world feels so far away,Normal
Feeling like I cant keep up,Normal
Feeling like Im at my limit,Normal
Feeling like Im going crazy,Normal
Feeling like Im on overload,Normal
Feeling the burn of burnout,Normal
Im not living just existing,Normal
Just need a day to recharge,Normal
My focus is completely gone,Normal
My patience is being tested,Normal
My patience is wearing thin,Normal
My todo list is a mile long,Normal
Need a break from the noise,Normal
So many things I need to do,Normal
This darkness feels endless,Normal
Haz de lo que te hace feliz,Normal
Hoy toca bailar con la vida,Normal
La vida es corta que grande,Normal
Mi hoy 100 por ciento feliz,Normal
Hoy mi mood felicidad total,Normal
Viviendo mi mejor vida cada,Normal
Vibrando en felicidad nivel,Normal
Amo los llenos de felicidad,Normal
es gratis y cambia el mundo,Normal
El mejor plan ser feliz sin,Normal
Viviendo sin prisa pero con,Normal
La felicidad se construye a,Normal
Hoy elijo brillar sin miedo,Normal
Amando cada segundo de este,Normal
Viviendo mi mejor con total,Normal
Las vibras positivas son mi,Normal
El mejor plan disfrutar sin,Normal
Hoy voy a brillar que nunca,Normal
Hoy llenar mi vida de luz y,Normal
No hay para una mente feliz,Normal
La no se encuentra se elige,Normal
La risa es la mejor terapia,Normal
el mundo necesita felicidad,Normal
La risa es el mejor remedio,Normal
La felicidad en tu interior,Normal
La vida es mejor con amigos,Normal
feliz la vida es una fiesta,Normal
el sol en tu propio nublado,Normal
La en lo que haces con amor,Normal
No duele recordar o olvidar,Normal
Buscando la en los detalles,Normal
Me cuesta aunque lo intento,Normal
Buscando momentos de humana,Normal
Nada me emociona como antes,Normal
la tranquilidad de mi mente,Normal
Quiero sentir algo que este,Normal
No en momento a doler tanto,Normal
A veces me pregunto si esto,Normal
la ligereza de la felicidad,Normal
Me esfuerzo pero sigo igual,Normal
Viviendo sin complicaciones,Normal
Un tachado en el calendario,Normal
Hoy no hay drama solo calma,Normal
Hay belleza en lo ordinario,Normal
momentos que hacen el mejor,Normal
Hoy todo se siente ligero y,Normal
Sin sin caos solo un normal,Normal
Mi meta de hoy estar en paz,Normal
Disfrutando sin dependencia,Normal
Conectado con la naturaleza,Normal
y riendo sin preocupaciones,Normal
Aceptando mis emociones con,Normal
La simplicidad es felicidad,Normal
No hay quejas solo gratitud,Normal
La paz en aceptar lo que es,Normal
Me siento bien sin aparente,Normal
Me encanta esta de ligereza,Normal
Hoy todo fluye sin esfuerzo,Normal
Me gusta este ritmo pausado,Normal
Sin dramas solo estabilidad,Normal
Hoy no busco nada solo vivo,Normal
Hoy todo se siente correcto,Normal
Me gusta la simpleza de hoy,Normal
La rutina me da estabilidad,Normal
Hay belleza en lo cotidiano,Normal
Me siento bien sin ni menos,Normal
Hoy el pasa con naturalidad,Normal
Hoy la vida se siente clara,Normal
Mi tranquilo sin ansiedades,Normal
Paz en la con la naturaleza,Normal
Ligereza sin preocupaciones,Normal
La estabilidad es felicidad,Normal
Hoy todo en su justa medida,Normal
La tranquilidad es la mejor,Normal
Encontrando en lo ordinario,Normal
Viviendo con el alma ligera,Normal
Estoy agotado de ser fuerte,Normal
Estoy tan cansado de fingir,Normal
Me duele recordar era antes,Normal
Me poder ser feliz otra vez,Normal
Me siento como un sin hojas,Normal
Mi alma rota y no repararla,Normal
Mi autoestima hecha pedazos,Normal
Mi es un laberinto de dolor,Normal
Mi mente es mi peor enemigo,Normal
Mi mente es un campo minado,Normal
Nadie se cuenta si me fuera,Normal
No encuentro la para hablar,Normal
No encuentro sentido a nada,Normal
No hay para seguir adelante,Normal
No quiero preocupar a nadie,Normal
No veo luz en ninguna parte,Normal
alguien entendiera mi lucha,Normal
Quisiera que todo terminara,Normal
Siento que mi cuerpo es una,Normal
Todo se siente tan distante,Normal
Un herido buscando consuelo,Normal
La se siente como un alivio,Normal
La lucha interna se ha roto,Normal
roba busco momentos ligeros,Normal
Estoy agotado y mentalmente,Normal
Me duele la cabeza de tanto,Normal
No calmar mi mente inquieta,Normal
Necesito un respiro pero no,Normal
Todo parece un problema sin,Normal
No encontrar alivio de esta,Normal
El me quitando la para todo,Normal
genuina y profunda en lazos,Normal
Encontrando en lo cotidiano,Normal
Demasiado ruido en mi mente,Normal
La paciencia se me agotando,Normal
Necesito liberar esta carga,Normal
La exigencia me consumiendo,Normal
La me tiene contra la pared,Normal
El agotamiento me tiene sin,Normal
La me tiene con los hombros,Normal
Siento el cuerpo pesado sin,Normal
Semplici piaceri della vita,Normal
Il tempo passa senza fretta,Normal
La routine mi sta uccidendo,Normal
Non niente di nuovo da fare,Normal
La solita routine mi annoia,Normal
La routine la chiave per la,Normal
La pazienza la chiave della,Normal
Ogni giorno un nuovo inizio,Normal
Ogni nuova alba porta nuove,Normal
Le piccole vittorie contano,Normal
Ogni giorno ha il suo ritmo,Normal
Giornate dolci mente libera,Normal
Sotto le stelle con i sogni,Normal
Fitness amore per se stessi,Normal
Il cuore batte forte per te,Normal
Le risate non finiscono mai,Normal
Ogni giorno con te speciale,Normal
Con te ogni giorno speciale,Normal
Trova il bello in ogni cosa,Normal
La salute la vera ricchezza,Normal
Nuovi luoghi nuove emozioni,Normal
Lavora sodo sogna in grande,Normal
Respirare rilassarsi vivere,Normal
La calma la chiave di tutto,Normal
Ascolta il tuo cuore sempre,Normal
La vita un viaggio goditelo,Normal
Il segreto della vivere ora,Normal
sorrisi meno preoccupazioni,Normal
La vita bella non sprecarla,Normal
Segui la tua luce interiore,Normal
La gentilezza porta lontano,Normal
Il nostro legame per sempre,Normal
Sei la mia favola preferita,Normal
Il tuo amore il mio rifugio,Normal
Sorrisi e risate senza fine,Normal
Giornata perfetta con amici,Normal
Sogni grandi sorrisi grandi,Normal
Oggi un giorno da ricordare,Normal
Le risate allungano la vita,Normal
Un raggio di sole nel cuore,Normal
Riempi la tua vita di gioia,Normal
Gioia nel superare le sfide,Normal
La unesperienza di crescita,Normal
La unespressione di talento,Normal
La unesperienza di successo,Normal
La unavventura sorprendente,Normal
Un cuore che canta di gioia,Normal
La come una bolla di sapone,Normal
La unemozione che fa volare,Normal
Il cuore palpita di letizia,Normal
Ricordi che scaldano lanima,Normal
Avventure che portano gioia,Normal
Raccogliere momenti di pura,Normal
La un sogno ad occhi aperti,Normal
La unemozione che trasforma,Normal
La unazione che mi connette,Normal
La unoasi di pace interiore,Normal
La unavventura improvvisata,Normal
La unemozione senza confini,Normal
La unemozione che mi libera,Normal
La unavventura senza regole,Normal
La unavventura senza limiti,Normal
Troppi impegni e poco tempo,Normal
Respira Un passo alla volta,Normal
La mia testa sta esplodendo,Normal
Non so come a gestire tutto,Normal
La tensione che si accumula,Normal
Unirrequietezza persistente,Normal
Una preoccupazione costante,Normal
Emozioni che si accavallano,Normal
Emozioni che mi sopraffanno,Normal
La a esprimere i sentimenti,Normal
La a gestire le aspettative,Normal
Situazioni che mi stressano,Normal
Il mio stress unopera darte,Normal
Sto per diventare un zombie,Normal
Il mio computer un disastro,Normal
Il respiro un po irregolare,Normal
Il respiro un po trattenuto,Normal
Il tempo scorre lento senza,Normal
La speranza un filo sottile,Normal
La vita un film senza trama,Normal
La vita sembra pesante oggi,Normal
Le parole pesano come sassi,Normal
Ogni sorriso sembra forzato,Normal
Spero che domani sia meglio,Normal
Uneco di stanchezza mentale,Normal
Uneco di tristezza profonda,Normal
Unenergia che non torna mai,Normal
Unindifferenza che mi isola,Normal
Non so se voglio continuare,Normal
Lansia mi stritola non pace,Normal
Sento di essere uneco di un,Normal
Non scintilla solo profonda,Normal
La mia ombra presente di me,Normal
Non trovo la strada di casa,Normal
La un sipario che si chiude,Normal
A smile can change the world,Normal
Happiness blooms from within,Normal
Happiness is the best energy,Normal
Happiness is the best outfit,Normal
Happiness is the best reward,Normal
Just over here enjoying life,Normal
Laughing my way through life,Normal
Laughter is the best therapy,Normal
Making happiness my priority,Normal
Making today a happy chapter,Normal
Making today a happy picture,Normal
Simple moments big happiness,Normal
So thankful for this feeling,Normal
Waking up happy and grateful,Normal
Embracing the quiet solitude,Normal
Finding peace in the mundane,Normal
Hoping for a better tomorrow,Normal
Just riding the calmer tides,Normal
Letting the stress melt away,Normal
No plans no stressjust vibes,Normal
Surrounded yet feeling alone,Normal
The weight of unspoken words,Normal
Trying to navigate the waves,Normal
A calm heart in a busy world,Normal
Feeling at peace with myself,Normal
Finding beauty all around me,Normal
Finding magic in the mundane,Normal
Finding peace in the present,Normal
Just another day in paradise,Normal
Making today a day of smiles,Normal
Making today a little better,Normal
Ordinary yet completely mine,Normal
So much to do so little time,Normal
Taking it one step at a time,Normal
The mind is a restless place,Normal
The quiet amplifies the pain,Normal
Another day to simply endure,Normal
Drowning in a sea of sadness,Normal
I feel like Im falling apart,Normal
Im a prisoner in my own mind,Normal
Imprisoned by my own despair,Normal
My silence is my loudest cry,Normal
This pressure is suffocating,Normal
Unbothered untangled at ease,Normal
Brainexe has stopped working,Normal
Caffeinefueled survival mode,Normal
Everything feels complicated,Normal
Feeling the weight of it all,Normal
Gentle moments peaceful mind,Normal
Juggling way too many things,Normal
Keeping it simple and steady,Normal
My brain is officially fried,Normal
Need a break from everything,Normal
Sundays are for slowing down,Normal
Bendecido feliz y agradecido,Normal
La felicidad en los detalles,Normal
Cada sonrisa suma un de vida,Normal
Hoy con el lleno de gratitud,Normal
Sigo brillando aunque llueva,Normal
Deja que la felicidad sea tu,Normal
Donde hay amor hay felicidad,Normal
Hoy todo es perfecto como es,Normal
Llenando mi vida de momentos,Normal
Ser feliz es mi meta de cada,Normal
Hoy elijo ser mi mejor feliz,Normal
Haciendo de la vida una gran,Normal
Hoy mi alma brilla que nunca,Normal
Hoy decido brillar que nunca,Normal
Amo la vida y la vida me ama,Normal
Si eres feliz lo tienes todo,Normal
Que tu ilumine el de alguien,Normal
Si puedes puedes disfrutarlo,Normal
Las hacen la gran diferencia,Normal
Nada puede apagar mi luz hoy,Normal
Nada detiene a un alma feliz,Normal
El se ve bonito cuando feliz,Normal
Que la risa te hoy y siempre,Normal
La mejor de hoy es ser feliz,Normal
Vive con y la felicidad sola,Normal
Cuando tu alma brilla fuerte,Normal
La felicidad no tiene precio,Normal
Siempre hay luz al final del,Normal
La risa es la mejor medicina,Normal
La felicidad en los momentos,Normal
Agradece y la felicidad sola,Normal
grises pero buscando colores,Normal
baja pero intentando moverme,Normal
ÂPor me siento si todo bien,Normal
la de que disfrutaba la vida,Normal
Cada es una lucha silenciosa,Normal
sentirme ilusionado por algo,Normal
Quisiera que todo esto fuera,Normal
sentirme emocionado por algo,Normal
Estoy agotado emocionalmente,Normal
No hacer para sentirme mejor,Normal
La rutina pesa buscando aire,Normal
Calma en la tormenta interna,Normal
Me sentir paz por un momento,Normal
Sigo pero no seguir adelante,Normal
Me recuperar mi tranquilidad,Normal
cuando la vida me emocionaba,Normal
El sol siempre sale de nuevo,Normal
Todo tranquilo sin novedades,Normal
La calma es un estado bonito,Normal
Creciendo y aprendiendo cada,Normal
Un tranquilo para empezar el,Normal
Sin apuros sin solo viviendo,Normal
Me siento bien conmigo mismo,Normal
No necesito que este momento,Normal
La felicidad en la sencillez,Normal
Hoy la vida se siente ligera,Normal
Disfrutando de la normalidad,Normal
Nada especial pero todo bien,Normal
Me siento bien en mi espacio,Normal
Hoy la vida se siente amable,Normal
Otro sin y eso es suficiente,Normal
Nada de caos solo equilibrio,Normal
Encuentro belleza en la y la,Normal
La vida es cuando la aceptas,Normal
La vida se siente ligera hoy,Normal
Todo en orden y eso me basta,Normal
No hay caos interno solo paz,Normal
Gratitud por las bendiciones,Normal
Sin novedades pero todo bien,Normal
La vida es cuando todo fluye,Normal
Un pero con momentos bonitos,Normal
Hoy no hay prisas solo calma,Normal
Aprecio la simplicidad de mi,Normal
Sintiendo la brisa suave del,Normal
Recogiendo momentos no cosas,Normal
Un para agradecer y al mundo,Normal
Estoy atrapado en este dolor,Normal
Estoy cansado de luchar solo,Normal
Estoy perdiendo la esperanza,Normal
He olvidado se siente la paz,Normal
La felicidad es un espejismo,Normal
Las noches son interminables,Normal
Me esfuerzo pero nada cambia,Normal
Me siento agotado de la vida,Normal
Me siento como un eco en una,Normal
Mi alma es un mapa sin rumbo,Normal
Mi mente es una sin barrotes,Normal
Nadie lo que estoy sintiendo,Normal
Nadie nota lo roto que estoy,Normal
Nadie ve el que llevo dentro,Normal
No me reconozco en el espejo,Normal
No escapar de esta oscuridad,Normal
No si alguna vez a ser feliz,Normal
No tengo para enfrentar otro,Normal
No tengo fuerzas para fingir,Normal
No tengo fuerzas para luchar,Normal
No tengo fuerzas para seguir,Normal
No tengo ganas de hacer nada,Normal
Sigo respirando pero no vivo,Normal
Todo se siente y sin sentido,Normal
Un cansado buscando descanso,Normal
Un en un mar de indiferencia,Normal
El futuro es un eco de dolor,Normal
paraliza necesito movimiento,Normal
La es abrumadora y no seguir,Normal
Estoy completamente saturado,Normal
Quisiera gritar pero no nada,Normal
No puedo mantener este ritmo,Normal
No decir no sin sentir culpa,Normal
Me desaparecer por un entero,Normal
Me tener una pausa del mundo,Normal
Estoy emocionalmente drenado,Normal
Mi cuerpo cansado y mi mente,Normal
Todo parece una carga pesada,Normal
Mi ansiedad fuera de control,Normal
Quiero encontrar paz pero no,Normal
Me dormir sin preocupaciones,Normal
Estoy emocionalmente agotado,Normal
Me saber relajarme de verdad,Normal
La me consumiendo lentamente,Normal
Me siento sobrecargado y sin,Normal
en voces internas y externas,Normal
La me aplastando poco a poco,Normal
equilibrado en conmigo mismo,Normal
centrado en paz con el mundo,Normal
Demasiadas cosas poco tiempo,Normal
Necesito desconectar pero no,Normal
Mi mente un campo de batalla,Normal
La serenidad es un imposible,Normal
Mi mente un eco de problemas,Normal
Necesito un momento de total,Normal
Siento que mi mente se apaga,Normal
Un momento di nel caos della,Normal
Non niente che mi appassioni,Normal
La routine portare comfort e,Normal
La pazienza la chiave per la,Normal
Ogni giorno per essere grati,Normal
Ogni giorno per essere grato,Normal
Ogni giorno per ricominciare,Normal
La si trova nella delle cose,Normal
Ogni istante un nuovo inizio,Normal
Un respiro profondo e avanti,Normal
Giornate di anime in armonia,Normal
Ama te stesso prima di tutto,Normal
Trova il tempo per te stesso,Normal
La natura la miglior terapia,Normal
Il vento porta nuove energie,Normal
Sii presente vivi il momento,Normal
Ogni giorno con te un regalo,Normal
Ogni viaggio lascia un segno,Normal
Sorridere il miglior rimedio,Normal
Mangiare unesperienza damore,Normal
La strada chiama io rispondo,Normal
Zaino in spalla cuore aperto,Normal
Sei la tua migliore versione,Normal
Respira rilassati ricomincia,Normal
Ti porto con me ovunque vada,Normal
Con te ogni momento speciale,Normal
Lamore fatto di piccole cose,Normal
I ricordi belli sono con voi,Normal
Viaggiare scoprire se stessi,Normal
Corri verso i tuoi obiettivi,Normal
Ogni respiro un nuovo inizio,Normal
Rallenta e goditi il viaggio,Normal
La gioia nelle cose semplici,Normal
Oggi scelgo di essere felice,Normal
Sei la mia persona preferita,Normal
Sei la mia canzone preferita,Normal
Lamicizia un regalo prezioso,Normal
Oggi il sole splende che mai,Normal
Energia positiva dappertutto,Normal
La gioia la musica dellanima,Normal
La gioia unarte da coltivare,Normal
Lenergia positiva contagiosa,Normal
La gioia di essere se stessi,Normal
Happiness with Nature Places,Normal
Sentirsi avvolti dalla gioia,Normal
Trovare la gioia nella calma,Normal
Gioia come unemozione magica,Normal
Gioia come unemozione vivace,Normal
Abbracciare la in ogni forma,Normal
La uneco di momenti preziosi,Normal
Invito la gioia nella nostra,Normal
La un legame che ci sostiene,Normal
La unavventura tra le stelle,Normal
Sento la come uneco di calma,Normal
Sento la gioia come uneco di,Normal
La unavventura senza confini,Normal
Uninquietudine che non passa,Normal
Pensieri che mi ossessionano,Normal
Il corpo che parla di stress,Normal
Situazioni che mi angosciano,Normal
La a gestire le frustrazioni,Normal
La a trovare una via di fuga,Normal
I pensieri pesano del solito,Normal
La a credere nel cambiamento,Normal
La a sentire il calore umano,Normal
La a sentire la vita pulsare,Normal
La a trovare energia mentale,Normal
La a trovare un porto sicuro,Normal
La a trovare una via duscita,Normal
La fatica di provare piacere,Normal
La vita unopera senza finale,Normal
Mi sento spento senza motivo,Normal
Un vuoto che non so riempire,Normal
Unapatia che mi rende inerme,Normal
Mi sento completamente vuoto,Normal
Sento che nessuno mi capisce,Normal
La vita un peso che non ries,Normal
Lansia mi devasta non riposo,Normal
La un film muto senza colori,Normal
La un labirinto senza uscita,Normal
A smile is the best accessory,Normal
Chasing sunsets and happiness,Normal
Collecting beautiful memories,Normal
Collecting moments not things,Normal
Dancing through life with joy,Normal
Happiness is best when shared,Normal
Happiness is my natural state,Normal
Happiness is the best outlook,Normal
Happiness is the best therapy,Normal
Just spreading happy thoughts,Normal
Letting life unfold naturally,Normal
Making today a happy occasion,Normal
No bad vibes only happy times,Normal
No worries just happy moments,Normal
Resting in the rhythm of life,Normal
Smiling so much my face hurts,Normal
This is what peace feels like,Normal
This moment is pure happiness,Normal
Todays forecast 100 happiness,Normal
A quiet strength that endures,Normal
Aching in ways I cant explain,Normal
Drowning in a sea of emotions,Normal
Holding onto hope by a thread,Normal
Just riding the quieter waves,Normal
Just taking it easy on myself,Normal
Just trying to keep breathing,Normal
Letting the anxieties subside,Normal
Letting the day be what it is,Normal
Letting the day unfold gently,Normal
Life feels like a celebration,Normal
Navigating with a quiet heart,Normal
No one notices how hard I try,Normal
Surviving but barely managing,Normal
This todo list is neverending,Normal
A quiet mind is a happy heart,Normal
A slow and steady kind of day,Normal
Be your own kind of beautiful,Normal
Candid moments real happiness,Normal
Content with the here and now,Normal
Existing without expectations,Normal
Exploring the world around me,Normal
Feeling grateful feeling good,Normal
Feeling loved and appreciated,Normal
Feeling positive and uplifted,Normal
Find joy in the little things,Normal
Finding comfort in connection,Normal
Finding poetry in the mundane,Normal
Finding strength in stillness,Normal
Go where your heart takes you,Normal
Just here just now just being,Normal
Life is calm and thats a gift,Normal
Living on the edge of burnout,Normal
Living with intention and joy,Normal
Living with love and laughter,Normal
Making the most of the moment,Normal
Making today a day to cherish,Normal
No rush no pressure just life,Normal
Not every day needs a purpose,Normal
Sharing a moment of happiness,Normal
Another day to simply survive,Normal
Inhaling peace exhaling doubt,Normal
Nothing but good energy today,Normal
Overthinking everything today,Normal
Pretending everything is fine,Normal
The emptiness is allconsuming,Normal
The magic of an unplanned day,Normal
The world feels lighter today,Normal
Wishing for a way out of this,Normal
Worn out but still showing up,Normal
Brain overloaded need a break,Normal
Deadlines are closing in fast,Normal
Even my dreams feel stressful,Normal
Everything feels overwhelming,Normal
Feeling like Im about to snap,Normal
Feeling like Im falling apart,Normal
Feeling the pressure building,Normal
Feeling the pressure mounting,Normal
Feeling the stress in my body,Normal
Just need a day to decompress,Normal
Just need a day to disconnect,Normal
My brain feels like a beehive,Normal
My brain is feeling very busy,Normal
Need a moment to just breathe,Normal
Running on fumes and caffeine,Normal
So many things to worry about,Normal
Stress level through the roof,Normal
Fighting stress losing energy,Normal
Hoy es un buen para ser feliz,Normal
Hoy me con ganas de ser feliz,Normal
Cada es una nueva oportunidad,Normal
La vida es linda con sonrisas,Normal
Hoy decido brillar con fuerza,Normal
Haz de cada un recuerdo feliz,Normal
Cada trae nuevas razones para,Normal
Nada brilla que un alma feliz,Normal
La vida es mejor con sonrisas,Normal
Que tu felicidad sea tu mayor,Normal
La felicidad en cada instante,Normal
Ser feliz es mi prioridad uno,Normal
La felicidad es mi superpoder,Normal
Hoy todo es color y felicidad,Normal
La risa es mi idioma favorito,Normal
Que nunca falten razones para,Normal
La risa es el idioma del alma,Normal
Amo esos donde todo fluye con,Normal
Que la felicidad sea tu mejor,Normal
Un sin sonrisas es un perdido,Normal
La es la mejor forma de vivir,Normal
Vive con el lleno de gratitud,Normal
Todo es mejor con una sonrisa,Normal
No hay felicidad sin gratitud,Normal
No hay grises con una sonrisa,Normal
Cada sonrisa ilumina el mundo,Normal
La vida se trata de disfrutar,Normal
sin simplemente porque puedes,Normal
Abraza la vida con gratitud y,Normal
Hoy es un gran para ser feliz,Normal
de buscando respuestas dentro,Normal
pero por dentro estoy apagado,Normal
Me siento roto y no repararme,Normal
para que nadie haga preguntas,Normal
Quiero encontrar la que antes,Normal
Me duele fingir que todo bien,Normal
Me cuesta mantenerme positivo,Normal
No quiero estar pero no salir,Normal
Me sentirme completo de nuevo,Normal
Estoy buscando un poco de paz,Normal
Me volver a disfrutar la vida,Normal
No encontrarle sentido a nada,Normal
Mi mente es un caos constante,Normal
Quisiera gritar pero no decir,Normal
Me sentirme completo otra vez,Normal
La soledad se siente presente,Normal
Manteniendo viva la esperanza,Normal
cuando las cosas eran simples,Normal
la paz de no pensar demasiado,Normal
No quiero pero que no es esto,Normal
Me poder escapar de mi cabeza,Normal
No quiero preocupar a los que,Normal
Estoy tratando pero cada pesa,Normal
Me tener para seguir adelante,Normal
Lo de siempre pero con estilo,Normal
Hoy es un como cualquier otro,Normal
Siguiendo el ritmo de la vida,Normal
Un normal cuenta como un buen,Normal
La paz mental es el verdadero,Normal
El sonido de la lluvia me hoy,Normal
Hoy el mundo se siente amable,Normal
Mi en un punto medio perfecto,Normal
Me gusta la normalidad de hoy,Normal
Hoy no busco que lo que tengo,Normal
Dejo que la vida me sorprenda,Normal
Sereno y relajado en mi mente,Normal
Me siento presente y en calma,Normal
Solo respirando y dejando ser,Normal
Sin complicaciones sin apuros,Normal
Ni mal ni excelente solo bien,Normal
No hay caos solo tranquilidad,Normal
placeres hacen la vida grande,Normal
No necesito que este instante,Normal
Aceptando el ritmo de la vida,Normal
Sin altibajos solo equilibrio,Normal
La calma es mi lugar favorito,Normal
Hoy todo es ligero y sencillo,Normal
Un sin sobresaltos es un buen,Normal
Un poco de y todo fluye mejor,Normal
Mi mente respira tranquilidad,Normal
Me gusta este estado de calma,Normal
No hay ruido en mi cabeza hoy,Normal
Aprecio la paz que siento hoy,Normal
Siento al contribuir al mundo,Normal
Libertad de explorar pasiones,Normal
Cultivando la gratitud diaria,Normal
Conectando con mi yo interior,Normal
Creando momentos inolvidables,Normal
Encontrando la en el presente,Normal
Conectando con la esencia del,Normal
Estoy en un oscuro sin salida,Normal
Estoy perdido dentro de mismo,Normal
La soledad pesa como una losa,Normal
La vida no tiene sentido para,Normal
Me duele existir cada un poco,Normal
Me esfuerzo por pero no puedo,Normal
Me estoy apagando poco a poco,Normal
Me siento como un eco sin voz,Normal
No escapar de mi propio dolor,Normal
No llenar este en mi interior,Normal
No tengo para seguir adelante,Normal
No veo salida solo un sin fin,Normal
pudiera dormir y no despertar,Normal
pudiera sentir algo diferente,Normal
Siento que el mundo mejor sin,Normal
Siento que mi mente en blanco,Normal
Solo quiero descansar de todo,Normal
Un alma cansada pero luchando,Normal
Un fantasma en mi propia vida,Normal
Un grito silencioso por ayuda,Normal
La nada me consume lentamente,Normal
La de que la vida es un error,Normal
Mente sentimientos relaciones,Normal
Espacio mental seguro respiro,Normal
No tengo un solo momento para,Normal
No tengo tiempo ni para mismo,Normal
Todo parece estar poco a poco,Normal
Todo me abruma y no manejarlo,Normal
Todo me supera y no manejarlo,Normal
Estoy al de mi paciencia y mi,Normal
Mi cuerpo y mi mente agotados,Normal
Estoy atrapado en una nube de,Normal
La que siento es inaguantable,Normal
emocional olvido ruido mental,Normal
Laberinto mental relaciones y,Normal
pudiera dejar de pensar tanto,Normal
Disfrutando de la calma del a,Normal
La ansiedad me nubla la vista,Normal
La ansiedad me tiene atrapado,Normal
Siento que me quiebro bajo la,Normal
Necesito un descanso profundo,Normal
Osservando il mondo che passa,Normal
Un e via la routine mattutina,Normal
La solita tazza di al mattino,Normal
Ogni giorno porta nuove sfide,Normal
La vita unavventura da vivere,Normal
La vita un mosaico di momenti,Normal
Ogni giorno per essere felice,Normal
La si trova nei piccoli gesti,Normal
Nessun giorno uguale allaltro,Normal
Il silenzio un amico prezioso,Normal
Un giorno come tanti ma unico,Normal
Giornata serena cuore leggero,Normal
Nulla impossibile con impegno,Normal
Vinci con il cuore e la mente,Normal
Colori dautunno emozioni doro,Normal
Trova il bello in ogni giorno,Normal
La costanza porta al successo,Normal
Profumo di primavera nellaria,Normal
Il vento porta nuove emozioni,Normal
Ogni stagione ha la sua magia,Normal
Nel tuo sorriso trovo la pace,Normal
Ogni giorno una pagina bianca,Normal
Il cuore sa sempre cosa vuole,Normal
Con voi anche il sopportabile,Normal
Il miglior souvenir I ricordi,Normal
Ogni tramonto un nuovo inizio,Normal
Ogni morso un piccolo piacere,Normal
che dai torna sempre indietro,Normal
I piccoli gesti creano grandi,Normal
Ti amo delle stelle nel cielo,Normal
Sei il mio angolo di paradiso,Normal
Siamo fatti per stare insieme,Normal
Sei la melodia della mia vita,Normal
Sei la mia migliore decisione,Normal
Ogni momento con voi speciale,Normal
Una giornata con voi vale oro,Normal
La un tesoro che va custodito,Normal
La gioia nei piccoli dettagli,Normal
La gioia la chiave della vita,Normal
Ogni giorno per essere felici,Normal
Oggi un giorno da festeggiare,Normal
Sorridere contagioso spargilo,Normal
La vita un viaggio che merita,Normal
Cercare la nelle piccole cose,Normal
Nel cuore della natura felice,Normal
Risate condivise moltiplicata,Normal
La gioia un viaggio interiore,Normal
Sentirsi in pace con il mondo,Normal
Trovare la gioia nel silenzio,Normal
Trovare la gioia nel presente,Normal
Vivere con audacia ogni sfida,Normal
Vivere con un cuore birichino,Normal
Gioia come un giro di giostra,Normal
La una musica dolce nellanima,Normal
Mi sento in perfetta sintonia,Normal
Il cielo stellato un manto di,Normal
Canto la gioia a squarciagola,Normal
Creo la gioia con le mie mani,Normal
La un movimento che mi libera,Normal
La unemozione che si diffonde,Normal
La unemozione che si accoglie,Normal
Sento la gioia come unonda di,Normal
La unesperienza di pura forza,Normal
La unemozione che mi completa,Normal
Ho bisogno di una pausa dalla,Normal
Mi sento sopraffatto da tutto,Normal
Un nodo allo stomaco costante,Normal
Pensieri che si aggrovigliano,Normal
Situazioni che mi preoccupano,Normal
La tecnologia mi fa impazzire,Normal
Non riesco a trovare la calma,Normal
Cammino senza una meta chiara,Normal
Cerco un colore che non trovo,Normal
Cerco una luce ma non la vedo,Normal
Il respiro un po superficiale,Normal
La a provare emozioni intense,Normal
La a sentire la propria anima,Normal
La a trovare interesse fisico,Normal
La fatica di trovare speranza,Normal
La fatica di trovare un senso,Normal
La mia anima in cerca di pace,Normal
La sensazione di essere uneco,Normal
La sensazione di non meritare,Normal
La vita un puzzle senza pezzi,Normal
Un velo di tristezza costante,Normal
Uneco di sonno che non riposa,Normal
Unombra di apatia anche nella,Normal
La tristezza diventata la mia,Normal
Vorrei gridare ma non ho voce,Normal
Il buio sembra non avere fine,Normal
Non scopo solo uneco di vuoto,Normal
Non sento il tocco della vita,Normal
Non sento la magia della vita,Normal
Non trovo la forza di credere,Normal
Collecting memories not things,Normal
Dancing through the good times,Normal
Embracing the good vibes today,Normal
Feeling like Im walking on air,Normal
Happiness is the best language,Normal
Happiness is the ultimate goal,Normal
I promise to always choose joy,Normal
Joy is not in things its in us,Normal
Just living in my happy bubble,Normal
Letting happiness lead the way,Normal
Living life on the bright side,Normal
Making today a happy adventure,Normal
No filters just pure happiness,Normal
Overthinking is my worst enemy,Normal
Smiling like its my superpower,Normal
Smiling so much my cheeks hurt,Normal
Some days just feel like magic,Normal
Taking the scenic route always,Normal
Wearing happiness like a crown,Normal
A little lost in the fog today,Normal
Embracing the stillness within,Normal
Finding beauty in imperfection,Normal
Finding beauty in the ordinary,Normal
Finding solace in the solitude,Normal
Holding onto the good memories,Normal
I forgot what peace feels like,Normal
Just existing in the inbetween,Normal
Just feeling a bit out of sync,Normal
Just observing the world go by,Normal
Navigating the inner landscape,Normal
Navigating with a mindful step,Normal
Navigating with a steady heart,Normal
One foot in front of the other,Normal
Quiet evening with a good book,Normal
Smiles and sunshine all around,Normal
Still believing in better days,Normal
The weight of past experiences,Normal
The world feels a little heavy,Normal
A quiet moment a peaceful mind,Normal
Collecting moments not regrets,Normal
Enjoying life in the slow lane,Normal
Feeling blessed beyond measure,Normal
Feeling happy and appreciative,Normal
Feeling happy and full of life,Normal
Feeling hopeful for the future,Normal
Finding inspiration everywhere,Normal
Finding peace in quiet moments,Normal
Finding poetry in the ordinary,Normal
I need a reset button on today,Normal
Just existing and thats enough,Normal
Life is steady and thats a win,Normal
Living life one step at a time,Normal
Making memories that will last,Normal
Making today a day of sunshine,Normal
Making today a day to remember,Normal
No big moments just small joys,Normal
Normal isnt boringits peaceful,Normal
Observing the beauty around me,Normal
Sharing a little bit of my day,Normal
The emptiness echoes within me,Normal
The mind never takes a day off,Normal
The sun is shining and so am I,Normal
Trying to push through the fog,Normal
Wish my mind had an off switch,Normal
Witnessing something beautiful,Normal
Barely existing in this moment,Normal
Feeling utterly empty and lost,Normal
I need a pause button for life,Normal
Just trying to survive the day,Normal
Lost in the beauty of a moment,Normal
My mind is a maze with no exit,Normal
Silence speaks when words dont,Normal
The days stretch out endlessly,Normal
The light within me has dimmed,Normal
The shadows are always with me,Normal
Trying to hold myself together,Normal
Feeling like Im carrying a lot,Normal
Feeling like Im losing control,Normal
Feeling the weight of too much,Normal
I just want to feel okay again,Normal
Just need some peace and quiet,Normal
Just trying to keep my chin up,Normal
My anxiety is through the roof,Normal
La felicidad se construye cada,Normal
felices recuerdos inolvidables,Normal
Nada es tan serio como para no,Normal
Mi receta secreta risas y amor,Normal
El mejor plan es ser feliz hoy,Normal
Alegra tu alma con una sonrisa,Normal
Mi felicidad es mi mayor logro,Normal
Cuando el mundo cambia contigo,Normal
en el mejor momento de tu vida,Normal
Cuando el mundo entero contigo,Normal
Hoy es un buen para hacer algo,Normal
Riendo hasta quedarme sin aire,Normal
Hoy decido que nada me robe la,Normal
Que tu siempre lleno de amor y,Normal
Que tu positiva te lleve lejos,Normal
Mi plan para hoy ser feliz sin,Normal
de buenas vibras y mejor gente,Normal
Siempre hay algo bueno en cada,Normal
La vida es un de oportunidades,Normal
Baila canta y disfruta la vida,Normal
Hoy es el mejor para ser feliz,Normal
A veces duele de lo que parece,Normal
La soledad se asoma pero busco,Normal
pasos hacia un horizonte claro,Normal
No puedo fingir que estoy bien,Normal
Me siento cansado sin aparente,Normal
Me ver la luz al final de este,Normal
Me siento agotado sin aparente,Normal
Todo parece carecer de sentido,Normal
Me que alguien notara mi lucha,Normal
Me cuesta fingir que todo bien,Normal
Buscando respiros en la rutina,Normal
Quiero recuperar mi paz mental,Normal
Estoy cansado de sentirme cada,Normal
sentirme seguro emocionalmente,Normal
Me poder dejar de pensar tanto,Normal
Quisiera dejar de pensar tanto,Normal
de baja pero buscando impulsos,Normal
La vida gris busca un destello,Normal
Me siento aunque lo tenga todo,Normal
Me que la vida tuviera sentido,Normal
A veces todo parece tan pesado,Normal
Un tranquilo y sin sobresaltos,Normal
Fluyendo con la vida sin prisa,Normal
Un normal lleno de momentos de,Normal
Fluyendo sin ni preocupaciones,Normal
Mi mente como un lago sin olas,Normal
Viendo el atardecer sin prisas,Normal
Hoy todo se siente en su lugar,Normal
La paz en aceptar lo que viene,Normal
Placer en compartir y conectar,Normal
placeres que hacen el especial,Normal
No hay prisa no hay solo vivir,Normal
No todo necesita una inmediata,Normal
Sin expectativas sin presiones,Normal
Sin juicios sin preocupaciones,Normal
Sin expectativas solo viviendo,Normal
Me gusta cuando mi mente clara,Normal
Hoy me permito simplemente ser,Normal
Hoy todo fluye sin resistencia,Normal
Me gusta la de claridad mental,Normal
La tranquilidad es emocionante,Normal
No hay apuros todo a su tiempo,Normal
Me encanta sentirme en balance,Normal
Hoy la vida me en su sencillez,Normal
Acepto el presente tal como es,Normal
Hoy todo es ligero y tranquilo,Normal
Encuentro en mi espiritualidad,Normal
Disfruto del silencio la calma,Normal
Confianza de conocerme a mismo,Normal
Libertad de compartir talentos,Normal
Hoy fue un como cualquier otro,Normal
Sin sin prisa solo disfrutando,Normal
Un simple pero con momentos de,Normal
La normalidad tiene su encanto,Normal
Me siento sereno sin altibajos,Normal
Sintiendo la vida en cada paso,Normal
Encontrando la en lo cotidiano,Normal
Encontrando la en cada momento,Normal
Encontrando paz en el silencio,Normal
Estoy cansado de estar cansado,Normal
Estoy perdido y no encontrarme,Normal
La me ha invadido por completo,Normal
La desesperanza me ha atrapado,Normal
La inactividad me ha consumido,Normal
La luz se ha apagado dentro de,Normal
La oscuridad ha ganado terreno,Normal
Me duele fingir que estoy bien,Normal
Me esfuerzo pero no hay cambio,Normal
Me siento como un en un mar de,Normal
Me siento desconectado de todo,Normal
Me siento invisible para todos,Normal
Mi lleno de heridas invisibles,Normal
Mi mente es un lugar peligroso,Severely Depressed
Mi mente no deja de castigarme,Severely Depressed
Mi voz se ahoga en el silencio,Severely Depressed
No me siento amado ni valorado,Severely Depressed
No puedo escapar de este dolor,Severely Depressed
No quiero fingir que todo bien,Severely Depressed
No recuerdo la vez que me bien,Severely Depressed
No encontrar la salida de este,Severely Depressed
No seguir cuando todo me duele,Severely Depressed
No en momento de sentirme vivo,Severely Depressed
No si quiero seguir intentando,Severely Depressed
No tengo para seguir fingiendo,Severely Depressed
No tengo motivos para quedarme,Severely Depressed
No veo la luz en ninguna parte,Severely Depressed
Quisiera dormir y no despertar,Severely Depressed
Un roto buscando reconstruirse,Severely Depressed
Ya no encuentro sentido a nada,Severely Depressed
Me siento ahogado en un mar de,Severely Depressed
El cansancio del alma me vence,Severely Depressed
Todo es un caos y no manejarlo,Severely Depressed
Estoy al borde del agotamiento,Severely Depressed
No liberar todo este acumulado,Severely Depressed
Me estoy desgastando demasiado,Severely Depressed
Necesito ayuda pero no pedirla,Severely Depressed
Estoy agotado y no recuperarme,Severely Depressed
Mi mente es un de pensamientos,Severely Depressed
Siento que mi mente colapsando,Severely Depressed
Mi se agotando y no recargarla,Severely Depressed
Enjambre de emociones confusas,Severely Depressed
Silencio sentimental emocional,Severely Depressed
Equilibrio y duradera en lazos,Severely Depressed
La calma es un recuerdo lejano,Severely Depressed
El me tiene contra las cuerdas,Severely Depressed
Necesito un respiro un espacio,Severely Depressed
Estoy exhausto de tanto pensar,Severely Depressed
Passeggiando per la senza meta,Severely Depressed
Un libro aperto unora di relax,Severely Depressed
Pensando al futuro senza ansia,Severely Depressed
La monotonia mi sta consumando,Severely Depressed
Mi sento completamente esausto,Severely Depressed
Vorrei solo dormire per sempre,Severely Depressed
Aspettando che qualcosa accada,Severely Depressed
Ogni momento per essere felice,Severely Depressed
Ogni giorno per creare ricordi,Severely Depressed
La routine portare e sicurezza,Severely Depressed
La routine il mio porto sicuro,Severely Depressed
Crescere un viaggio senza fine,Severely Depressed
Guardare il mondo senza fretta,Severely Depressed
Accettare il flusso della vita,Severely Depressed
La vita bella soprattutto oggi,Severely Depressed
La gioia la mia luce interiore,Severely Depressed
Semplicemente noi sempre uniti,Severely Depressed
Piccoli passi grandi risultati,Severely Depressed
Il benessere parte dalla mente,Severely Depressed
Il miglior investimento sei tu,Severely Depressed
Vivi il presente ama il futuro,Severely Depressed
Gli amici sono famiglia scelta,Severely Depressed
Oltre i confini oltre i limiti,Severely Depressed
Cammina con fiducia nel futuro,Severely Depressed
La un biglietto di sola andata,Severely Depressed
La strada chiama e io rispondo,Severely Depressed
La costanza porta ai risultati,Severely Depressed
La disciplina batte il talento,Severely Depressed
Niente impossibile con impegno,Severely Depressed
Il tempo per stessi importante,Severely Depressed
La primavera porta nuovi inizi,Severely Depressed
Insieme il mio posto preferito,Severely Depressed
Le anime affini si riconoscono,Severely Depressed
Il mio cuore batte solo per te,Severely Depressed
Con gli amici tutto divertente,Severely Depressed
La nostra amicizia senza tempo,Severely Depressed
Solo buone vibrazioni sento la,Severely Depressed
Sii la ragione del tuo sorriso,Severely Depressed
Ogni sorriso un passo verso la,Severely Depressed
Ogni momento per essere felici,Severely Depressed
Sorridere senza motivo la vera,Severely Depressed
Un sorriso che non finisce mai,Severely Depressed
Un momento di pura beatitudine,Severely Depressed
La gioia unemozione senza fine,Severely Depressed
La gioia una canzone nel cuore,Severely Depressed
La unemozione di realizzazione,Severely Depressed
Gioia nel migliorare se stessi,Severely Depressed
La unesperienza di innovazione,Severely Depressed
Vivere con un cuore da bambino,Severely Depressed
Lallegria mi scorre nelle vene,Severely Depressed
Unarmonia interiore mi pervade,Severely Depressed
Il sole che bacia il viso pura,Severely Depressed
La famiglia un porto sicuro di,Severely Depressed
La gioia una danza di emozioni,Severely Depressed
La unarmonia tra mente e cuore,Severely Depressed
La un dialogo con la mia anima,severely depressed
Viaggio con la gioia nel cuore,Severely Depressed
La unenergia che si moltiplica,Severely Depressed
La unesperienza che si celebra,Severely Depressed
La unesperienza che si ricorda,Severely Depressed
La gratitudine la chiave della,Severely Depressed
Apprezzo ogni istante di gioia,Severely Depressed
Apprezzo la dei momenti felici,Severely Depressed
La unarmonia con il mio essere,Severely Depressed
Trovo la gioia nellinaspettato,Severely Depressed
La unemozione che mi trasforma,Severely Depressed
Unaltra scadenza da rispettare,Severely Depressed
La mente non smette di correre,Severely Depressed
La mente che non si spegne mai,Severely Depressed
La a trovare un punto di calma,Severely Depressed
La a rimettere insieme i pezzi,Severely Depressed
La a ritrovare la propria luce,Severely Depressed
La a ritrovare la propria casa,Severely Depressed
La a ritrovare la propria pace,Severely Depressed
La mia pazienza sta per finire,Severely Depressed
Cerco un senso ma non lo trovo,Severely Depressed
Cerco unancora ma non la trovo,Severely Depressed
Focusing on Feeling Empty Void,Severely Depressed
Il cielo grigio dentro e fuori,Severely Depressed
Il mondo un palcoscenico vuoto,Severely Depressed
Il silenzio uneco di rimpianti,Severely Depressed
La a connettersi con gli altri,Severely Depressed
La a trovare un capitolo nuovo,Severely Depressed
La a trovare un senso di scopo,Severely Depressed
La a trovare un senso nel oggi,Severely Depressed
La fatica di alzarsi dal letto,Severely Depressed
La leggerezza un sogno lontano,Severely Depressed
La stanchezza mi sta divorando,Severely Depressed
La vita un viaggio senza mappa,Severely Depressed
Unapatia che avvolge ogni cosa,Severely Depressed
Unapatia che mi rende distante,Severely Depressed
Unapatia che mi rende immobile,Severely Depressed
Uneco di nulla che mi circonda,Severely Depressed
Uneco di oblio che mi circonda,Severely Depressed
Spero che tutto finisca presto,Severely Depressed
Ogni sorriso solo una facciata,Severely Depressed
La mente un vortice di terrore,Severely Depressed
Il panico mi divora non scampo,Severely Depressed
Il terrore mi consuma non pace,Severely Depressed
La mia anima in pezzi non cura,Severely Depressed
Non conforto solo disperazione,Severely Depressed
La si dissolve non so chi sono,Severely Depressed
Non luce solo che mi inghiotte,Severely Depressed
Non solo una divisione interna,Severely Depressed
Non solo una finzione costante,Severely Depressed
Non solo un disprezzo costante,Severely Depressed
Non trovo la voglia di lottare,Severely Depressed
Il mondo un libro senza pagine,Severely Depressed
Uneco di unanima che si arresa,Severely Depressed
Il mondo un deserto senza oasi,Severely Depressed
La unillusione che si frantuma,Severely Depressed
Non trovo la luce che mi guida,Severely Depressed
Il silenzio il mio unico amico,Severely Depressed
Laughing my way through the fun,Severely Depressed
Celebrating a milestone at work,Severely Depressed
Creating sunshine wherever I go,Severely Depressed
Do more of what makes you happy,Severely Depressed
Exploring the citys hidden gems,Severely Depressed
Feeling like a shadow of myself,Severely Depressed
Feeling the magic of the moment,Severely Depressed
Find what makes your soul shine,Severely Depressed
Happiness is the best adventure,Severely Depressed
Happiness is the best way to be,Severely Depressed
Happiness isnt foundits created,Severely Depressed
Just here for the happy moments,Severely Depressed
Just living my happy ever after,Severely Depressed
Just soaking up this pure bliss,Severely Depressed
Laughing until my stomach hurts,Severely Depressed
Let your smile change the world,Severely Depressed
Letting happiness take the lead,Severely Depressed
Lifes too short not to be happy,Severely Depressed
Lost in thoughts finding my way,Severely Depressed
Loving life one smile at a time,Severely Depressed
Making today a happy reflection,Severely Depressed
My happy place is wherever I am,Severely Depressed
My heart is doing a happy dance,Severely Depressed
One smile can change everything,Severely Depressed
Overwhelmed but pushing through,Severely Depressed
Savoring the joy of being alive,Severely Depressed
Some days I just exist not live,Severely Depressed
Can anyone else feel this heavy,Severely Depressed
Endlessly searching for answers,Severely Depressed
Feeling like Im living in a fog,Severely Depressed
Just feeling a little offcenter,Severely Depressed
Just putting on my Im okay face,Severely Depressed
Just riding the gentle currents,Severely Depressed
Just taking a moment to regroup,Severely Depressed
Navigating the internal weather,Severely Depressed
Navigating with a gentle spirit,Severely Depressed
Navigating with a hopeful heart,Severely Depressed
Spreading good vibes everywhere,Severely Depressed
Still hoping for brighter skies,Severely Depressed
The charm of an unscheduled day,Severely Depressed
The struggle to find motivation,Severely Depressed
A cup of coffee and a good book,Severely Depressed
A perfect mix of chaos and calm,Severely Depressed
A quiet day is still a good day,Severely Depressed
A soft breeze and an open heart,Severely Depressed
Another day another opportunity,Severely Depressed
Capturing the inbetween moments,Severely Depressed
Crisp air clear mind calm heart,Severely Depressed
Dreaming with my eyes wide open,Severely Depressed
Every day doesnt need a purpose,Severely Depressed
Feeling cute might delete later,Severely Depressed
Feeling thankful for everything,Severely Depressed
Finding comfort in the familiar,Severely Depressed
Finding peace and serenity here,Severely Depressed
Finding strength in the present,Severely Depressed
Golden moments Ill never forget,Severely Depressed
I dont know how to ask for help,Severely Depressed
Just taking a moment for myself,Severely Depressed
Living authentically and freely,Severely Depressed
Living life one frame at a time,Severely Depressed
Living with passion and purpose,Severely Depressed
Making today a day of gratitude,Severely Depressed
No fireworks no drama just life,Severely Depressed
Overthinking every little thing,Severely Depressed
The comfort of familiar streets,Severely Depressed
Today feels like a reset button,Severely Depressed
Trying to be okay when I am not,Severely Depressed
When did silence become so loud,Severely Depressed
Winter blues got me feeling low,Severely Depressed
No interest in anything anymore,Severely Depressed
No one sees the storm inside me,Severely Depressed
Too much weight on my shoulders,Severely Depressed
Trying out a new dessert recipe,Severely Depressed
Coffee is my only survival tool,Severely Depressed
Feeling like Im stuck in a loop,Severely Depressed
Im here but I feel like a ghost,Severely Depressed
Just trying to cope with it all,Severely Depressed
Just trying to get through this,Severely Depressed
Living in a state of mild panic,Severely Depressed
My brain needs a serious defrag,Severely Depressed
My energy is completely drained,Severely Depressed
My stress is my uninvited guest,Severely Depressed
My stress is my unwelcome guest,Severely Depressed
The stress spiral is real today,Severely Depressed
Wandering without a destination,Severely Depressed
El amor propio es el mejor amor,Severely Depressed
Sigue tus ellos saben el camino,Severely Depressed
de personas que sumen felicidad,Severely Depressed
La mejor es en momentos felices,Severely Depressed
Haz lo que amas y feliz siempre,Severely Depressed
Coleccionando recuerdos felices,Severely Depressed
La vida es bonita cuando te sin,Severely Depressed
Coleccionando momentos no cosas,Severely Depressed
Rodeado de amor y buenas vibras,Severely Depressed
Riendo hasta que duela la panza,Severely Depressed
Los felices son mi especialidad,Severely Depressed
La felicidad es mi mejor filtro,Severely Depressed
Brillando como si no hubiera un,Severely Depressed
Hoy es un perfecto para brillar,Severely Depressed
Mi hoy 100 por ciento felicidad,Severely Depressed
Cada momento feliz es un tesoro,Severely Depressed
como si nadie estuviera mirando,Severely Depressed
Haciendo recuerdos felices cada,Severely Depressed
Rodeado de amor luz y felicidad,Severely Depressed
Si tienes felicidad tienes todo,Severely Depressed
Siempre es un buen momento para,Severely Depressed
Que la felicidad siempre sea tu,Severely Depressed
Rodeado de amor y cosas bonitas,Severely Depressed
Mi mood 100 feliz y agradecidoa,Severely Depressed
Hoy mi mundo es un de felicidad,Severely Depressed
Bailando con la felicidad en el,Severely Depressed
La clave en disfrutar las cosas,Severely Depressed
Hoy me visto de y brillo propio,Severely Depressed
de personas que sumen a tu vida,Severely Depressed
Hoy me visto de amor y gratitud,Severely Depressed
Hoy decido ver lo bueno en todo,Severely Depressed
Haz de cada una obra maestra de,Severely Depressed
Hoy elijo ser la mejor de mismo,Severely Depressed
Disfruta las cosas la felicidad,Severely Depressed
Recordando que los grises pasan,Severely Depressed
Un a la vez encontrando motivos,Severely Depressed
Me duele estar y no saber salir,Severely Depressed
Lo intento de verdad lo intento,Severely Depressed
Quisiera recuperar la que tener,Severely Depressed
Me pesa el alma y no aligerarla,Severely Depressed
la de estar ilusionado por algo,Severely Depressed
lentos buscando un ritmo ligero,Severely Depressed
de buscando respuestas internas,Severely Depressed
No hacer con toda esta tristeza,Severely Depressed
Quiero volver a sentir por algo,Severely Depressed
Cada me cuesta salir de la cama,Severely Depressed
Me cuesta conectar con la gente,Severely Depressed
No hacer con todo lo que siento,Severely Depressed
Todo parece fuera de mi alcance,Severely Depressed
Todo parece estar en lenta para,Severely Depressed
Me encontrar algo que me motive,Severely Depressed
Buscando victorias en la rutina,Severely Depressed
Un poco de intentando encontrar,Severely Depressed
La esperanza es una llama tenue,Severely Depressed
Mente dispersa buscando enfoque,Severely Depressed
gestos de amabilidad alegran el,Severely Depressed
La mente agotada sigue adelante,Severely Depressed
La rutina ahoga buscando escape,Severely Depressed
Me poder explicar lo que siento,Severely Depressed
Me siento desconectado de mismo,Severely Depressed
El me consume me siento agotado,Severely Depressed
Pasando el sin muchas emociones,Severely Depressed
Encontrando en los detalles del,Severely Depressed
Un sin sorpresas ni sobresaltos,Severely Depressed
La vida hecha de estos momentos,Severely Depressed
No necesito de lo que tengo hoy,Severely Depressed
Aprecio los placeres de la vida,Severely Depressed
Agradecido por cada aprendizaje,Severely Depressed
Conectado con mi cuerpo y mente,Severely Depressed
Independiente en mis relaciones,Severely Depressed
Viendo el mundo pasar con calma,Severely Depressed
No busco solo acepto lo que hay,Severely Depressed
Sin prisas sin solo disfrutando,Severely Depressed
Sin ruido en mi cabeza solo paz,Severely Depressed
Me gusta cuando mi mente ligera,Severely Depressed
Sin caos interno solo serenidad,Severely Depressed
La paz interior no tiene precio,Severely Depressed
No hay pensamientos pesados hoy,Severely Depressed
Me dejo llevar por lo que venga,Severely Depressed
Me gusta cuando mi mente en paz,Severely Depressed
Mi mente en paz con mi camino y,Severely Depressed
y conversaciones significativas,Severely Depressed
Mente tranquila sin negatividad,Severely Depressed
Claridad para ver objetivamente,Severely Depressed
Mente enfocada objetivos claros,Severely Depressed
No hay cambios solo continuidad,Severely Depressed
Vivir el hoy sin preocupaciones,Severely Depressed
Aprendiendo a vivir en el ahora,Severely Depressed
Dejando que la luz me encuentre,Severely Depressed
Capturando la belleza del ahora,Severely Depressed
Dejando que la paz me encuentre,Severely Depressed
Un para agradecer y con el alma,Severely Depressed
Encontrando la en las cosas del,Severely Depressed
Encontrando luz en la oscuridad,Severely Depressed
Estoy al borde de perderlo todo,Severely Depressed
Estoy atrapado en un sin salida,Severely Depressed
Estoy cansado de este constante,Severely Depressed
La desesperanza me ha consumido,Severely Depressed
La esperanza es una luz apagada,Severely Depressed
La vida es un camino oscuro sin,Severely Depressed
La vida es un peso insoportable,Severely Depressed
Me cuesta tanto levantarme cada,Severely Depressed
Me estoy perdiendo a mismo cada,Severely Depressed
Me siento como si ya no tuviera,Severely Depressed
Me siento como un fracaso total,Severely Depressed
Mi mente es un campo de batalla,Severely Depressed
Nada me emociona nada me motiva,Severely Depressed
No encuentro paz en momento del,Severely Depressed
No me siento aceptado por nadie,Severely Depressed
No quiero seguir sintiendo este,Severely Depressed
No si alguna vez sentirme mejor,Severely Depressed
No tengo para seguir intentando,Severely Depressed
No veo salida de esta oscuridad,Severely Depressed
pudiera simplemente desaparecer,Severely Depressed
Quisiera sentir algo lo que sea,Severely Depressed
Todo lo que hago parece en vano,Severely Depressed
No veo un futuro solo oscuridad,Severely Depressed
La fe se ha roto en mil pedazos,Severely Depressed
El dolor es un abismo sin fondo,Severely Depressed
El dolor es un grito silencioso,Severely Depressed
Refugio interno busco serenidad,Severely Depressed
Perspectiva amplia veo claridad,Severely Depressed
No tengo para seguir este ritmo,Severely Depressed
Me desconectarme de todo por un,Severely Depressed
Estoy en piloto y eso me asusta,Severely Depressed
Sigo empujando mis pero a costo,Severely Depressed
Estoy en un constante estado de,Severely Depressed
La fatiga mental es peor que la,Severely Depressed
No seguir adelante sin colapsar,Severely Depressed
Me apagar mi mente por completo,Severely Depressed
Estoy al de mi capacidad mental,Severely Depressed
Me desaparecer solo por un rato,Severely Depressed
El me robando mi y mi felicidad,Severely Depressed
El me robando las ganas de todo,Severely Depressed
No soltar todo este peso mental,Severely Depressed
No seguir adelante sin sentirme,Severely Depressed
Me costando demasiado encontrar,Severely Depressed
Quisiera que todo fuera un poco,Severely Depressed
Silencio reflexivo voz interior,Severely Depressed
Paz interior serenidad profunda,Severely Depressed
Cordura emocional locura mental,Severely Depressed
Conflictos en relaciones mental,Severely Depressed
Estoy cansado de esta constante,Severely Depressed
No puedo con tanto en mi cabeza,Severely Depressed
Fluyendo con el sin ni ansiedad,Severely Depressed
La ansiedad me aprieta el pecho,Severely Depressed
La tranquilidad es un espejismo,Severely Depressed
Siento que me pierdo en el caos,Severely Depressed
Buscando un refugio en la calma,Severely Depressed
La ansiedad me quita el apetito,Severely Depressed
Il tempo sembra non passare mai,Severely Depressed
Ogni esperienza un insegnamento,Severely Depressed
Ogni giorno per essere migliori,Severely Depressed
Il tempo prezioso usiamolo bene,Severely Depressed
Un sorriso cambiare la giornata,Severely Depressed
Giornate piene di piccole gioie,Severely Depressed
Sentirsi grati per ogni momento,Severely Depressed
Sentirsi contenti con che si ha,Severely Depressed
Sentirsi a casa ovunque si vada,Severely Depressed
La determinazione porta lontano,Severely Depressed
Prenditi cura di te ogni giorno,Severely Depressed
Piccoli momenti grandi emozioni,Severely Depressed
Un amore semplice un amore vero,Severely Depressed
Momenti semplici ricordi eterni,Severely Depressed
La strada meno battuta la bella,Severely Depressed
Viaggiare collezionare emozioni,Severely Depressed
Rendi ogni giorno significativo,Severely Depressed
Nuove esperienze nuove emozioni,Severely Depressed
Una tazza di e una mente aperta,Severely Depressed
Sii la tua fonte di ispirazione,Severely Depressed
Rendi la tua vita straordinaria,Severely Depressed
Ogni giorno speciale se lo vuoi,Severely Depressed
Sei la luce nei miei giorni bui,Severely Depressed
Brillare sempre come una stella,Severely Depressed
La vita bella quando sei felice,Severely Depressed
More Poetic Evocative Happiness,Severely Depressed
La gioia unonda che mi travolge,Severely Depressed
Vivere in sintonia con il cuore,Severely Depressed
Sentirsi leggeri come una piuma,Severely Depressed
Vivere in armonia con la natura,Severely Depressed
Sentirsi in sintonia con lanima,Severely Depressed
Sentirsi in pace con il passato,Severely Depressed
Vivere con un pizzico di follia,Severely Depressed
Vivere con un sorriso malizioso,Severely Depressed
Gioia come unavventura colorata,Severely Depressed
Sentirsi come un raggio di sole,Severely Depressed
Il mio spirito leggero e libero,Severely Depressed
Sento una gioia che mi completa,Severely Depressed
Esperienze che colorano la vita,Severely Depressed
Vivere emozioni indimenticabili,Severely Depressed
La brezza marina una carezza di,Severely Depressed
Il calore del sole una fonte di,Severely Depressed
Il silenzio del bosco unoasi di,Severely Depressed
La meraviglia del mare di gioia,Severely Depressed
La un tesoro nascosto nel cuore,Severely Depressed
Medito sulla gioia che mi abita,Severely Depressed
La una consapevolezza della mia,Severely Depressed
La un movimento che mi emoziona,Severely Depressed
La una manifestazione della mia,Severely Depressed
La unarmonia di silenzi e suoni,Severely Depressed
Cerco la gioia nei frammenti di,Severely Depressed
La unazione di autoaffermazione,Severely Depressed
Mi sento pienoa di vita e gioia,Severely Depressed
Mi sento pienoa di pace e gioia,Severely Depressed
Mi sento pienoa di luce e gioia,Severely Depressed
Sento la gioia come uneco della,Severely Depressed
La un gioco che non finisce mai,Severely Depressed
La unesperienza piena di risate,Severely Depressed
Sento la come unonda tranquilla,Severely Depressed
Sento la come un sussurro dolce,Severely Depressed
La unarmonia di pensieri sereni,Severely Depressed
La unesperienza di pura tenacia,Severely Depressed
La unarmonia di sentimenti veri,Severely Depressed
Troppi pensieri nella mia testa,Severely Depressed
Il tempo sembra non bastare mai,Severely Depressed
Sento il peso delle aspettative,Severely Depressed
La mente non riesce a spegnersi,Severely Depressed
Il mio cervello in sovraccarico,Severely Depressed
La mente corre veloce del corpo,Severely Depressed
La a trovare un momento di pace,Severely Depressed
Uneco di domande senza risposta,Severely Depressed
La a filtrare il rumore esterno,Severely Depressed
La sensazione di essere unombra,Severely Depressed
La a ritrovare la propria forma,Severely Depressed
La a ritrovare la propria forza,Severely Depressed
Internal Silence Echoes Italian,Severely Depressed
Giornate che si ripetono uguali,Severely Depressed
I giorni sono come pagine vuote,Severely Depressed
La calma una superficie fragile,Severely Depressed
La a trovare motivazione fisica,Severely Depressed
La a trovare un senso di autost,Severely Depressed
La a trovare un senso di calore,Severely Depressed
La a trovare un senso di domani,Severely Depressed
La a trovare un senso di valore,Severely Depressed
La sensazione di essere inutile,Severely Depressed
La sensazione di essere spentoa,Severely Depressed
La sensazione di essere un peso,Severely Depressed
La vita un libro senza capitoli,Severely Depressed
Non un sorriso genuino da tempo,Severely Depressed
Ogni giorno una nuova battaglia,Severely Depressed
Tutto sembra pesare del normale,Severely Depressed
Uneco di silenzi che mi avvolge,Severely Depressed
Uninerzia che mi rende apaticoa,Severely Depressed
Uninerzia che mi rende immobile,Severely Depressed
Non sento nulla solo stanchezza,Severely Depressed
Il panico mi devasta non tregua,Severely Depressed
La mia anima un abisso di ansia,Severely Depressed
Non tregua solo uneco di dolore,Severely Depressed
Il mondo un luogo di senza luce,Severely Depressed
La mia anima un abisso di vuoto,Severely Depressed
Non solo una costrizione totale,Severely Depressed
Non solo un tradimento continuo,Severely Depressed
La mia anima un abisso di dubbi,Severely Depressed
Il mondo un quadro senza colori,Severely Depressed
Non trovo il senso di ogni cosa,Severely Depressed
Non trovo la strada per la pace,Severely Depressed
Non sento il profumo della vita,Severely Depressed
La stanchezza che non passa mai,Severely Depressed
A cozy evening with a good movie,Severely Depressed
A happy heart makes a happy life,Severely Depressed
A smile is my favorite accessory,Severely Depressed
Cherishing every bit of this day,Severely Depressed
Embrace the happiness within you,Severely Depressed
Grateful for this beautiful life,Severely Depressed
Happiness blooming all around me,Severely Depressed
Happiness is a journey Im loving,Severely Depressed
Happiness is an inside jobown it,Severely Depressed
Happiness is the best investment,Severely Depressed
Happiness isnt found its created,Severely Depressed
Happiness looks good on everyone,Severely Depressed
Joy is in the simplest of things,Severely Depressed
Juggling too many things at once,Severely Depressed
Just adopted a cute furry friend,Severely Depressed
Just embracing the happy journey,Severely Depressed
Just finished an amazing workout,Severely Depressed
Just living in the happy present,Severely Depressed
Just over here collecting smiles,Severely Depressed
Just savoring this happy feeling,Severely Depressed
Let happiness be your superpower,Severely Depressed
No bad vibes just pure happiness,Severely Depressed
Pure joy in the simplest moments,Severely Depressed
Reflections on a quiet afternoon,Severely Depressed
Sunshine and smiles all day long,Severely Depressed
Todays mood Overflowing with joy,Severely Depressed
Feeling like a ticking time bomb,Severely Depressed
Feeling like Im running on empty,Severely Depressed
Hoping for a break in the clouds,Severely Depressed
I wish I could disappear forever,Severely Depressed
Sometimes normal is just perfect,Severely Depressed
Still searching for solid ground,Severely Depressed
Still searching for the sunshine,Severely Depressed
The weight of feeling inadequate,Severely Depressed
The weight of unfulfilled dreams,Severely Depressed
The weight of unspoken anxieties,Severely Depressed
A heart full of unspoken stories,Severely Depressed
A slow simple steady kind of day,Severely Depressed
Breathing in the beauty of today,Severely Depressed
Chasing light capturing memories,Severely Depressed
Collecting smiles and good vibes,Severely Depressed
Cozy in the familiarity of today,Severely Depressed
Embracing the stillness of today,Severely Depressed
Experiencing the beauty of today,Severely Depressed
Feeling thankful for this moment,Severely Depressed
Find what makes your heart smile,Severely Depressed
Finding joy in the little things,Severely Depressed
Finding joy in unexpected places,Severely Depressed
Finding light in every situation,Severely Depressed
Good energy good vibes good life,Severely Depressed
Happiness looks good on me right,Severely Depressed
Hiding behind a mask of normalcy,Severely Depressed
I wish life had a œpause button,Severely Depressed
Just enjoying the present moment,Severely Depressed
Living with kindness and a smile,Severely Depressed
My mind is buffering Please wait,Severely Depressed
Nothing new and thats comforting,Severely Depressed
Running on empty but still going,Severely Depressed
Stress levels on an alltime high,Severely Depressed
The darkness feels like home now,Severely Depressed
The small joys are the real ones,Severely Depressed
When will the darkness fade away,Severely Depressed
Difficult to find any motivation,Severely Depressed
Feeling drained but I keep going,Severely Depressed
Fighting for each shallow breath,Severely Depressed
Hope feels like a cruel illusion,Severely Depressed
Hope feels like a forgotten word,Severely Depressed
I am here but I dot feel present,Severely Depressed
I m here but I dont feel present,Severely Depressed
Just wanting the pain to subside,Severely Depressed
Lost all connection to the world,Severely Depressed
My mind is a dark and stormy sea,Severely Depressed
My mind is a prison with no bars,Severely Depressed
No desire to participate in life,Severely Depressed
No motivation to pursue anything,Severely Depressed
So much joy my heart could burst,Severely Depressed
Soft laughter easy conversations,Severely Depressed
A tired mind in a restless world,severely depressed
Deep breaths trying to stay calm,Severely Depressed
Even my heartbeat feels stressed,Severely Depressed
Every breath feels like a battle,Severely Depressed
Everything feels like a struggle,Severely Depressed
Just trying to find some balance,Severely Depressed
Just trying to manage everything,Severely Depressed
Just trying to survive this week,Severely Depressed
Living for the inbetween moments,Severely Depressed
My stress is my unwanted plusone,Severely Depressed
My stress is my unwelcome shadow,Severely Depressed
Need a moment of peace and quiet,Severely Depressed
Pretty sure Im fueled by anxiety,Severely Depressed
Pretty sure Im powered by stress,Severely Depressed
Theres too much noise in my head,Severely Depressed
When did life get so complicated,Severely Depressed
Rodeado de buenas vibras y gente,Severely Depressed
La vida es mejor con una sonrisa,Severely Depressed
La es contagiosa esparce la tuya,Severely Depressed
Tu sonrisa es tu mejor accesorio,Severely Depressed
La sonrisa es el mejor accesorio,Severely Depressed
Siembra amor y cosecha felicidad,Severely Depressed
Mi sonrisa es mi mayor fortaleza,Severely Depressed
Haciendo de la mi estilo de vida,Severely Depressed
La felicidad es la clave de todo,Severely Depressed
Brillando con luz propia siempre,Severely Depressed
Hoy que nada me quite la sonrisa,Severely Depressed
El mundo necesita sonrisas va la,Severely Depressed
Hoy celebro la vida con gratitud,Severely Depressed
La felicidad no se busca se crea,Severely Depressed
Que la sea tu lenguaje universal,Severely Depressed
Que tu alma baile al ritmo de la,Severely Depressed
Hoy elijo ser la mejor de mismoa,Severely Depressed
No hay nada bonito que un en paz,Severely Depressed
Hoy todo es luz amor y felicidad,Severely Depressed
Que tu sonrisa sea el faro de tu,Severely Depressed
Me con ganas de comerme el mundo,Severely Depressed
Hoy algo que me haga sentir vivo,Severely Depressed
Un sin risas es un desperdiciado,Severely Depressed
Hoy decido ser la mejor de mismo,Severely Depressed
Haz lo que amas ama lo que haces,Severely Depressed
La mejor receta amor y felicidad,Severely Depressed
Vive el presente con una sonrisa,Severely Depressed
La felicidad brilla desde dentro,Severely Depressed
La es un eco lejano pero escucho,Severely Depressed
Dejando que la se vaya de a poco,Severely Depressed
Me pero a veces ni yo si es real,Severely Depressed
Me cuesta encontrar razones para,Severely Depressed
Me duele el alma pero no sanarla,Severely Depressed
Me siento agotado emocionalmente,Severely Depressed
Me volver a emocionarme por algo,Severely Depressed
Solo quiero sentir algo que esta,Severely Depressed
Me esfuerzo cada pero sigo igual,Severely Depressed
No explicarlo pero no estoy bien,Severely Depressed
Siento que algo falta pero no es,Severely Depressed
Me duele el alma y no explicarlo,Severely Depressed
Estoy pero no me siento presente,Severely Depressed
Me siento atrapado en una rutina,Severely Depressed
Me sentirme en paz conmigo mismo,Severely Depressed
de buscando respuestas dentro de,Severely Depressed
Quisiera que mi mente descansara,Severely Depressed
Quisiera recuperar mi paz mental,Severely Depressed
Silencio nocturno para descansar,Severely Depressed
Tristeza buscando la luz del sol,Severely Depressed
Me sentirme presente en el mundo,Severely Depressed
Me siento emocionalmente agotado,Severely Depressed
Lo importante es seguir adelante,Severely Depressed
La me asfixia me siento atrapado,Severely Depressed
Me gusta cuando todo en su lugar,Severely Depressed
Hoy me siento neutral y eso bien,Severely Depressed
Me en un buen libro y el volando,Severely Depressed
Viendo el mundo pasar sin apuros,Severely Depressed
Desayunar con calma es un placer,Severely Depressed
Hoy me siento bien conmigo mismo,Severely Depressed
Hoy me permito simplemente estar,Severely Depressed
En calma sin urgencias ni prisas,Severely Depressed
En control sin sentirme abrumado,Severely Depressed
Resiliente y fuerte ante la vida,Severely Depressed
Nada me inquieta hoy solo existo,Severely Depressed
Fluyendo con lo que la vida trae,Severely Depressed
La vida es cuando la dejamos ser,Severely Depressed
Dejando que la vida me sorprenda,Severely Depressed
La calma es un tesoro que valoro,Severely Depressed
Mi equilibrada fuerte y centrado,Severely Depressed
Todo sigue igual y eso me da paz,Severely Depressed
Nada como una caminata sin rumbo,Severely Depressed
Un sin preocupaciones es un lujo,Severely Depressed
Todo en su orden sin sobresaltos,Severely Depressed
La rutina no siempre es aburrida,Severely Depressed
Encuentro en mi espiritualidad y,Severely Depressed
No hay altibajos solo equilibrio,Severely Depressed
Me siento presente en el y ahora,Severely Depressed
Todo pasa todo llega todo cambia,Severely Depressed
Un momento de paz lo cambia todo,Severely Depressed
Hoy no necesito que lo que tengo,Severely Depressed
Hoy todo tiene un ritmo perfecto,Severely Depressed
Me permito disfrutar de este sin,Severely Depressed
Mente enfocada sin distracciones,Severely Depressed
Claridad para decisiones seguras,Severely Depressed
Confianza de aprender de errores,Severely Depressed
Me siento bien sin exageraciones,Severely Depressed
Hoy no necesito que este momento,Severely Depressed
Sin prisa sin pausa solo y ahora,Severely Depressed
Nada que reportar pero todo bien,Severely Depressed
A veces lo mejor en lo cotidiano,Severely Depressed
Encontrando la paz en la quietud,Severely Depressed
Sintiendo la paz en cada detalle,Severely Depressed
La es una que ya no puedo cantar,Severely Depressed
La es una lengua extranjera para,Severely Depressed
La esperanza es una sombra fugaz,Severely Depressed
La fatiga es mi sombra constante,Severely Depressed
La soledad me matando lentamente,Severely Depressed
La vida se siente como una carga,Severely Depressed
La vida ya no tiene sentido para,Severely Depressed
Me esfuerzo por pero es solo una,Severely Depressed
Me estoy desmoronando lentamente,Severely Depressed
Me estoy desmoronando por dentro,Severely Depressed
Mi alma en constante sufrimiento,Severely Depressed
Mi lleno de heridas que nadie ve,Severely Depressed
Mi mente es una tormenta sin fin,Severely Depressed
Nada me motiva a seguir adelante,Severely Depressed
No encuentro razones para seguir,Severely Depressed
No quiero seguir en esta batalla,Severely Depressed
No recuerdo la vez que fui feliz,Severely Depressed
No tengo esperanzas en el futuro,severely depressed
No tengo fuerzas para levantarme,severely depressed
Siento que me estoy desmoronando,Severely Depressed
Todo se siente tan y sin sentido,Severely Depressed
La de no pertenecer a este mundo,Severely Depressed
La vida es un camino sin destino,Severely Depressed
Mi alma en y no encuentra alivio,Severely Depressed
El sufrimiento es una sin salida,Severely Depressed
La vida es una pesadilla sin fin,Severely Depressed
La existencia es un eco de dolor,Severely Depressed
La vida es una tortura constante,Severely Depressed
La vida es un eco de sufrimiento,Severely Depressed
No encuentro fuerzas para seguir,Severely Depressed
Busco paz mental serenidad lazos,Severely Depressed
Escape creativo libero acumulada,Severely Depressed
Mi mente en constante sobrecarga,Severely Depressed
No tengo tiempo ni para respirar,Severely Depressed
Me estoy desgastando poco a poco,Severely Depressed
Cada siento que el peso es mayor,Severely Depressed
Estoy en modo supervivencia nada,Severely Depressed
No manejar tanta carga emocional,Severely Depressed
No dejar de preocuparme por todo,Severely Depressed
Cada vez me cuesta lidiar con el,Severely Depressed
Mi mente en guerra conmigo mismo,Severely Depressed
El tomando el control de mi vida,Severely Depressed
Siento que todo fuera de control,Severely Depressed
No relajarme mi mente no me deja,Severely Depressed
Estoy tratando de no derrumbarme,Severely Depressed
Me siento emocionalmente drenado,Severely Depressed
Todo parece una carrera sin meta,Severely Depressed
Todo es demasiado y no manejarlo,Severely Depressed
Estoy en piloto pero ya no tengo,Severely Depressed
Mi mente agotada de tanto pensar,Severely Depressed
Mi cabeza no deja de dar vueltas,Severely Depressed
No liberar este nudo en mi pecho,Severely Depressed
Tranquilidad profunda paz mental,Severely Depressed
mental aplasta fortaleza interna,Severely Depressed
supera emocional fuerza interior,Severely Depressed
Calma en relaciones equilibrio y,Severely Depressed
clara y compartido en relaciones,Severely Depressed
motivado sin sentirme desanimado,Severely Depressed
Un mar de pensamientos sin calma,Severely Depressed
Siento que el tiempo me persigue,Severely Depressed
Mi mente un laberinto sin salida,Severely Depressed
El peso del mundo en mis hombros,Severely Depressed
La calma se ha ido de vacaciones,Severely Depressed
Siento que me ahogo en la rutina,Severely Depressed
La ansiedad me tiene sin aliento,Severely Depressed
Necesito alejarme del ruido y el,Severely Depressed
Buscando un respiro en la rutina,Severely Depressed
Momenti di semplici e tranquilli,Severely Depressed
Attimi di in un angolo del mondo,Severely Depressed
La vita un mosaico di esperienze,Severely Depressed
La vita un viaggio non una corsa,Severely Depressed
La bellezza della vita nella sua,Severely Depressed
La routine il mio rifugio sicuro,Severely Depressed
Ogni momento per essere presente,Severely Depressed
La si trova nei momenti di calma,Severely Depressed
Giornata serena mente tranquilla,Severely Depressed
Un giorno alla volta con calma e,Severely Depressed
Sentirsi leggeri pronti a volare,Severely Depressed
La bellezza della la gioia della,Severely Depressed
Giornate tranquille mente serena,Severely Depressed
Vibrazioni buone pensieri chiari,Severely Depressed
Sentirsi bene pronti a sorridere,Severely Depressed
Un attimo di pace un pensiero di,Severely Depressed
La pace interiore il mio rifugio,Severely Depressed
Un respiro di pace un sorriso di,Severely Depressed
Un respiro di un sorriso di pace,Severely Depressed
Un cuore felice una mente serena,Severely Depressed
Ogni stagione ha la sua bellezza,Severely Depressed
Tu sei la mia scelta ogni giorno,Severely Depressed
Ogni viaggio inizia con un passo,Severely Depressed
Camminare nella natura respirare,Severely Depressed
Un tramonto vale di mille parole,Severely Depressed
Vivi senza fretta ma senza sosta,Severely Depressed
La vita semplice non complicarla,Severely Depressed
I migliori amici sono per sempre,Severely Depressed
Ogni viaggio un ricordo speciale,Severely Depressed
Un corpo sano per una mente sana,Severely Depressed
Ogni allenamento un passo avanti,Severely Depressed
Le nuvole passano il sole rimane,Severely Depressed
Basta un sorriso per innamorarsi,Severely Depressed
La natura ha sempre una risposta,Severely Depressed
Ti sceglierei mille volte ancora,Severely Depressed
Risate chiacchiere e bei momenti,Severely Depressed
Avere amici veri una benedizione,Severely Depressed
La vera amicizia resiste a tutto,Severely Depressed
Amo la vita ogni singolo momento,Severely Depressed
Oggi mi sento pieno di energia e,Severely Depressed
La gioia nei dettagli quotidiani,Severely Depressed
Gioia pura nel vivere il momento,Severely Depressed
Lascia che la guidi i tuoi passi,Severely Depressed
La gioia nel cuore e negli occhi,Severely Depressed
La vita un sogno ad occhi aperti,Severely Depressed
Momenti di gioia con i miei cari,Severely Depressed
Sentirsi come in un sogno dorato,Severely Depressed
La unesperienza di apprendimento,Severely Depressed
Gioia nel trasformare le idee in,Severely Depressed
Vivere con un sorriso contagioso,Severely Depressed
Gioia come unesperienza surreale,Severely Depressed
Vivere con un sorriso malandrino,Severely Depressed
La gioia un arcobaleno nel cuore,Severely Depressed
Vivere con un sorriso da monello,Severely Depressed
Unondata di benessere mi avvolge,Severely Depressed
Sento una beatitudine silenziosa,Severely Depressed
La gioia mi illumina dallinterno,Severely Depressed
Sento una gioia che mi trasforma,Severely Depressed
Sentire la magia di ogni momento,Severely Depressed
La gioia unarmonia di sentimenti,Severely Depressed
La gioia una sinfonia di sorrisi,Severely Depressed
La unespressione del mio spirito,Severely Depressed
La unesperienza che mi trasforma,Severely Depressed
La unesperienza che mi sorprende,Severely Depressed
La unesperienza che si condivide,Severely Depressed
Ringrazio per la che mi circonda,Severely Depressed
La gratitudine mi guida verso la,Severely Depressed
Mi sento forte e pienoa di gioia,Severely Depressed
Mi sento pienoa di amore e gioia,Severely Depressed
La unemozione che mi rende umile,Severely Depressed
La unavventura piena di sorprese,Severely Depressed
La unemozione che mi fa brillare,Severely Depressed
La unesperienza piena di armonia,Severely Depressed
Sento la come una brezza leggera,Severely Depressed
La unesperienza di pace profonda,Severely Depressed
La unemozione che mi arricchisce,Severely Depressed
La mia mente un mare in tempesta,Severely Depressed
Il livello di stress alle stelle,Severely Depressed
La sensazione di essere in apnea,Severely Depressed
La fatica di dover gestire tutto,Severely Depressed
Uninquietudine che non mi lascia,Severely Depressed
Pensieri che non mi danno tregua,Severely Depressed
Situazioni che mi destabilizzano,Severely Depressed
La a trovare un momento di calma,Severely Depressed
La fatica di dover affrontare le,Severely Depressed
Cerco un rifugio ma non lo trovo,Severely Depressed
I miei pensieri sono forti di me,Severely Depressed
Il mondo sembra lontano ovattato,Severely Depressed
Il silenzio un rumore assordante,Severely Depressed
La a riempire il vuoto interiore,Severely Depressed
La a sentire la propria presenza,Severely Depressed
La a trovare un pulsante di play,Severely Depressed
La a trovare una forza interiore,Severely Depressed
La fatica di trovare motivazione,Severely Depressed
La mente confusa e il cuore pesa,Severely Depressed
La sensazione di non avere forza,Severely Depressed
La stanchezza profonda del sonno,Severely Depressed
La vita un libro senza copertina,Severely Depressed
La vita un viaggio senza ritorno,Severely Depressed
Mi sento perso e senza direzione,Severely Depressed
Ogni giorno uguale al precedente,Severely Depressed
Uneco di impotenza che mi blocca,Severely Depressed
Uneco di mancanza che mi avvolge,Severely Depressed
Uneco di perdita che mi circonda,Severely Depressed
Uneco di rottura che mi circonda,Severely Depressed
Uneco di silenzio che mi soffoca,Severely Depressed
Vorrei solo scomparire nel nulla,Severely Depressed
Ogni parola sembra vuota come me,Severely Depressed
Non voglio sentire questo dolore,Severely Depressed
Il panico mi soffoca non respiro,Severely Depressed
Sento il mondo crollarmi addosso,Severely Depressed
La paura mi consuma non speranza,Severely Depressed
Sento di essere uneco di perduta,Severely Depressed
La mia anima un abisso di rabbia,Severely Depressed
Non futuro solo uneco di passato,Severely Depressed
La mia un labirinto senza uscita,Severely Depressed
La mia esistenza un nodo stretto,Severely Depressed
La mia anima unombra senza corpo,Severely Depressed
Uneco di un sogno che non si mai,Severely Depressed
Focusing on Isolation Detachment,Severely Depressed
Il mondo un teatro senza sipario,Severely Depressed
Non trovo il modo di connettermi,Severely Depressed
Non sento il desiderio di vivere,Severely Depressed
Non trovo la voglia di sorridere,Severely Depressed
Non trovo la luce nei miei occhi,Severely Depressed
A happy soul shines the brightest,Severely Depressed
Every little moment feels special,Severely Depressed
Finding happiness in the everyday,Severely Depressed
Finding magic in everyday moments,Severely Depressed
Happiness is an endless adventure,Severely Depressed
Happiness is in the little things,Severely Depressed
Happiness is just a state of mind,Severely Depressed
Happiness is the ultimate success,Severely Depressed
Just a happy soul in a busy world,Severely Depressed
Just out here living my best life,Severely Depressed
Just radiating joy and positivity,Severely Depressed
Laughter is the music of the soul,Severely Depressed
Letting go and embracing the good,Severely Depressed
Living in full color and full joy,Severely Depressed
Loving the now embracing the flow,Severely Depressed
Making memories and capturing joy,Severely Depressed
My happiness is my responsibility,Severely Depressed
My soul is singing with happiness,Severely Depressed
Smiles are free but worth so much,Severely Depressed
Smiling because life is beautiful,Severely Depressed
Some days just feel like sunshine,Severely Depressed
Sparkle with joy every single day,Severely Depressed
Spreading happiness like confetti,Severely Depressed
Todays goal Smile more worry less,Severely Depressed
Todays vibe Smiling for no reason,Severely Depressed
Breathe they say But I forgot how,Severely Depressed
A quiet hope that flickers within,Severely Depressed
Embracing the quiet understanding,Severely Depressed
Embracing the quiet wisdom within,Severely Depressed
Finding strength in quiet moments,Severely Depressed
Finding strength in vulnerability,Severely Depressed
Just being present in this moment,Severely Depressed
Just feeling a little heavy today,Severely Depressed
Just trying to find a way to cope,Severely Depressed
Letting go of the need to control,Severely Depressed
Letting go of what I cant control,Severely Depressed
Letting the stress and worry ease,Severely Depressed
Midnight thoughts and quiet skies,Severely Depressed
My mind is tired even when I rest,Severely Depressed
Navigating the grey areas of life,Severely Depressed
The battle inside is often unseen,Severely Depressed
A little sunshine goes a long way,Severely Depressed
A moment of peace in a busy world,Severely Depressed
A smile that doesnt need a reason,Severely Depressed
Can I get a break Just one Please,Severely Depressed
Collecting experiences not things,Severely Depressed
Embracing the little joys of life,Severely Depressed
Everything is fine Probably Maybe,Severely Depressed
Faking calm while my mind spirals,Severely Depressed
Feeling excited for whats to come,Severely Depressed
Feeling optimistic about tomorrow,Severely Depressed
Finding joy in the little moments,Severely Depressed
Just a reminder to myself breathe,Severely Depressed
Just another day of being present,Severely Depressed
Just taking it one step at a time,Severely Depressed
Living in the pause between plans,Severely Depressed
Long drives good music open roads,Severely Depressed
Making today a day to smile about,Severely Depressed
Numbness has become my new normal,Severely Depressed
Sharing a little bit of happiness,Severely Depressed
Some days are heavier than others,Severely Depressed
Stress is my unwanted best friend,Severely Depressed
The weight of sadness is crushing,Severely Depressed
Wishing I could hit pause on life,Severely Depressed
Wishing my mind had an off switch,Severely Depressed
Another day to simply get through,Severely Depressed
Every breath feels like an effort,Severely Depressed
Every task feels impossible today,Severely Depressed
Everything feels muted and unreal,Severely Depressed
Feeling like Im slowly dissolving,Severely Depressed
Feeling utterly isolated and lost,Severely Depressed
Gasping for a breath of fresh air,Severely Depressed
I am here but I dont feel present,Severely Depressed
I carry my sadness well but there,Severely Depressed
Lost in a sea of responsibilities,Severely Depressed
No motivation for anything at all,Severely Depressed
Some days I dont recognize myself,Severely Depressed
The quiet moments are the loudest,Severely Depressed
Tired but wiredwhat a combination,Severely Depressed
Barely keeping up with everything,Severely Depressed
Burnout knocking at my door again,Severely Depressed
Feeling like Im constantly behind,Severely Depressed
Feeling like Im drowning in tasks,Severely Depressed
Feeling on top of the world today,Severely Depressed
Feeling overwhelmed by everything,Severely Depressed
Feeling the rhythm of an easy day,Severely Depressed
I dont even have time to be tired,Severely Depressed
If only my mind had an off switch,Severely Depressed
Just need a day to escape reality,Severely Depressed
Just trying to navigate the chaos,Severely Depressed
My brain is officially tapped out,Severely Depressed
My nerves are completely frazzled,Severely Depressed
My stress is my shadow these days,Severely Depressed
My tolerance for nonsense is zero,Severely Depressed
Traffic was terrible this morning,Severely Depressed
La felicidad en las cosas simples,Severely Depressed
Eres tan feliz como decides serlo,Severely Depressed
Rodeado de amor luz y buena vibra,Severely Depressed
Los mejores empiezan con gratitud,Severely Depressed
El mundo necesita felicidad va la,Severely Depressed
Mi meta en la vida ser feliz cada,Severely Depressed
Viviendo el presente con gratitud,Severely Depressed
La felicidad es un estilo de vida,Severely Depressed
Hoy decido ser feliz sin importar,Severely Depressed
La vida es una fiesta Âbaila con,Severely Depressed
La felicidad es mi mejor look del,Severely Depressed
Viviendo con amor luz y felicidad,Severely Depressed
Si quieres felicidad da felicidad,Severely Depressed
Hoy elijo en lugar de preocuparme,Severely Depressed
Las hacen que la vida sea gigante,Severely Depressed
Hoy la felicidad me abraza fuerte,Severely Depressed
Cada sonrisa suma un de felicidad,Severely Depressed
La vida es un lienzo de felicidad,Severely Depressed
Bailando al ritmo de la felicidad,Severely Depressed
Hoy es un perfecto para ser feliz,Severely Depressed
Las construyen una gran felicidad,Severely Depressed
La vida es hermosa cuando decides,Severely Depressed
Un agradecido siempre es un feliz,Severely Depressed
La vida es un regalo sin reservas,Severely Depressed
No busques momentos felices mismo,Severely Depressed
No hay nada hermoso que vivir con,Severely Depressed
Vive con gratitud y la te siempre,Severely Depressed
Haz de cada una aventura llena de,Severely Depressed
Vive con y disfruta cada instante,Severely Depressed
Encuentra la magia en el presente,Severely Depressed
Llena tu vida de momentos bonitos,Severely Depressed
Encuentra belleza en lo cotidiano,Severely Depressed
Un feliz comienza con una sonrisa,Severely Depressed
alto ama profundo vive plenamente,Severely Depressed
La risa ilumina hasta los oscuros,Severely Depressed
Vive con amor en grande sin miedo,Severely Depressed
Sigo adelante pero cada paso pesa,Stressed
No si estoy cansado o simplemente,Stressed
Hay en los que simplemente existo,Stressed
Quiero hablar pero no por empezar,Stressed
Hay en los que nada tiene sentido,Stressed
A veces ni siquiera lo que siento,Stressed
Quiero salir de este pozo pero no,Stressed
Me pesa la tristeza y no soltarla,Stressed
fue la vez que realmente me feliz,Stressed
No quiero rendirme pero no seguir,Stressed
Buscando momentos de alivio en el,Stressed
Intentando encontrar en las cosas,Stressed
Quiero gritar pero mi voz no sale,Stressed
Me cuesta encontrar sentido a mis,Stressed
la paz mental que alguna vez tuve,Stressed
Me cuesta ver la luz al final del,Stressed
Me duele la mente me pesa el alma,Stressed
Quisiera dormir y despertar mejor,Stressed
Me esfuerzo por encontrar pero es,Stressed
Buscando la en los logros diarios,Stressed
No me pasa pero no me siento bien,Stressed
Cada parece el mismo sin ni color,Stressed
No hacer con todo esto que siento,Stressed
Siento que estoy fallando en todo,Stressed
Me esfuerzo pero todo sigue igual,Stressed
Quiero sentir que mi vida importa,Stressed
Me hablar sin miedo a ser juzgado,Stressed
recuerdan que la felicidad existe,Stressed
Me apagar mi mente por un momento,Stressed
Me esfuerzo en disimular mi dolor,Stressed
Me encontrar un poco de esperanza,Stressed
Me sentirme en paz por un momento,Stressed
Un lleno de que me llenan el alma,Stressed
y genuino siendo yo mismo en cada,Stressed
Hoy no hay nada nuevo bajo el sol,Stressed
Hoy no hay tormentas en mi cabeza,Stressed
No busco solo disfruto lo que hay,Stressed
La vida es esto calma y sencillez,Stressed
Aceptando la vida tal como es hoy,Stressed
Un feliz encontrando en lo simple,Stressed
Satisfecho con lo que soy y tengo,Stressed
Gratitud en lo simple y cotidiano,Stressed
Disfrutando de una que me encanta,Stressed
Sin hacer nada especial pero bien,Stressed
Hoy es un buen para no hacer nada,Stressed
detalles que hacen la vida bonita,Stressed
No hay altibajos solo estabilidad,Stressed
Aceptando el presente tal como es,Stressed
Encuentro en la humana en la y la,Stressed
Un sin altibajos solo estabilidad,Stressed
Un y una buena charla eso es todo,Stressed
A veces no hacer nada es lo mejor,Stressed
Otro que empieza con tranquilidad,Stressed
Hoy todo es sencillo y me encanta,Stressed
Un de tranquilidad y eso me basta,Stressed
Hoy no hay problemas que resolver,Stressed
Sin prisa sin pausa solo viviendo,Stressed
Siento al conectar con mi esencia,Stressed
Siento al conectar con mi de vida,Stressed
Hoy no necesito que este instante,Stressed
Sin prisa sin pausa solo presente,Stressed
Sin grandes planes pero con buena,Stressed
A veces la normalidad es lo mejor,Stressed
Sin grandes noticias pero con paz,Stressed
Me siento en paz con lo que tengo,Stressed
Hoy todo parece estar en su sitio,Stressed
Hoy no hubo dramas solo serenidad,Stressed
Hoy todo tiene un ritmo tranquilo,Stressed
Encontrando la magia en lo simple,Stressed
Sintiendo la paz en cada instante,Stressed
Un para respirar y sentir la vida,Stressed
El silencio es mi forma de gritar,Stressed
Estoy atrapado en mi propia mente,Stressed
Estoy en un pozo del que no salir,Stressed
La es una palabra que he olvidado,Stressed
La duda me consume constantemente,Stressed
La soledad se ha convertido en mi,Stressed
La vida es un libro con en blanco,Stressed
Me cuesta respirar de tanto dolor,Stressed
Me esfuerzo pero no es suficiente,Stressed
Me estoy ahogando y nadie lo nota,Stressed
Me estoy desmoronando poco a poco,Stressed
Me siento como si estuviera en el,Stressed
Me siento como un error constante,Stressed
Me siento invisible para el mundo,Stressed
Mi valor propio se ha desvanecido,Stressed
Nada de lo que hago tiene sentido,Stressed
No quiero seguir despertando cada,Stressed
No continuar con este en el pecho,Stressed
No pedir ayuda sin molestar a los,Stressed
No si alguien se cuenta si me voy,Stressed
No tengo ganas de seguir adelante,Stressed
No tengo ganas de seguir luchando,Stressed
No tengo la para seguir fingiendo,Stressed
No veo la luz al final del camino,Stressed
No veo salida de este sufrimiento,Stressed
Perdido en una multitud pero solo,Stressed
Siento que soy invisible para los,Stressed
Siento que soy una carga para los,Stressed
Tal vez solo tal vez hay un mejor,Stressed
Todo me parece gris y sin sentido,Stressed
Un alma perdida buscando un hogar,Stressed
Siento que mi existencia no tiene,Stressed
Cada es una de la misma pesadilla,Stressed
Un eco en el lugar donde antes un,Stressed
Un insaciable que no puedo llenar,Stressed
La luz se ha apagado por completo,Stressed
La luz al final del se ha apagado,Stressed
Mi en pedazos y no encuentra cura,Stressed
Me siento atrapado en un ciclo de,Stressed
El alma se resquebraja lentamente,Stressed
Siento que me pierdo en la mental,Stressed
me aplasta necesito escape mental,Stressed
Mente saturada necesito descargar,Stressed
Mente laberinto de miedos y dudas,Stressed
Vida acelera necesito bajar ritmo,Stressed
La ansiedad y el son mi constante,Stressed
Me estoy sobrecargando y no parar,Stressed
Me alejarme de todo por un tiempo,Stressed
Todo se siente como una constante,Stressed
Estoy en constante y no detenerlo,Stressed
Necesito urgentemente un descanso,Stressed
No frenar este agotamiento mental,Stressed
Solo quiero un sin preocupaciones,Stressed
Solo quiero dormir y olvidar todo,Stressed
La es tanta que me duele el pecho,Stressed
Necesito aire espacio tiempo algo,Stressed
Mi mente saturada de pensamientos,Stressed
No manejar todo esto sin colapsar,Stressed
Mente desborda orden y estructura,Stressed
Mente campo minado de negatividad,Stressed
Calma profunda equilibrio interno,Stressed
Silencio en voz interna y externa,Stressed
Un agradable lleno de momentos de,Stressed
Me siento al borde del precipicio,Stressed
Demasiadas responsabilidades poca,Stressed
La me tiene al borde de la locura,Stressed
Un passo alla volta senza correre,Stressed
Un momento di pausa per respirare,Stressed
Mi sento come se fossi invisibile,Stressed
La vita un equilibrio tra sogni e,Stressed
La vita fatta di momenti goditeli,Stressed
Ogni giorno per scoprire il mondo,Stressed
La si trova nei momenti di quiete,Stressed
Ogni giorno per apprezzare che ho,Stressed
La bellezza nei dettagli semplici,Stressed
Un passo dopo laltro senza fretta,Stressed
Un momento di un respiro profondo,Stressed
Momenti di pace pensieri positivi,Stressed
Giornate luminose pensieri chiari,Stressed
Sentirsi felici con la della vita,Stressed
Giornate di sorrisi anime in pace,Stressed
Larmonia la mia danza con la vita,Stressed
Oggi un buon giorno per sorridere,Stressed
Il tempo vola goditi ogni istante,Stressed
Lamore rende ogni giorno speciale,Stressed
Cucina con amore mangia con gioia,Stressed
Sii il sole nei giorni di pioggia,Stressed
Ridere insieme il miglior rimedio,Stressed
Trova la gioia nelle piccole cose,Stressed
Un abbraccio dice di mille parole,Stressed
Credi nella magia dei nuovi inizi,Stressed
Un abbraccio vale di mille parole,Stressed
Sole dentro e fuori la mi avvolge,Stressed
Ogni giorno un regalo da scartare,Stressed
La gioia un sentimento contagioso,Stressed
La vita bella goditela al massimo,Stressed
sempre un motivo per essere grati,Stressed
La vita un sorriso da condividere,Stressed
Collezionare risate e bei ricordi,Stressed
Felice senza motivo semplicemente,Stressed
La gioia un fuoco che arde dentro,Stressed
Sentirsi in armonia con se stessi,Stressed
Trovare la gioia nella gentilezza,Stressed
Trovare la gioia nella resilienza,Stressed
Sentirsi in armonia con il futuro,Stressed
Gioia come una danza improvvisata,Stressed
Gioia come unesplosione di colori,Stressed
Vivere con un pizzico di fantasia,Stressed
La contentezza mi scalda il cuore,Stressed
Lasciarsi trasportare dalla gioia,Stressed
Lasciarsi sorprendere dalla gioia,Stressed
Vivere momenti di pura meraviglia,Stressed
Assaporare la dolcezza della vita,Stressed
Raccogliere momenti di pura gioia,Stressed
La di sentirsi amati e apprezzati,Stressed
La gioia unemozione che fa volare,Stressed
La unarmonia di pensieri positivi,Stressed
La una riflessione sulla bellezza,Stressed
La unarmonia con il mio interiore,Stressed
Cerco la gioia nella mia di amare,Stressed
Parlo con la gioia in ogni parola,Stressed
La una stella che brilla nel buio,Stressed
La unemozione che mi rende gratoa,Stressed
La unemozione che mi rende audace,Stressed
La unesperienza piena di allegria,Stressed
La unesperienza piena di sorprese,Stressed
La unemozione che mi fa sorridere,Stressed
Sento la come un riposo dellanima,Stressed
La unesperienza di pace interiore,Stressed
Trovo la gioia nella del silenzio,Stressed
Sento la gioia come uneco di pura,Stressed
Troppe non riesco a gestire tutto,Stressed
La vita una condanna costante non,Stressed
La vita una tragedia costante non,Stressed
A volte la vita essere opprimente,Stressed
La pressione un compagno costante,Stressed
Troppi pensieri troppo poco tempo,Stressed
Cerco di restare a galla nel caos,Stressed
Mi sento come un nodo di tensione,Stressed
La sensazione di essere in bilico,Stressed
La sensazione di essere al limite,Stressed
La a trovare un momento di riposo,Stressed
La a trovare una posizione comoda,Stressed
La a trovare un momento di tregua,Stressed
Sensazione di essere in un tunnel,Stressed
La a silenziare il caos interiore,Stressed
Unoppressione che non trova sfogo,Stressed
La a trovare un momento di tra le,Stressed
La a trovare un senso di nel caos,Stressed
La sensazione di essere un numero,Stressed
La sensazione di non riconoscersi,Stressed
Natural Imagery Metaphors Italian,Stressed
Lavoro lavoro lavoro dove la vita,Stressed
Ho bisogno di un weekend infinito,Stressed
La gente mi sta facendo impazzire,Stressed
Anche il cielo sembra grigio oggi,Stressed
troppa confusione nella mia testa,Stressed
Cerco di restare positivo ma dura,Stressed
Cerco una bussola ma non la trovo,Stressed
La a trovare un senso di orgoglio,Stressed
La a trovare un senso di pienezza,Stressed
La leggerezza un ricordo sbiadito,Stressed
La mia anima in cerca di conforto,Stressed
La mia anima stanca di combattere,Stressed
La mia vita un puzzle senza pezzi,Stressed
La sensazione di essere un automa,Stressed
La sensazione di essere un enigma,Stressed
La sensazione di essere un errore,Stressed
La sensazione di essere unassenza,Stressed
La sensazione di non avere futuro,Stressed
La tristezza unombra che mi segue,Stressed
La vita un film senza sottotitoli,Stressed
La vita un labirinto senza uscita,Stressed
Mi sembra che non ci sia speranza,Stressed
Oggi non ho voglia di fare niente,Stressed
Tutto sembra difficile del solito,Stressed
Unapatia che mi rende insensibile,Stressed
Uneco di anche tra chi mi conosce,Stressed
Uneco di impotenza che mi soffoca,Stressed
Uneco di nostalgia che mi avvolge,Stressed
Uneco di silenzio che mi circonda,Stressed
Uninquietudine che non trova pace,Stressed
Unisolamento che mi rende fragile,Stressed
Ogni giorno una lotta per alzarsi,Stressed
Vorrei fermare il tempo e sparire,Stressed
Lansia mi divora vivoa non tregua,Stressed
La mia anima spezzata non rimedio,Stressed
Non pace solo tormento incessante,Stressed
La mia anima un vuoto incolmabile,Stressed
Non gioia solo uneco di tristezza,Stressed
Non riposo solo uneco di tormento,Stressed
Non perdono solo uneco di rancore,Stressed
La mia anima un deserto di apatia,Stressed
La mia anima una tomba senza luce,Stressed
Non scopo solo unassenza di tutto,Stressed
Non passione solo unapatia totale,Stressed
Unestraneoa nella mia stessa vita,Stressed
Unestraneoa nella mia stessa casa,Stressed
Uneco di un sogno che si infranto,Stressed
Non sento la spinta per rialzarmi,Stressed
Il mondo un peso che mi schiaccia,Stressed
Il mondo unillusione che svanisce,Stressed
Non sento il desiderio di alzarmi,Stressed
Attending a virtual reality meetup,Stressed
Every day is a new reason to smile,Stressed
Exhausted from battles no one sees,Stressed
Feeling like today is my lucky day,Stressed
Good vibes only always and forever,Stressed
Happiness is in the present moment,Stressed
Happiness is made of little things,Stressed
Happiness is the secret ingredient,Stressed
Happiness Its in the little things,Stressed
Hoping tomorrow brings some relief,Stressed
Just a daily dose of happy for you,Stressed
Just living just loving just being,Stressed
Life is better when youre laughing,Stressed
Little joys big smiles happy heart,Stressed
Living proof that happiness exists,Stressed
Making today a happy story to tell,Stressed
No one sees how much Im struggling,Stressed
Reflecting on the beauty of nature,Stressed
Smile big laugh often shine bright,Stressed
Smiles are contagioushere have one,Stressed
Smiles are contagioushere take one,Stressed
Smiling for no reason just because,Stressed
Stress turns whispers into screams,Stressed
Sunshine and smiles thats the mood,Stressed
This is my definition of happiness,Stressed
Today is a perfect day to be happy,Stressed
Can you see the sadness in my eyes,Stressed
Feeling a bit alone in my own head,Stressed
Feeling like Im living in a shadow,Stressed
Finding beauty in the fading light,Stressed
Finding comfort in familiar spaces,Stressed
Finding light in the small details,Stressed
Finding light in unexpected places,Stressed
Finding solace in the written word,Stressed
Just feeling a little out of sorts,Stressed
Just trying to find my smile again,Stressed
Just trying to find my spark again,Stressed
Just trying to find my voice again,Stressed
Navigating the complexities within,Stressed
Navigating with a resilient spirit,Stressed
Not sad just permanently exhausted,Stressed
Slow mornings and warm cups of tea,Stressed
Smiling hurts more than crying now,Stressed
The art of hiding the storm within,Stressed
The exhaustion that sleep cant fix,Stressed
The sun sets and so does my spirit,Stressed
The weight of unrealized potential,Stressed
A day well spent in my own company,Stressed
A little happiness goes a long way,Stressed
Appreciating the inbetween moments,Stressed
Barefoot on the grass feeling free,Stressed
Be the reason someone smiles today,Stressed
Brain says work but body says nope,Stressed
Chasing sunsets collecting moments,Stressed
Documenting joy one post at a time,Stressed
Enjoying life in its simplest form,Stressed
Enjoying the little things in life,Stressed
Every moment matters make it count,Stressed
Feeling thankful for these moments,Stressed
Finding joy in the present and now,Stressed
Finding peace in the little things,Stressed
Happiness is in the little details,Stressed
Head full heart heavy coffee empty,Stressed
If it makes you happy its worth it,Stressed
Its like Im stuck in survival mode,Stressed
Its not a perfect day but its mine,Stressed
Just enjoying the simple pleasures,Stressed
Just taking a moment to appreciate,Stressed
Living life on airplane mode today,Stressed
Making the most of this experience,Stressed
Minding my business living my life,Stressed
Moving at my own speed no pressure,Stressed
No big thoughts just small moments,Stressed
No excitement no pressurejust life,Stressed
No one sees the war inside my mind,Stressed
Not waiting for anything just here,Stressed
Nothing seems to bring any comfort,Happy
Observing the wonders of the world,Stressed
Running on stress and stubbornness,Stressed
Sending positive thoughts your way,Stressed
Taking things as they come no rush,Stressed
Todays mood surviving not thriving,Stressed
Too many thoughts too little peace,Stressed
Difficult to muster any enthusiasm,Stressed
Drowning in the silence of my mind,Stressed
Every Im okay is a plea to be seen,Stressed
Everything feels dull and lifeless,Stressed
Everything feels muted and distant,Stressed
Everything requires so much effort,Stressed
Exhausted mentally and emotionally,Stressed
I feel like a ghost in my own life,Stressed
Lost the connection to my own soul,Stressed
Lost the sense of who I used to be,Stressed
No desire to engage with the world,Stressed
Nothing sparks any interest or joy,Stressed
Numbness has replaced all feelings,Stressed
Soaking up the good vibes of today,Stressed
Some days feel heavier than others,Stressed
The pain never stops it only grows,Stressed
The shadows are my only companions,Stressed
Tired of being strong all the time,Stressed
Too many thoughts not enough peace,Stressed
Can I just pause life for a moment,Stressed
Everyday life beautifully ordinary,Stressed
Feeling like Im carrying the world,Stressed
Feeling like Im juggling chainsaws,Stressed
Feeling like Im under a dark cloud,Stressed
Feeling the weight of expectations,Stressed
Just need a long uninterrupted nap,Stressed
Just trying to get through the day,Stressed
Just trying to handle the pressure,Stressed
Just trying to navigate this storm,Stressed
Living life one deadline at a time,Stressed
My brain feels like a crowded room,Stressed
My brain feels like a tangled mess,Stressed
My coping mechanisms are on strike,Stressed
My stress is my constant companion,Stressed
My stress is my unwelcome roommate,Stressed
My stress is my unwelcome tagalong,Stressed
My stress is writing its own novel,Stressed
My thoughts are all over the place,Stressed
People say it gets better but when,Stressed
Sunshine and good company  perfect,Stressed
Viviendo mi mejor vida un a la vez,Stressed
Las cosas hacen la gran diferencia,Stressed
No cuentes los haz que los cuenten,Stressed
Haz lo que amas y ama lo que haces,Stressed
Vive como si todo fuera un milagro,Stressed
Con cada sonrisa iluminas el mundo,Stressed
Cada trae una nueva para ser feliz,Stressed
La felicidad es mi mejor estado de,Stressed
La felicidad es un de cosas buenas,Stressed
Mi felicidad es contagiosa cuidado,Stressed
Riendo hasta que me duela la panza,Stressed
Mi felicidad es mi mejor accesorio,Stressed
Hoy me permito disfrutar sin culpa,Stressed
Cada instante cuenta Âhazlo feliz,Stressed
Hoy no necesito nada que felicidad,Stressed
Que la risa nunca falte en tu vida,Stressed
Nada como un lleno de risas y amor,Stressed
Hoy todo es luz amor y buena vibra,Stressed
Amo esos en los que todo fluye con,Stressed
La felicidad es mi mejor accesorio,Stressed
Nada me detiene cuando estoy feliz,Stressed
Que la felicidad sea tu en la vida,Stressed
Vive cada momento como si fuera el,Stressed
Una mente positiva atrae felicidad,Stressed
Hoy es un perfecto para sin motivo,Stressed
Encuentra la magia en cada momento,Stressed
No es tristeza es una constante de,Stressed
ÂAlguna vez a sentirme como antes,Stressed
Solo quiero sentirme vivo de nuevo,Stressed
Dejando que la sea mi en el camino,Stressed
A veces siento que estoy en piloto,Stressed
Estoy cansado de esta constante de,Stressed
Quiero cambiar pero no por empezar,Stressed
No si estoy en pausa o simplemente,Stressed
Me encontrar una para genuinamente,Stressed
Me poder darle sentido a todo esto,Stressed
No si necesito ayuda o solo tiempo,Stressed
Mi mente no descansa ni un segundo,Stressed
No quiero rendirme pero a veces es,Stressed
Me esfuerzo por no preocupar a los,Stressed
sentirme emocionado por algo nuevo,Stressed
La tristeza se ha convertido en mi,Stressed
Me esfuerzo pero no veo resultados,Stressed
Estoy buscando razones para seguir,Stressed
Siento que mi mente nunca descansa,Stressed
sentirme seguro en mi propia mente,Stressed
La vida no siempre necesita ser un,Stressed
Sin prisa disfrutando cada momento,Stressed
Disfrutando la rutina con gratitud,Stressed
Seguro sin miedos ni inseguridades,Stressed
Disfrutando la comida con gratitud,Stressed
Sin grandes emociones pero con paz,Stressed
No hay necesidad de apresurar nada,Stressed
Hoy me permito no pensar demasiado,Stressed
Hoy no busco respuestas solo vivir,Stressed
Sin prisas sin pausas solo y ahora,Stressed
Nada extraordinario pero todo bien,Stressed
Me encanta la estabilidad de estos,Stressed
A veces la felicidad en lo estable,Stressed
Agradezco la calma del autocuidado,Stressed
Me gusta cuando los son tranquilos,Stressed
Hoy no hay apuros todo a su tiempo,Stressed
Un normal con sus momentos simples,Stressed
La estabilidad mental es un regalo,Stressed
Hoy fue un tranquilo sin altibajos,Stressed
La belleza en los detalles sutiles,Stressed
Dejando que la luz interior brille,Stressed
El mundo se siente gris y sin vida,Stressed
El silencio es mi grito de auxilio,Stressed
En un laberinto sin salida perdido,Stressed
Estoy atrapado en mi propio cuerpo,Stressed
Estoy atrapado en un ciclo sin fin,Stressed
Estoy cansado de no ser suficiente,Stressed
Estoy cayendo en un abismo sin fin,Stressed
Estoy cayendo en un pozo sin fondo,Stressed
Estoy perdiendo el control de todo,Stressed
He olvidado se siente la felicidad,Stressed
La es un recuerdo lejano y borroso,Stressed
La es una que ya no puedo recordar,Stressed
La se ha convertido en un concepto,Stressed
La esperanza es un recuerdo lejano,Stressed
La vida es un camino sin estrellas,Stressed
La vida es un camino sin horizonte,Stressed
La vida es un laberinto sin salida,Stressed
La vida ha dejado de tener sentido,Stressed
Me estoy desvaneciendo poco a poco,Stressed
Me estoy perdiendo y nadie lo nota,Stressed
Me siento como una sombra de mismo,Stressed
Nadie sabe lo que realmente siento,Stressed
No hay futuro para alguien como yo,Stressed
No puedo encontrar una para seguir,Stressed
No quiero seguir en esta oscuridad,Stressed
No quiero seguir preocupando a los,Stressed
No quiero ser una carga para nadie,Stressed
No seguir viviendo con tanto dolor,Stressed
No tengo ganas de hablar con nadie,Stressed
No tengo nada que ofrecer al mundo,Stressed
Quisiera desaparecer por un tiempo,Stressed
Tal vez solo tal vez hay esperanza,Stressed
Todo lo que hago se siente en vano,Stressed
Me duele estar pero me asusta irme,Stressed
Un herido buscando un lugar seguro,Stressed
Perdido en un laberinto sin salida,Stressed
La vida es un eco lejano inaudible,Stressed
Me siento atrapado en un abismo de,Stressed
Calma mental equilibrio relaciones,Stressed
Silencio profundo busco mi esencia,Stressed
tensa nervios relajo profundamente,Stressed
La es demasiada pero sigo adelante,Stressed
Me siento como una bomba de tiempo,Stressed
Todo me abruma necesito un respiro,Stressed
Cada es una lucha contra el tiempo,Stressed
Todo parece estar fuera de control,Stressed
Siento que cada es que el anterior,Stressed
Me poder encontrar una a todo esto,Stressed
Necesito un descanso pero no puedo,Stressed
Todo lo que quiero es tranquilidad,Stressed
Sigo adelante porque no tengo otra,Stressed
Estoy luchando con mi propia mente,Stressed
No encontrar equilibrio en mi vida,Stressed
La vida se siente demasiado pesada,Stressed
La que siento es casi insoportable,Stressed
El cansancio mental es peor que el,Stressed
No deshacerme de esta de constante,Stressed
Me duele la cabeza de tanto pensar,Stressed
Estoy peleando con mi propia mente,Stressed
No quiero seguir pero no cambiarlo,Stressed
Estoy demasiado y no es suficiente,Stressed
Tranquilidad espiritual paz mental,Stressed
agobia sentimental alivio profundo,Stressed
Calma sentimental centro emocional,Stressed
sentimental olvido ruido emocional,Stressed
Claridad relacional objetividad en,Stressed
Mi mente un torbellino sin control,Stressed
Siento que me rompo en mil pedazos,Stressed
en el pecho en la mente en el alma,Stressed
Siento que me pierdo en la demanda,Stressed
El cansancio me pesa como una losa,Stressed
La cabeza me duele de tanto pensar,Stressed
Tempo per me stesso per riflettere,Stressed
La vita scorre senza grandi scosse,Stressed
Mi sento come se fossi un fantasma,Stressed
Ogni momento per apprezzare che ho,Stressed
Osservare il mondo con occhi nuovi,Stressed
Camminare con nella propria strada,Stressed
Il cambiamento fa parte della vita,Stressed
Sentirsi a proprio agio in armonia,Stressed
Energia positiva e mente rilassata,Stressed
Giornate di calma anime in armonia,Stressed
Giornate di sorrisi cuori in festa,Stressed
La bellezza sta nelle piccole cose,Stressed
Il futuro appartiene a chi lo crea,Stressed
La pazienza la chiave del successo,Stressed
Gli amici rendono la vita migliore,Stressed
Senza di voi non sarebbe lo stesso,Stressed
Ogni traguardo inizia con un passo,Stressed
Ogni giorno porta un sorriso nuovo,Stressed
Ridi senza motivo ama senza limiti,Stressed
La vita senza amici sarebbe noiosa,Stressed
La un viaggio non una destinazione,Stressed
Mi sento come se fossi in paradiso,Stressed
La un viaggio che inizia nel cuore,Stressed
Collezionare sorrisi non rimpianti,Stressed
La vita bella con un cuore leggero,Stressed
Amici per sempre felici per sempre,Stressed
Sentirsi come in un dipinto felice,Stressed
Sentirsi in equilibrio con la vita,Stressed
Vivere con passione i propri sogni,Stressed
Gioia nel creare qualcosa di unico,Stressed
Gioia nel scoprire nuovi orizzonti,Stressed
Vivere con dedizione ogni progetto,Stressed
Vivere con un pizzico di avventura,Stressed
Gioia come unavventura inaspettata,Stressed
Un senso di appagamento mi riempie,Stressed
La degli alberi una forza di gioia,Stressed
Lamore che riempie ogni istante di,Stressed
La dolcezza dei baci unemozione di,Stressed
Lamore che illumina ogni giorno di,Stressed
La un giardino fiorito di emozioni,Stressed
La una consapevolezza del presente,Stressed
La un viaggio verso la mia essenza,Stressed
La unaccettazione del mio percorso,Stressed
Dipingo la gioia con colori vivaci,Stressed
La unesperienza che mi arricchisce,Stressed
La una melodia che danza nel cuore,Stressed
Mi sento potente e pienoa di gioia,Stressed
Mi sento sicuroa e pienoa di gioia,Stressed
Mi sento liberoa e pienoa di gioia,Stressed
La unemozione che mi rende liberoa,Stressed
Cerco la gioia nei momenti di pura,Stressed
La unesperienza di quiete profonda,Stressed
Sento la gioia come un volo libero,Stressed
La unesperienza di pura leggerezza,Stressed
Trovo la gioia nel ritmo del cosmo,Stressed
La unesperienza di pura meraviglia,Stressed
La unesperienza di pura resistenza,Stressed
Sento la gioia come uneco costante,Stressed
Trovo la gioia nei piccoli trionfi,Stressed
Vorrei solo sparire per un momento,Stressed
La vita una pena costante non fine,Stressed
Mi sento come se stessi per cedere,Stressed
A volte mi sento sopraffatto dalle,Stressed
La mia mente un campo di battaglia,Stressed
Sensazione di dover correre sempre,Stressed
Sento il peso di ogni piccola cosa,Stressed
La a trovare un momento di emotiva,Stressed
La a trovare un momento di respiro,Stressed
Sensazione di essere in un vortice,Stressed
Un groviglio di pensieri irrisolti,Stressed
Unoppressione che pesa sul respiro,Stressed
La sensazione di parlare nel vuoto,Stressed
La sensazione di essere invisibile,Stressed
La a ritrovare la propria pienezza,Stressed
Giornate che sembrano tutte uguali,Stressed
La a ritrovare la propria speranza,Stressed
La a trovare un senso di autostima,Stressed
La a trovare un senso di interezza,Stressed
La a trovare un senso di rinascita,Stressed
La a trovare un senso di risonanza,Stressed
La a trovare un senso nella storia,Stressed
La a trovare una speranza concreta,Stressed
La mia mente un giardino inaridito,Stressed
La mia vita una serie di delusioni,Stressed
La sensazione di essere un deserto,Stressed
La sensazione di non avere energie,Stressed
La sensazione di non avere nessuno,Stressed
La speranza unombra che si allunga,Stressed
Le emozioni sono come foglie morte,Stressed
Mi sento come se stessi affondando,Stressed
Mi sento distante da tutto e tutti,Stressed
Mi sento perso senza una direzione,Stressed
Non riesco a concentrarmi su nulla,Stressed
Oggi nulla ha senso mi sento perso,Stressed
Oggi tutto sembra troppo difficile,Stressed
Spero che il dolore finisca presto,Stressed
Un sorriso che non arriva al cuore,Stressed
Unapatia che mi rende prigionieroa,Stressed
Uneco di passato che mi ossessiona,Stressed
Uneco di rimpianti che mi tormenta,Stressed
Uneco di solitudine che mi avvolge,Stressed
Uneco di solitudine che mi soffoca,Stressed
Uneco di stanchezza che mi pervade,Stressed
Unombra di malinconia che mi segue,Stressed
Ogni giorno una lotta per esistere,Stressed
Non provo emozioni solo stanchezza,Stressed
Non vedo il senso di andare avanti,Stressed
Ogni respiro un peso da sopportare,Stressed
Non via duscita sono intrappolatoa,Stressed
Il panico mi stritola non salvezza,Stressed
La mente un labirinto senza uscita,Stressed
Tutto senza senso ogni sforzo vano,Stressed
Non redenzione solo uneco di colpa,Stressed
La mia anima un abisso di amarezza,Stressed
La mia esistenza unagonia costante,Stressed
Non tregua solo uneco di conflitto,Stressed
La mia anima un labirinto di dubbi,Stressed
Non solo una frammentazione totale,Stressed
Non perdono solo un rancore eterno,Stressed
La mia anima un labirinto di colpa,Stressed
La mia anima un deserto di inerzia,Stressed
Non sento il battito del mio cuore,Stressed
Unassenza che pesa come un macigno,Stressed
Non sento la promessa di un domani,Stressed
Non trovo il senso di appartenenza,Stressed
Non trovo la strada che porta alla,Stressed
Non trovo la voglia di condividere,Stressed
A little bit of joy goes a long way,Stressed
A smile is the best accessory I own,Stressed
Being happy never goes out of style,Stressed
Choose joy spread love and be happy,Stressed
Collecting happiness like seashells,Stressed
Every day is a chance to be happier,Stressed
Exhausted but still pushing through,Stressed
Feeling like Im walking on sunshine,Stressed
Filling my cup with good vibes only,Stressed
Happiness is the best kind of light,Stressed
Happiness is the best kind of magic,Stressed
Happiness is the path to everything,Stressed
Happiness isnt a placeits a mindset,Stressed
Happiness looks amazing on everyone,Stressed
Hoping for a break that never comes,Stressed
Joy looks good on me dont you think,Stressed
Just a happy soul with a wild heart,Stressed
Just letting my happy flag fly high,Stressed
Living in a state of pure happiness,Stressed
Making today as amazing as possible,Stressed
Making today sparkle with happiness,Stressed
My favorite kind of days Happy ones,Stressed
Nothing but good vibes and sunshine,Stressed
Radiating good vibes and positivity,Stressed
Simple joys make the biggest smiles,Stressed
So grateful for these happy moments,Stressed
Soaking in all the good vibes today,Stressed
Soaking up the happy sounds of life,Stressed
The colors have faded from my world,Stressed
This joy Its mine and Im keeping it,Stressed
Waking up happy is my favorite flex,Stressed
A quiet determination to keep going,Stressed
Drowning in emotions I cant explain,Stressed
Feeling lost in a place I once knew,Stressed
Finding beauty in the quiet moments,Stressed
Finding beauty in the subtle shifts,Stressed
Finding comfort in the small things,Stressed
Holding onto the promise of healing,Stressed
Just being present even if its hard,Stressed
Just taking it one moment at a time,Stressed
Smiles do not always mean happiness,Stressed
So many things to do so little time,Stressed
Some nights the silence is too loud,Stressed
Still hoping for the clouds to part,Stressed
Still looking for the silver lining,Stressed
The art of smiling through the pain,Stressed
The battle within rages on silently,Stressed
The weight of feeling misunderstood,Stressed
Too much to process too little time,Stressed
A mind at ease is a beautiful thing,Stressed
A playlist a long drive and no rush,Stressed
Balancing on the edge of exhaustion,Stressed
Breathing in gratitude exhaling joy,Stressed
Documenting life one post at a time,Stressed
Exploring the wonders of this place,Stressed
Feeling happy and blessed with this,Stressed
Feeling happy and content with this,Stressed
Feeling happy and grateful for this,Stressed
Fighting battles no one knows about,Stressed
Finding comfort in my daily routine,Stressed
Finding joy in the simplest moments,Stressed
Just appreciating the little things,Stressed
Just waiting for my brain to reboot,Stressed
Living with kindness and compassion,Stressed
Living with love laughter and light,Stressed
Maybe tomorrow will be better Maybe,Stressed
No complaints no worries just being,Stressed
Observing the beauty in the details,Stressed
Pressure building patience thinning,Stressed
Running low on motivation send help,Stressed
Sharing a little bit of my sunshine,Stressed
Sharing a little slice of happiness,Stressed
Sharing a little snapshot of my day,Stressed
Sipping happiness one cup at a time,Stressed
The smile is there but its not real,Stressed
Why does happiness feel so far away,Stressed
Witnessing the magic of this moment,Stressed
Even in a crowded room I feel alone,Stressed
Everything feels heavy and draining,Stressed
Everything feels pointless and gray,Stressed
Feeling completely lost in this fog,Stressed
Feeling like a ghost in my own life,Stressed
Feeling like Im slowly disappearing,Stressed
Feeling so disconnected from myself,Stressed
Feeling utterly alienated and alone,Stressed
Feeling utterly consumed by despair,Stressed
Hard to find a reason to keep going,Stressed
I need a break from my own thoughts,Stressed
Just wishing for a moment of relief,Stressed
Just wishing for some understanding,Stressed
Living in the pages of my own story,Stressed
No strength to even pretend anymore,Stressed
Pretending to be okay is exhausting,Stressed
Searching for something I cant name,Stressed
Sipping coffee soaking up the quiet,Stressed
The present is the best place to be,Stressed
The shadows offer a strange comfort,Stressed
Todays special one moment at a time,Stressed
Winter sports day at the local park,Stressed
Burnt out but still pushing forward,Stressed
Can someone return my peace of mind,Stressed
Coffee is my only survival strategy,Stressed
Everything feels like a huge effort,Stressed
Everything is loud even my thoughts,Stressed
Feeling like Im about to break down,Stressed
Feeling like Im walking a tightrope,Stressed
Feeling like Im walking on thin ice,Stressed
Feeling the pressure from all sides,Stressed
Feeling the tension in my shoulders,Stressed
Feeling too much and nothing at all,Stressed
I am here but I feel somewhere else,Stressed
Just trying to keep it all together,Stressed
Missing summer vibes and beach days,Stressed
My brain feels like a broken record,Stressed
My reflection feels like a stranger,Stressed
My stress levels are off the charts,Stressed
Pretty sure my stress is contagious,Stressed
Running on fumes hoping for a break,Stressed
Struggling but still moving forward,Stressed
Tired of pretending Im not stressed,Stressed
Trying to find joy in small moments,Stressed
Walking through life at my own pace,Stressed
Brilla tanto que el sol tenga celos,Stressed
Una sonrisa cambia el de cualquiera,Stressed
La felicidad en disfrutar lo simple,Stressed
Hoy toca hasta que duela la barriga,Stressed
Las cosas bonitas no cuestan dinero,Stressed
Nada mejor que un lleno de sonrisas,Stressed
Si la felicidad tuviera un color el,Stressed
Cada cuenta Âhaz que valga la pena,Stressed
Las compartidas son doble felicidad,Stressed
No se necesita mucho para ser feliz,Stressed
Nada es contagioso que la felicidad,Stressed
La vida se disfruta con una sonrisa,Stressed
Disfrutando los placeres de la vida,Stressed
Hoy brindo por los momentos felices,Stressed
Feliz con lo que soy y lo que tengo,Stressed
La felicidad es el mejor maquillaje,Stressed
La felicidad es el perfume del alma,Stressed
La mejor receta para la vida amor y,Stressed
de quienes suman sonrisas a tu vida,Stressed
Que la felicidad sea tu meta diaria,Stressed
La no tiene precio pero mucho valor,Stressed
No hay mejor que la paz de un feliz,Stressed
Encuentra la felicidad en lo simple,Stressed
La mejor sonrisa es la que sale del,Stressed
El amor es la clave de la felicidad,Stressed
Un alma feliz es un de cosas buenas,Stressed
Buscando la en los momentos simples,Stressed
Buscando el sol de las nubes grises,Stressed
Me despierto y ya estoy cansado del,Stressed
Quiero avanzar pero algo me retiene,Stressed
pudiera ver el mundo con otros ojos,Stressed
Estoy cansado de esta lucha interna,Stressed
Me siento atrapado en una rutina de,Stressed
Quisiera sentirme en mi propia piel,Stressed
Estoy pero siento que no pertenezco,Stressed
Me encontrar paz en mi propia mente,Stressed
Me cuesta encontrarle sentido a mis,Stressed
Todo parece tan lejos de mi alcance,Stressed
Todo me cuesta el doble de esfuerzo,Stressed
No si estoy creciendo o simplemente,Stressed
No fue la vez que realmente me bien,Stressed
Me duele el alma pero nadie lo nota,Stressed
de buscando claridad en mi interior,Stressed
Buscando momentos de alivio en el a,Stressed
Me duele el alma pero no explicarlo,Stressed
sentirme en casa en mi propia mente,Stressed
Siento que cada pierdo una parte de,Stressed
Me duele la mente me pesa el cuerpo,Stressed
Me sentirme en casa dentro de mismo,Stressed
pudiera apagar mi mente por un rato,Stressed
cuando la vida no se tan complicada,Stressed
Cada vez me cuesta salir de la cama,Stressed
Quiero volver a sentir sin esfuerzo,Stressed
Me sentir que mi vida tiene sentido,Stressed
Me siento como un en mi propia piel,Stressed
La tristeza es una sombra que sigue,Stressed
Estoy tratando pero cada vez cuesta,Stressed
Me siento como si estuviera a mismo,Stressed
Estoy tratando de mantenerme fuerte,Stressed
Estoy tratando de mantenerme de pie,Stressed
en con mi entorno en paz con mi ser,Stressed
Solo dejando que el pase a su ritmo,Stressed
Sin prisas sin pausas solo viviendo,Stressed
Un paseo sin rumbo solo por caminar,Stressed
No necesito respuestas solo avanzar,Stressed
Sereno sin preocupaciones excesivas,Stressed
Positivo con esperanza en el futuro,Stressed
Apreciando el silencio y la soledad,Stressed
Reconciliado con mi pasado y futuro,Stressed
En con mis fortalezas y debilidades,Stressed
Hoy todo se siente bien tal como es,Stressed
Hoy no hay tormentas en mi interior,Stressed
Hoy me dedico a disfrutar las cosas,Stressed
La calma de un normal es invaluable,Stressed
Un buen libro y una tarde tranquila,Stressed
Nada que cambiar todo en equilibrio,Stressed
Hoy me siento como un lago en calma,Stressed
La normalidad tiene su propia magia,Stressed
La vida me da justo lo que necesito,Stressed
Me gusta cuando la vida es sencilla,Stressed
Encuentro la en la con mi comunidad,Stressed
Encuentro en mi comunidad y entorno,Stressed
Aprecio los en los que no pasa nada,Stressed
Un respiro profundo y sigo adelante,Stressed
No busco solo disfruto lo que tengo,Stressed
Me gusta este ritmo pausado de vida,Stressed
Me encanta cuando la vida es simple,Stressed
Me siento en balance con mi entorno,Stressed
Hoy no hubo sorpresas pero hubo paz,Stressed
Me encanta cuando la mente en calma,Stressed
Hoy todo se siente ligero y natural,Stressed
Disfrutando del silencio y la calma,Stressed
Sintiendo la serenidad en cada paso,Stressed
Conectando con la esencia del ahora,Stressed
Encontrando fuerza en la fragilidad,Stressed
Estoy agotado de esta lucha interna,Stressed
Estoy harto de fingir que todo bien,Stressed
Grito por dentro pero nadie escucha,Stressed
La es una flor que se ha marchitado,Stressed
La ausencia de luz es ensordecedora,Stressed
La culpa me persigue constantemente,Stressed
La tristeza es un peso insoportable,Stressed
La tristeza me consume por completo,Stressed
La tristeza me sigue a todas partes,Stressed
La tristeza no se va solo se oculta,Stressed
La vida es un libro sin final feliz,Stressed
La vida sigue pero yo me he quedado,Stressed
Me levanto cada sin ganas de seguir,Stressed
Me siento como un barco a la deriva,Stressed
Me siento como un eco perdido en el,Stressed
Me siento como un eco sin respuesta,Stressed
Me siento como un en mi propia vida,Stressed
Me siento como una carga para todos,Stressed
Me siento perdido en mi propia vida,Stressed
Mi alma en un invierno interminable,Stressed
Nada de lo que hago parece importar,Stressed
No me siento merecedor de felicidad,Stressed
No explicar este dolor sin palabras,Stressed
No seguir con tanto dolor dentro de,Stressed
No tengo ganas de seguir intentando,Stressed
alguien notara lo que estoy pasando,Stressed
Siento que me desvanesco lentamente,Stressed
Siento que mi alma cansada de vivir,Stressed
Siento que mi existencia no importa,Stressed
Solo quiero descansar de este dolor,Stressed
Solo quiero que alguien me entienda,Stressed
Solo quiero que el dolor se detenga,Stressed
Solo quiero un descanso de mi mente,Stressed
Un espectador en mi propia historia,Stressed
Un aislamiento que se siente eterno,Stressed
La mental agota relaciones necesito,Stressed
Descanso reparador revitalizo mente,Stressed
Estoy saturado de responsabilidades,Stressed
La carga es demasiada pero no tengo,Stressed
Estoy cansado de estar siempre bajo,Stressed
No tengo un segundo de tranquilidad,Stressed
Todo es una carrera contra el reloj,Stressed
Me estoy ahogando en preocupaciones,Stressed
La ansiedad me consume cada un poco,Stressed
No tengo un minuto de descanso real,Stressed
Estoy mentalmente agotado y drenado,Stressed
No encuentro un solo momento de paz,Stressed
Me dejar de sentirme todo el tiempo,Stressed
No soltar toda esta carga emocional,Stressed
No relajarme todo me mantiene tenso,Stressed
No liberarme de esta de agotamiento,Stressed
Me estoy presionando demasiado y lo,Stressed
Me cuesta respirar con tanta encima,Stressed
Quisiera gritar y liberar todo esto,Stressed
Todo parece un problema gigante sin,Stressed
Quiero soltar esta ansiedad pero no,Stressed
Mi mente necesita una pausa urgente,Stressed
Quiero soltar esta angustia pero no,Stressed
Cada es una nueva batalla contra el,Stressed
Quiero paz pero parece inalcanzable,Stressed
La ansiedad y el son mis constantes,Stressed
Espacio mental seguro respiro libre,Stressed
Ansiedad bloquea creatividad libero,Stressed
Tranquilidad en lazos paz y genuina,Stressed
El me robando cada momento de calma,Stressed
Agradecido por las cosas de la vida,Stressed
relajado sin tensiones innecesarias,Stressed
Disfrutando de la sin sentirme solo,Stressed
Un nudo en la garganta y en el alma,Stressed
Necesito un escape aunque sea breve,Stressed
Siento que el mundo me viene encima,Stressed
Siento que me desmorono poco a poco,Stressed
Demasiados pendientes poco descanso,Stressed
Siento que me ahogo en la exigencia,Stressed
Siento que me desvanezco lentamente,Stressed
El cansancio me robando la claridad,Stressed
Siento el acelerado por la ansiedad,Stressed
Routine mattutina nulla di speciale,Stressed
Il tramonto la fine di una giornata,Stressed
La solita strada per tornare a casa,Stressed
Mi sento come se fossi morto dentro,Stressed
La vita fatta di scelte scegli bene,Stressed
Ogni passo un passo verso il futuro,Stressed
Ogni momento prezioso non sprecarlo,Stressed
Ogni giorno per imparare e crescere,Stressed
La si costruisce giorno dopo giorno,Stressed
Le piccole cose fanno la differenza,Stressed
La vita un dono da vivere con calma,Stressed
Sentirsi soddisfatti pieni di gioia,Stressed
Un attimo di pace un pensiero dolce,Stressed
La bellezza della la pace interiore,Stressed
Un giorno di pace un cuore in festa,Stressed
Sentirsi in pace come un lago calmo,Stressed
Giornate di risate anime in armonia,Stressed
La pace interiore la vera ricchezza,Stressed
Un nuovo giorno una nuova avventura,Stressed
Con gli amici ogni giorno una festa,Stressed
Il tempo passa ma i ricordi restano,Stressed
Lamicizia la famiglia che scegliamo,Stressed
Esplorare per scoprire nuove storie,Stressed
Lenergia positiva attrae cose belle,Stressed
Il cuore trova sempre la sua strada,Stressed
Il vero amore una scelta quotidiana,Stressed
Siamo due pezzi dello stesso puzzle,Stressed
Il tuo amore illumina i miei giorni,Stressed
La vita bella ogni momento prezioso,Stressed
La unenergia che mi fa sentire vivo,Stressed
La una luce che illumina il cammino,Stressed
Sorridere senza un motivo apparente,Stressed
Happiness with People Relationships,Stressed
Sentirsi come in un racconto felice,Stressed
Vivere con entusiasmo ogni progetto,Stressed
Vivere con ispirazione ogni momento,Stressed
Gioia come un sogno ad occhi aperti,Stressed
Gioia come una sorpresa inaspettata,Stressed
Gioia come unesperienza stravagante,Stressed
La purezza della neve un candore di,Stressed
Lamicizia un tesoro che porta gioia,Happy
La di sentirsi compresi e accettati,Happy
La di sentirsi al sicuro e protetti,Happy
La gioia uneco di risate contagiose,Happy
La uneco di momenti indimenticabili,Happy
La unavventura che vivo ogni giorno,Happy
Rido con la gioia fino alle lacrime,Happy
La una creazione che mi rende fiero,Happy
Celebro la gioia insieme agli altri,Happy
Creo la gioia con le parole gentili,Happy
La unesplosione di colori nellanima,Happy
La una sinfonia di momenti preziosi,Happy
La unarmonia di emozioni e pensieri,Happy
La unonda che mi trasporta verso la,Happy
La un abbraccio che scalda il cuore,Happy
La un dono che apprezzo ogni giorno,Happy
Mi sento pienoa di speranza e gioia,Happy
La unespressione della mia saggezza,Happy
La unesperienza piena di leggerezza,Happy
Trovo la gioia nella calma profonda,Happy
Sento la come un abbraccio delicato,Happy
La unarmonia con il mondo interiore,Happy
Trovo la gioia nellistante presente,Happy
Sento la gioia come unesplosione di,Happy
Trovo la gioia nella del quotidiano,Happy
La unesperienza di pura ispirazione,Happy
Solo voglio una pausa un momento di,Happy
Quando questa giornata sono esausto,Happy
Sento di non farcela il peso troppo,Happy
La pressione sociale insopportabile,Happy
La pressione mi fa sentire bloccato,Happy
A volte la vita sembra un labirinto,Happy
La mia mente un turbine di pensieri,Happy
A volte ho bisogno di un momento di,Happy
La mia mente un turbine di emozioni,Happy
La a trovare un momento di sollievo,Happy
Uneco di preoccupazioni nella mente,Happy
Unagitazione che non conosce tregua,Happy
La a trovare un momento di evasione,Happy
La a trovare un momento di silenzio,Happy
La a trovare un momento di allegria,Happy
La sensazione di essere un fantasma,Happy
La a ritrovare la propria direzione,Happy
La sensazione di essere unillusione,Happy
Internal Disarray Fragility Italian,Happy
Il mio controllo una diga che croll,Happy
Ho bisogno di un po di tempo per me,Happy
Sono ufficialmente in sopravvivenza,Happy
La a comunicare i propri sentimenti,Happy
La a trovare una sfumatura di gioia,Happy
La fatica di affrontare la giornata,Happy
La leggerezza unombra di un ricordo,Happy
La sensazione di essere incompresoa,Happy
La sensazione di essere unestraneoa,Happy
La sensazione di non avere desideri,Happy
La sensazione di non sentire niente,Happy
La speranza una candela che vacilla,Happy
La vita un film senza sceneggiatura,Happy
La vita un sentiero senza direzione,Happy
Mi manca lenergia per andare avanti,Happy
Mi manca lenergia per essere felice,Happy
Mi manca lenergia per fare qualcosa,Happy
Mi sforzo di sorridere ma difficile,Happy
Non riesco a concentrarmi su niente,Happy
Non so se riesco ancora a sorridere,Happy
Non trovo il coraggio di fare nulla,Happy
Non trovo pace nemmeno nel silenzio,Happy
Non trovo la forza di essere felice,Happy
Ogni passo sembra pesante dellaltro,Happy
Sono sopraffatto da troppe emozioni,Happy
Spero che tutto questo passi presto,Happy
Uneco di lacerazione che mi avvolge,Happy
Uneco di smarrimento che mi avvolge,Happy
Uneco di sospensione che mi avvolge,Happy
Unindifferenza che non indifferenza,Happy
Uninquietudine che non trova riposo,Happy
Uninquietudine che non trova tregua,Happy
Non riesco a trovare la motivazione,Happy
Mi sento come se fossi intrappolato,Happy
Il terrore mi annienta non speranza,Happy
Non riposo solo tormento incessante,Happy
La mia si frantuma non mi riconosco,Happy
La mia anima un labirinto di dolore,Happy
Non salvezza solo uneco di condanna,Happy
Il mondo un luogo di menzogne senza,Happy
Non calore solo un freddo interiore,Happy
Sento di essere unombra senza corpo,Happy
La mia anima un silenzio assordante,Happy
La mia in frantumi non mi riconosco,Happy
Non fiducia solo un sospetto eterno,Happy
La mia anima un deserto di menzogne,Happy
La un puzzle incompleto senza pezzi,Happy
La mia voce un sussurro inascoltato,Happy
Non trovo la forza di andare avanti,Happy
Non trovo la ragione per continuare,Happy
Non sento il calore di un abbraccio,Happy
La un muro invisibile che mi separa,Happy
Non trovo la strada per la speranza,Happy
A joyful heart makes a blooming soul,Happy
A joyful heart makes the best filter,Happy
A smile a day keeps the worries away,Happy
Basking in the glow of a joyful life,Happy
Chasing joy like its my fulltime job,Happy
Coding a new project with enthusiasm,Happy
Every moment counts so make it happy,Happy
Feeling absolutely radiant and happy,Happy
Feeling all kinds of happy right now,Happy
Feeling lighter brighter and happier,Happy
Feeling like a stretched rubber band,Happy
Find your happy place and live in it,Happy
Happiness is the best feeling Period,Happy
Happiness is the best kind of energy,Happy
Happiness is the best kind of glowup,Happy
Happiness is the best kind of wealth,Happy
Happiness is the direction Im headed,Happy
Laughter is the best kind of therapy,Happy
Let your happiness be your signature,Happy
Letting the day unfold as it pleases,Happy
Life is better when you are laughing,Happy
Life is brighter when youre laughing,Happy
Radiating positivity and good energy,Happy
Selfie mode on happiness at its best,Happy
Smiling because today is a great day,Happy
Smiling through every season of life,Happy
Stress has become my default setting,Happy
Stress has become my second language,Happy
Todays a good day to have a good day,Happy
Waking up happy going to bed happier,Happy
Every day feels like a balancing act,Happy
Fading into the background unnoticed,Happy
Feeling a sense of quiet resignation,Happy
Feeling like Im walking on eggshells,Happy
Holding onto hope even when it fades,Happy
Holding onto the memory of happiness,Happy
Holding onto the promise of tomorrow,Happy
I carry my stress like a second skin,Happy
Ive mastered the art of looking okay,Happy
Just another day of wearing the mask,Happy
Just trying to find my purpose again,Happy
Letting go of the need to be perfect,Happy
Not feeling 100 but gotta keep going,Happy
Searching for a reason to keep going,Happy
Some wounds dont show on the surface,Happy
Still searching for that inner spark,Happy
The fight for normalcy is exhausting,Happy
The spark is gone leaving only ashes,Happy
Todays stress level maximum overload,Happy
Trying to stay positive but its hard,Happy
A calm day nothing more nothing less,Happy
A little adventure never hurt anyone,Happy
A window seat and a world to observe,Happy
Always chasing that golden hour glow,Happy
Attending a virtual conference on AI,Happy
Being okay with not having an update,Happy
Breathing in the little joys of life,Happy
Chasing dreams and catching memories,Happy
Every day is a chance to start fresh,Happy
Feeling grateful for this experience,Happy
Feeling grateful for this lovely day,Happy
Feeling thankful for the simple joys,Happy
Finding beauty in the everyday chaos,Happy
Finding joy in the inbetween moments,Happy
Just another day in the book of life,Happy
Just appreciating the beauty of this,Happy
Just living no deeper meaning needed,Happy
Life feels good even when its simple,Happy
Living in the pauses between moments,Happy
Making today a day of positive vibes,Happy
No energy left to fight this anymore,Happy
No expectations no stressjust living,Happy
Not every day needs a highlight reel,Happy
Nothing holds any appeal or interest,Happy
Ordinary days make the best memories,Happy
Sharing a little bit of my adventure,Happy
Some thoughts weigh more than others,Happy
Taking deep breaths hoping they work,Happy
Taking the scenic route through life,Happy
The beauty of normalcy is underrated,Happy
Today is just today and thats enough,Happy
A storm inside me that never settles,Happy
Barely maintaining a grip on reality,Happy
Difficult to find the will to get up,Happy
Everything is urgent nothing is easy,Happy
Feeling completely devoid of emotion,Happy
Hope feels like a forgotten language,Happy
I forget what its like to feel light,Happy
I wish I could just pause everything,Happy
Just wanting someone to truly see me,Happy
Losing myself in the chaos of it all,Happy
My heart feels like its made of lead,Happy
No time to breathe no space to think,Happy
One task done a hundred more waiting,Happy
Silence holds so many unspoken words,Happy
Sleep is my only escape from reality,Happy
The darkness has become a part of me,Happy
The emptiness is swallowing me whole,Happy
The silence is a suffocating blanket,Happy
The world feels cold and indifferent,Happy
Wishing for a break from my own mind,Happy
Wishing for a moment of true respite,Happy
Carrying burdens no one else can see,Happy
Currently operating in survival mode,Happy
Currently running on borrowed energy,Happy
Currently running on empty and fumes,Happy
Currently running on pure adrenaline,Happy
Currently running on sheer willpower,Happy
Feeling the strain of overcommitment,Happy
Feeling the weight of responsibility,Happy
Happiness in the hum of a normal day,Happy
I exist but I dont really feel alive,Happy
I wish my thoughts had an off switch,Happy
Im exhausted from pretending Im okay,Happy
Just holding it together by a thread,Happy
Just need a day to silence the noise,Happy
Just trying to find a moment of calm,Happy
No energy left to fake a smile today,Happy
The new movie release is a mustwatch,Happy
The stress storm never really passes,Happy
A donde sea que vayas ve con todo tu,Happy
Tu felicidad depende de ti no de los,Happy
Haciendo recuerdos bonitos con gente,Happy
Eres luz no dejes que nada te apague,Happy
Cada tiene algo hermoso para ofrecer,Happy
Siempre hay razones para agradecer y,Happy
No hay mejor que en momentos felices,Happy
Los buenos comienzan con una sonrisa,Happy
Feliz y agradecido por cada instante,Happy
No hay excusas para no ser feliz hoy,Happy
y deja que el universo haga el resto,Happy
Si el plan es ser feliz estoy dentro,Happy
Nada ilumina que una sonrisa sincera,Happy
Disfrutando cada instante con amor y,Happy
Nada puede arruinar mi felicidad hoy,Happy
La clave de la vida amar y disfrutar,Happy
Disfrutando el presente con gratitud,Happy
La felicidad en los detalles simples,Happy
La felicidad en los momentos simples,Happy
Nada mejor que un lleno de felicidad,Happy
Hoy la felicidad es mi prioridad uno,Happy
felices crean recuerdos inolvidables,Happy
Donde hay amor siempre hay felicidad,Happy
porque tu felicidad ilumina el mundo,Happy
Nada como la paz de un lleno de amor,Happy
Hoy todo es posible porque me siento,Happy
Que la risa sea tu soundtrack diario,Happy
Cada sonrisa es un rayo de sol en mi,Happy
Mejorando mi con dosis de y gratitud,Happy
Hoy es un buen para empezar de nuevo,Happy
Vive con la certeza de que todo bien,Happy
Cuando decides ser feliz todo cambia,Happy
Disfruta cada instante como si fuera,Happy
La felicidad es contagiosa con todos,Happy
Dejando que la calma me en el camino,Happy
Aprendiendo a encontrar en las cosas,Happy
Quisiera tener para hacer lo que amo,Happy
A veces quisiera desaparecer un rato,Happy
No es que no quiera hablar es que no,Happy
Me desaparecer sin que nadie lo note,Happy
Mi cuerpo pero mi mente en otro lado,Happy
Lo intento pero a veces es demasiado,Happy
No explicarlo pero no me siento bien,Happy
Aprendiendo a navegar las olas de la,Happy
Buscando motivos para incluso en los,Happy
No estoy mal pero tampoco estoy bien,Happy
Quiero encontrar la que en el camino,Happy
Me cuesta encontrarle sentido a todo,Happy
Me estoy alejando sin querer hacerlo,Happy
Todo parece estar en pausa dentro de,Happy
Me despertarme con ganas de vivir el,Happy
Buscando la en los recuerdos felices,Happy
Cada es una lucha interna silenciosa,Happy
Cada me cuesta levantarme de la cama,Happy
Quiero sentirme en paz conmigo mismo,Happy
Quisiera poder dejar de pensar tanto,Happy
Buscando la chispa de la creatividad,Happy
Equilibrio entre esfuerzo y descanso,Happy
Estoy tratando de mantenerme a flote,Happy
No si necesito ayuda o solo descanso,Happy
Me poder expresar todo lo que siento,Happy
Me encontrar un poco de tranquilidad,Happy
Me esfuerzo por encontrar una salida,Happy
Me siento como si estuviera en pausa,Happy
Nada especial nada malo Solo la vida,Happy
No tengo mucho que decir solo existo,Happy
No hay mucho que contar pero estamos,Happy
Ser feliz no siempre significa estar,Happy
Estoy simplemente sin complicaciones,Happy
Me gusta este equilibrio en mi mente,Happy
No hay altibajos hoy solo equilibrio,Happy
No es un de pero tampoco de tristeza,Happy
Un sencillo lleno de paz y felicidad,Happy
Productivo y orgulloso de mis logros,Happy
Avanzando con confianza en mis metas,Happy
La paz es un regalo que valoro mucho,Happy
Caminando sin rumbo solo disfrutando,Happy
Disfrutando la estabilidad emocional,Happy
Sin exceso de pensamientos sin drama,Happy
Me permito disfrutar de este momento,Happy
Encuentro la en la con la naturaleza,Happy
Mi mente en paz al aceptar mi camino,Happy
La vida sigue su ritmo y yo con ella,Happy
Nada extraordinario pero todo en paz,Happy
Me permito estar presente sin prisas,Happy
Mi mente se siente clara y tranquila,Happy
Sin grandes emociones solo serenidad,Happy
Disfrutando de la estabilidad mental,Happy
La tranquilidad es mi lugar favorito,Happy
Me siento presente sin distracciones,Happy
La normalidad es parte del bienestar,Happy
La normalidad es un refugio en misma,Happy
Sin preocupaciones sin caos solo paz,Happy
A veces lo que necesitas es respirar,Happy
Dejando que el sol ilumine mi camino,Happy
Dejando que la vida fluya a su ritmo,Happy
El dolor nunca se va solo se esconde,Happy
Estoy atrapado en mi propia tristeza,Happy
Estoy cansado de decepcionar a todos,Happy
Estoy cansado de vivir con este peso,Happy
Estoy perdiendo la esperanza en todo,Happy
La es una palabra que ya no entiendo,Happy
La felicidad parece una inalcanzable,Happy
La oscuridad me asusta pero busco la,Happy
La tristeza me persigue a donde vaya,Happy
La tristeza me sigue como una sombra,Happy
Luchando contra mis propios demonios,Happy
Me ahogo en mis propios pensamientos,Happy
Me esfuerzo por pero duele demasiado,Happy
Me estoy derrumbando y nadie lo nota,Happy
Me levanto solo porque no tengo otra,Happy
Me siento como un estorbo para todos,Happy
Me siento como un con las alas rotas,Happy
Me siento como un enjaulado sin alas,Happy
Mi confianza se ha roto por completo,Happy
No encuentro un motivo para quedarme,Happy
No hay nada que me haga sentir mejor,Happy
No pedir ayuda sin parecer una carga,Happy
No seguir cuando todo parece perdido,Happy
No tengo fuerzas ni para pedir ayuda,Happy
pudiera desaparecer sin causar dolor,Happy
Siento que estoy muriendo por dentro,Happy
Siento que mi se ha vuelto de piedra,Happy
Todo lo que quiero es un poco de paz,Happy
Todo se siente borroso y sin sentido,Happy
Un eco en un cuarto lleno de sombras,Happy
La esperanza es una que se desvanece,Happy
El sufrimiento me consume por dentro,Happy
Me doy por vencido ante la oscuridad,Happy
Me siento atrapado en una espiral de,Happy
No desconectar mi mente de todo esto,Happy
Me esfuerzo tanto y no es suficiente,Happy
No puedo evitar preocuparme por todo,Happy
Quisiera soltar toda esta de una vez,Happy
Estoy perdiendo la con cada que pasa,Happy
Quisiera poder gritar y liberar esta,Happy
Necesito aprender a manejar mejor el,Happy
Me desconectarme de todo por un rato,Happy
Estoy tratando de manejar el pero no,Happy
No quiero que el me controle pero es,Happy
Siento que estoy a punto de colapsar,Happy
Estoy sobreviviendo pero no viviendo,Happy
Todo parece una imposible de escalar,Happy
No seguir adelante con este nivel de,Happy
No calmar esta tormenta en mi cabeza,Happy
No salir de este ciclo de ansiedad y,Happy
Estoy harto de sentir esta constante,Happy
Me siento y saturado al mismo tiempo,Happy
Claridad mental profunda objetividad,Happy
Desbordo sentimental control interno,Happy
Ansiedad bloquea claridad y apertura,Happy
Quisiera apagar mi mente por un rato,Happy
Mi mente es un caos del que no salir,Happy
Un tranquilo disfrutando del momento,Happy
Todo en orden sin caos ni descontrol,Happy
Necesito un respiro profundo y largo,Happy
Necesito un instante de tranquilidad,Happy
Siento un nudo en el por la ansiedad,Happy
Necesito un respiro urgente no puedo,Happy
Aspettando lautobus la solita attesa,Happy
Pensieri sparsi come foglie al vento,Happy
Mi sento come se stessi per crollare,Happy
Ogni giorno per migliorare me stesso,Happy
La routine essere una fonte di gioia,Happy
Ogni giorno per riflettere su che ho,Happy
La vita fatta di momenti non di cose,Happy
Camminare senza meta aiuta a pensare,Happy
La bellezza della la calma del cuore,Happy
Sentirsi presenti in armonia con che,Happy
Sentirsi a casa in armonia con tutto,Happy
Giornate dolci mente libera e serena,Happy
Momenti di pensieri limpidi e sereni,Happy
Un sorriso sincero un cuore in festa,Happy
Un attimo di un pensiero di dolcezza,Happy
La che avvolge la gioia che illumina,Happy
Scoprire il mondo scoprire se stessi,Happy
Andare lontano per trovare se stessi,Happy
Il nostro amore scritto nelle stelle,Happy
Oggi mi sento come se potessi volare,Happy
La vita un sogno e io lo sto vivendo,Happy
La gioia contagiosa spargila ovunque,Happy
La vita un mosaico di momenti felici,Happy
La una luce che brilla dentro di noi,Happy
Danzare sotto la pioggia senza paura,Happy
La si trova nei dettagli inaspettati,Happy
Vivere con una scintilla negli occhi,Happy
Vivere con la passione di un artista,Happy
Scoprire la bellezza in ogni istante,Happy
Creare ricordi che durano per sempre,Happy
La bellezza del paesaggio unode alla,Happy
La dolcezza del vento una carezza di,Happy
La gioia uneco che risuona nellanima,Happy
Cerco la gioia nei silenzi dellanima,Happy
Scopro la gioia nella mia resilienza,Happy
Offro la gioia come un dono prezioso,Happy
Cerco la gioia nei segreti del cuore,Happy
Apprezzo la magia dei momenti felici,Happy
La un percorso di crescita personale,Happy
Mi sento ispiratoa e pienoa di gioia,Happy
La unespressione della mia autostima,Happy
La unemozione che mi rende completoa,Happy
Cerco la gioia nei meandri dellanima,Happy
La unesperienza che mi rende liberoa,Happy
La unesperienza che mi rende saggioa,Happy
Cerco la gioia nei misteri del cuore,Happy
Sento la gioia come uneco del creato,Happy
Trovo la gioia nel mistero del cosmo,Happy
Vorrei solo che tutto fosse semplice,Happy
Mi sento come se fossi solo al mondo,Happy
Mi sento come se fossi un fallimento,Happy
Ogni giorno una lotta per trovare la,Happy
La vita un viaggio pieno di ostacoli,Happy
Tutto sembra urgente e insostenibile,Happy
Avrei bisogno di ore in una giornata,Happy
La stanchezza si accumula senza fine,Happy
La sensazione di essere sopraffattoa,Happy
La a trovare un momento di chiarezza,Happy
Sensazione di avere la mente confusa,Happy
La sensazione di avere il corpo teso,Happy
Situazioni che mi mettono alla prova,Happy
Sensazione di essere sotto pressione,Happy
Sensazione di essere in un labirinto,Happy
La sensazione di essere in un tunnel,Happy
La sensazione di essere in un vicolo,Happy
La a rompere le catene dellabitudine,Happy
La sensazione di essere in una morsa,Happy
La a trovare un momento di autonomia,Happy
La a trovare un momento di ottimismo,Happy
La sensazione di essere un involucro,Happy
I miei pensieri sono ombre che si mu,Happy
Cerco una motivazione che non arriva,Happy
Cerco una via duscita ma non la vedo,Happy
Focusing on Feeling Trapped Helpless,Happy
Il silenzio un urlo che non si sente,Happy
La a trovare un senso di cambiamento,Happy
La a trovare un senso di completezza,Happy
La a trovare un senso di connessione,Happy
La a trovare un senso di significato,Happy
La sensazione di essere abbandonatoa,Happy
La sensazione di essere in un abisso,Happy
La voglia di sognare un fuoco spento,Happy
Mi sembra che ogni giorno sia grigio,Happy
Mi sento come se fossi unombra senza,Happy
Non il meglio ma continuo a provarci,Happy
Non riesco a fare a meno di sentirmi,Happy
Non riesco a trovare una via duscita,Happy
Spero che domani porti un po di luce,Happy
Uneco di alienazione anche tra amici,Happy
Uneco di disillusione che mi consuma,Happy
Uneco di distorsione che mi circonda,Happy
Uneco di smarrimento che mi circonda,Happy
Unindifferenza che mi rende apaticoa,Happy
Unombra di malinconia anche nel sole,Happy
Non luce solo infinita che mi divora,Happy
La solitudine la mia unica compagnia,Happy
Non so cosa significhi essere felice,Happy
Ogni giorno difficile del precedente,Happy
La mia esistenza un inferno di paure,Happy
La mia anima un deserto di rimpianti,Happy
La mia esistenza unagonia senza fine,Happy
Il nulla mi avvolge non sento niente,Happy
La mia anima un buco nero senza luce,Happy
La mia anima un abisso di confusione,Happy
Non pace solo un tormento incessante,Happy
Sento di essere in unesistenza senza,Happy
La mia anima un deserto di tristezza,Happy
Non forma solo unassenza di contorni,Happy
Uneco di unanima che vaga senza meta,Happy
Il mondo una montagna insormontabile,Happy
Non trovo la luce in fondo al tunnel,Happy
Unassenza di speranza che mi avvolge,Happy
Non sento il desiderio di comunicare,Happy
A good mood is just one decision away,Happy
A happy heart never goes out of style,Happy
A hollow feeling where joy used to be,Happy
Being happy never goes out of fashion,Happy
Catching the golden rays of happiness,Happy
Chasing dreams and catching happiness,Happy
Happiness is homemade and Im the chef,Happy
Happiness is the best kind of feeling,Happy
Happiness is the best kind of freedom,Happy
Happiness is the best kind of therapy,Happy
Happiness is the sunshine of the soul,Happy
Happiness is waking up with a purpose,Happy
Heres to happiness and new beginnings,Happy
If happiness was a crime Id be guilty,Happy
Joy is the simplest form of gratitude,Happy
Just a reminder You deserve happiness,Happy
Just embracing the happy flow of life,Happy
Just trying to get through this storm,Happy
Keeping life simple and my heart full,Happy
My heart is full and my soul is light,Happy
Never stop smiling it confuses people,Happy
No filters no editsjust life as it is,Happy
Planning a garden makeover for spring,Happy
Pure happiness in every breath I take,Happy
Saturdays are for smiles and sunshine,Happy
Savoring the sweetness of simple joys,Happy
Simple moments bring the greatest joy,Happy
Smiling my way through lifes chapters,Happy
Soaking in the happy glow of this day,Happy
Some days its hard to catch my breath,Happy
Sparkling with happiness and sunshine,Happy
Stress feels like a neverending storm,Happy
Stress is my unwanted companion today,Happy
Stress is winning today and Im losing,Happy
Sunshine smiles and all things bright,Happy
Embracing the quiet resilience within,Happy
Even the stars seem dimmer these days,Happy
Every smile is a carefully placed lie,Happy
Everything feels a bit heavy and slow,Happy
Feeling a bit under the weather today,Happy
Feeling like Im living in slow motion,Happy
Finding comfort in the rhythm of life,Happy
Finding light in the acts of selfcare,Happy
Finding strength in the slow progress,Happy
Holding it together one day at a time,Happy
I need a break from feeling like this,Happy
If only stress had an expiration date,Happy
Just trying to find a moment of quiet,Happy
Just trying to find my inner strength,Happy
Letting go of the need for perfection,Happy
Letting life unfold in its own rhythm,Happy
My heart feels heavy but I keep going,Happy
Navigating through the fog of my mind,Happy
Searching for something to believe in,Happy
The night is darkest just before dawn,Happy
The smallest things feel overwhelming,Happy
Tired of feeling like Im never enough,Happy
A good day doesnt need an explanation,Happy
A moment to pause breathe and just be,Happy
Breathing in peace exhaling gratitude,Happy
Capturing moments one photo at a time,Happy
Discovering something wonderful today,Happy
Enjoying the simplicity of the moment,Happy
Finding magic in the ordinary moments,Happy
Focus on the good and let the rest go,Happy
Holding my breath through lifes chaos,Happy
Just another chapter in the same book,Happy
Just enjoying the calm and quiet here,Happy
Just enjoying the tranquility of this,Happy
Letting the day unfold as it wants to,Happy
Living in a constant state of tension,Happy
Living life with no urgency just flow,Happy
Lost in the rhythm of my own thoughts,Happy
Making the most of this beautiful day,Happy
Making today a day to be grateful for,Happy
Making today a day to remember fondly,Happy
Moments like these make life worth it,Happy
One day at a time one smile at a time,Happy
Running on fumes and unfinished tasks,Happy
Sharing a little glimpse into my life,Happy
Simplicity is the best kind of luxury,Happy
The comfort of routine never gets old,Happy
The more I do the more there is to do,Happy
The simple things are the best things,Happy
Too much to do not enough me to do it,Happy
Trying to find a reason to keep going,Happy
Watching the world go by and its okay,Happy
Cant grasp onto any positive thoughts,Happy
Difficult to find any joy in anything,Happy
Everything feels heavy and burdensome,Happy
Everything feels heavy and oppressive,Happy
Feeling like Im letting everyone down,Happy
Feeling lost in a room full of people,Happy
Feeling utterly alone even in a crowd,Happy
Feeling utterly detached from reality,Happy
Fighting a battle no one else can see,Happy
Happiness feels like a distant memory,Happy
Hard to find a single reason to smile,Happy
I carry my sadness well but its there,Happy
I laugh but sometimes it feels forced,Happy
Im tired in a way that sleep cant fix,Happy
Im tired but I dont have time to rest,Happy
Lost in thought trying to find my way,Happy
My heart beats but my soul feels numb,Happy
My thoughts are a storm I cant escape,Happy
No will to resist the pull of despair,Happy
Smiling but the weight is still there,Happy
Somewhere between coping and crashing,Happy
Somewhere between dreaming and living,Happy
Taking life one deep breath at a time,Happy
The emptiness is a constant companion,Happy
The walls feel like theyre closing in,Happy
The weight of unspoken words is heavy,Happy
The world feels alien and unwelcoming,Happy
The world feels like a distant memory,Happy
Wishing for a moment of genuine peace,Happy
Wishing I could hit pause for a while,Happy
Counting down the hours to some peace,Happy
Currently operating on fumes and hope,Happy
Drowning in a sea of responsibilities,Happy
Every deep breath feels like a battle,Happy
Everything feels like a lot right now,Happy
Feeling like Im at the breaking point,Happy
Feeling like Im carrying a heavy load,Happy
Feeling like Im drowning in deadlines,Happy
Feeling pulled in too many directions,Happy
If only my thoughts had an off switch,Happy
Just need a day to escape the madness,Happy
Just need a moment of peace and quiet,Happy
Just trying to find a moment of peace,Happy
Just trying to make it to the weekend,Happy
Latenight gaming session with friends,Happy
My inner cheerleader has stage fright,Happy
My stress levels are through the roof,Happy
No big plans just enjoying the moment,Happy
Overflowing with gratitude and smiles,Happy
Quality time with family this weekend,Happy
So many things demanding my attention,Happy
Sunshine on my skin peace in my heart,Happy
Trying to function on zero motivation,Happy
Si te hace feliz hazlo una y otra vez,Happy
No hay mal que una buena risa no cure,Happy
Los abrazos y las sonrisas son gratis,Happy
de personas que saquen lo mejor de ti,Happy
Que la felicidad siempre sea tu mejor,Happy
Que la felicidad siempre me encuentre,Happy
Si amas lo que haces nunca es trabajo,Happy
No necesitas un motivo para ser feliz,Happy
Los mejores comienzan con una sonrisa,Happy
Viviendo amando y disfrutando la vida,Happy
Que la felicidad me siga a donde vaya,Happy
Mi motor felicidad amor y buena vibra,Happy
Haciendo de la felicidad mi prioridad,Happy
Mi vida es un reflejo de mi felicidad,Happy
Que la felicidad te encuentre siempre,Happy
Hoy es el primer del resto de mi vida,Happy
Si hoy puedes ser feliz Âpor esperar,Happy
Que la felicidad sea mi destino final,Happy
Nada brilla que un alma llena de amor,Happy
Los felices son los mejores recuerdos,Happy
La risa es el mejor remedio para todo,Happy
Viviendo con gratitud y amor infinito,Happy
Siempre hay algo por lo que agradecer,Happy
Ser feliz es la mejor meta de la vida,Happy
Haz de tu vida un constante motivo de,Happy
Mi positiva atrae lo mejor de la vida,Happy
Hoy elijo amar y vivir con intensidad,Happy
La vida es corta alto y ama sin miedo,Happy
La felicidad en valorar lo que tienes,Happy
La felicidad es contagiosa sin medida,Happy
La felicidad en lo que haces con amor,Happy
Hoy es un buen para hacer lo que amas,Happy
de personas que sumen risas a tu vida,Happy
Hoy decido enfocarme solo en lo bueno,Happy
Baila como si nadie estuviera mirando,Happy
Haz de la felicidad tu estilo de vida,Happy
Algunas noches me pregunto si importa,Happy
Buscando la belleza en los ordinarios,Happy
Aprendiendo a encontrar belleza en la,Happy
Buscando la esperanza en los detalles,Happy
Me siento perdido pero sigo caminando,Happy
No estoy bien pero tampoco explicarlo,Happy
Quiero sentir algo que esta constante,Happy
pudiera encender una chispa dentro de,Happy
Hay en los que simplemente existo sin,Happy
Me cuesta ver el futuro con esperanza,Happy
de buscando respuestas en mi interior,Happy
Quisiera poder dormir sin despertarme,Happy
Hay una tristeza silenciosa dentro de,Happy
Quiero sentir algo que este constante,Happy
Me cuesta cada vez levantarme por las,Happy
Me sentirme ligero sin preocupaciones,Happy
Estoy cansado de cargar con todo esto,Happy
Me siento como si estuviera en piloto,Happy
Todo parece estar en pausa incluso yo,Happy
Quisiera poder hablar y ser entendido,Happy
Me siento desconectado de la realidad,Happy
Estoy rodeado de gente pero sigo solo,Happy
Quisiera saber se siente estar en paz,Happy
No si necesito ayuda o solo descansar,Happy
Buscando respiros en la rutina diaria,Happy
Me siento perdido en mi propia cabeza,Happy
Momentos de tristeza buscando escapes,Happy
de buscando respuestas en el silencio,Happy
La vida se siente gris buscando color,Happy
distracciones para calmar la ansiedad,Happy
Estoy tratando pero me sigo perdiendo,Happy
Nada como un buen libro y una taza de,Happy
Necesito un respiro un momento de paz,Happy
Algunos son de aventuras otros de paz,Happy
Un de paz sintiendo la a mi alrededor,Happy
Todo en orden sin dramas innecesarios,Happy
Hoy todo sigue igual y eso no es malo,Happy
Nada espectacular pero me siento bien,Happy
Hoy es un perfecto para no hacer nada,Happy
Me siento estable y eso me hace feliz,Happy
Me permito estar presente sin juicios,Happy
Equilibrando descanso y productividad,Happy
Sintiendo pertenencia en mi comunidad,Happy
Presente y consciente en cada momento,Happy
Inspirado y motivado en mis proyectos,Happy
Fluyendo sin resistencias ni bloqueos,Happy
Disfrutando del equilibrio en mi vida,Happy
Hoy es uno de esos sin preocupaciones,Happy
Me gusta cuando la vida es predecible,Happy
Hoy no busco solo disfruto lo que hay,Happy
No hay grandes historias pero hay paz,Happy
La estabilidad emocional es un tesoro,Happy
No hay mucho que decir solo agradecer,Happy
Aprecio estos momentos de estabilidad,Happy
Sin tormentas internas solo serenidad,Happy
La normalidad tiene su propio encanto,Happy
La estabilidad emocional es un regalo,Happy
Todo en su lugar sin nada fuera de lo,Happy
Sin emociones intensas solo serenidad,Happy
La tranquilidad es un lujo que valoro,Happy
Es explicar me siento cuando ni yo lo,Happy
Estoy agotado de fingir que todo bien,Happy
Estoy atrapado en un abismo sin fondo,Happy
Estoy cansado de fingir que todo bien,Happy
Estoy perdiendo el control de mi vida,Happy
La felicidad parece inalcanzable para,Happy
La indiferencia me rodea como un muro,Happy
La soledad pesa pero quiero encontrar,Happy
La tristeza se ha vuelto mi constante,Happy
La vida es una carga demasiado pesada,Happy
La vida es una sombra que me persigue,Happy
Me despierto cada sin una para seguir,Happy
Me estoy alejando de todos sin querer,Happy
Me pregunto si alguna vez a ser feliz,Happy
Me siento atrapado en mi propia mente,Happy
Me siento como un en mi propio cuerpo,Happy
Me siento como un fantasma en mi vida,Happy
Mi alma es un rompecabezas incompleto,Happy
Mi alma atrapada en un ciclo de dolor,Happy
Mi sonrisa es una que esconde un roto,Happy
No tengo fuerzas para seguir adelante,Happy
No tengo fuerzas para seguir luchando,Happy
No tengo razones para seguir adelante,Happy
No veo sentido en nada de lo que hago,Happy
Quisiera desaparecer sin dejar rastro,Happy
existe una luz aunque ahora no la vea,Happy
haya un camino aunque no lo vea ahora,Happy
Siento que me estoy perdiendo a mismo,Happy
Siento que mi se ha convertido en una,Happy
Solo quiero desaparecer por un tiempo,Happy
pero por dentro me estoy desmoronando,Happy
Todo el mundo sigue adelante menos yo,Happy
Un roto buscando reconstruir su ritmo,Happy
La oscuridad me envuelve por completo,Happy
Un silencio que pesa que mil palabras,Happy
La desesperanza me consume lentamente,Happy
La de que no hay para seguir luchando,Happy
El cansancio del alma es insoportable,Happy
La mental me agota necesito encontrar,Happy
Busco mental olvidar ruido relaciones,Happy
Me exijo demasiado y no es suficiente,Happy
Mi lista de pendientes nunca se acaba,Happy
Quisiera tener un de pausa en la vida,Happy
Necesito tiempo para pero no lo tengo,Happy
Necesito un momento de paz aunque sea,Happy
Me cuesta recordar se siente la calma,Happy
Me siento agotado antes de empezar el,Happy
Estoy perdiendo la paciencia con todo,Happy
No encontrar el equilibrio entre todo,Happy
Me desconectarme del mundo un momento,Happy
Me respirar sin sentir esta constante,Happy
Estoy luchando por mantenerme a flote,Happy
Mi mente sobrecargada de pensamientos,Happy
Me encontrar un equilibrio en mi vida,Happy
Me cuesta encontrar en medio de tanto,Happy
Estoy cansado de preocuparme por todo,Happy
Mi mente necesita un descanso urgente,Happy
Me pesa todo desde lo hasta lo grande,Happy
Me duele el cuerpo de tanto acumulado,Happy
La ansiedad y el son mis de todos los,Happy
No encontrar el equilibrio en mi vida,Happy
Todo parece demasiado en este momento,Happy
Me siento exhausto de tanta acumulada,Happy
estable sin fluctuaciones emocionales,Happy
Disfrutando de la rutina con gratitud,Happy
en paz sin resentimientos ni rencores,Happy
Todo en calma sin urgencias ni prisas,Happy
Siento que la vida me exige demasiado,Happy
Buscando un escape a mis pensamientos,Happy
Osservando il panorama dalla finestra,Happy
Un sorriso per affrontare la giornata,Happy
La cena pronta un momento di famiglia,Happy
Non niente che mi faccia sentire vivo,Happy
Ogni giorno per riflettere e crescere,Happy
La si trova nel cuore non nella mente,Happy
Ogni giorno un nuovo inizio una nuova,Happy
Ogni giorno per trovare la mia strada,Happy
Apprezzando ogni momento ogni respiro,Happy
Trovare lequilibrio la pace interiore,Happy
La vita unarmonia da vivere con calma,Happy
La vita un regalo da vivere con gioia,Happy
La che incanta la calma che rassicura,Happy
Sentirsi leggeri come foglie al vento,Happy
La quiete che avvolge la che illumina,Happy
La calma che riempie la che rassicura,Happy
Un sorriso di gioia un cuore in festa,Happy
Il successo arriva a chi non si ferma,Happy
Il miglior investimento la tua salute,Happy
La vita troppo breve per cattivo cibo,Happy
Amore e cibo la combinazione perfetta,Happy
Silenzio e pace sono alleati preziosi,Happy
Oggi un buon giorno per essere felici,Happy
Risate infinite con le persone giuste,Happy
Un giorno senza amici un giorno perso,Happy
Abbraccia il momento vivi il presente,Happy
Oggi una buona giornata per sorridere,Happy
Le cose migliori accadono a chi crede,Happy
Il nostro amore un viaggio senza fine,Happy
Insieme possiamo conquistare il mondo,Happy
Un giorno da ricordare pieno di gioia,Happy
Oggi niente fermarmi sono invincibile,Happy
La vita una festa e io voglio ballare,Happy
Oggi un giorno perfetto per sorridere,Happy
La una scelta scegli di essere felice,Happy
La vita un viaggio goditi il panorama,Happy
La un viaggio che inizia con un passo,Happy
Ogni giorno per creare ricordi felici,Happy
Ogni giorno porta con una nuova gioia,Happy
Sentirsi come in un giardino di gioia,Happy
Sentirsi in connessione con luniverso,Happy
Vivere con determinazione ogni giorno,Happy
La un viaggio interiore verso la pace,Happy
Trovo la gioia nella mia di perdonare,Happy
La unaccettazione del mio cambiamento,Happy
La unazione che mi riempie di energia,Happy
Leggo la gioia nei racconti del cuore,Happy
Esprimo la gioia con gesti di affetto,Happy
Trovo la gioia nei riflessi dellanima,Happy
La unarmonia di pensieri e sentimenti,Happy
Trovo la gioia nei confini dellignoto,Happy
Sono gratoa per ogni sorriso e risata,Happy
La gratitudine mi apre le porte della,Happy
La unemozione che mi rende resiliente,Happy
Mi sento fiduciosoa e pienoa di gioia,Happy
La un mistero che esploro ogni giorno,Happy
Sento la gioia come uneco del destino,Happy
Sento la gioia come uneco dellessenza,Happy
La unesperienza piena di divertimento,Happy
Cerco la gioia nella quiete del cuore,Happy
La unemozione che mi fa sentire vivoa,Happy
Trovo la gioia nel ritmo delluniverso,Happy
La unespressione della mia resilienza,Happy
Cerco la gioia nella mia di rialzarmi,Happy
La unemozione che mi rende indomabile,Happy
La vita una lotta continua non tregua,Happy
La vita una sfida costante non riposo,Happy
La pressione familiare insopportabile,Happy
La pressione economica insopportabile,Happy
La vita una fatica costante non gioia,Happy
Mi sento come se stessi per impazzire,Happy
La pressione del tempo insopportabile,Happy
La vita una tortura costante non fine,Happy
Mi sento come se stessi per spezzarmi,Happy
La vita una croce costante non riposo,Happy
A volte mi sento sopraffatto da tutto,Happy
Ogni giorno una corsa contro il tempo,Happy
A volte ho bisogno di una pausa dalla,Happy
Gli impegni si accumulano senza sosta,Happy
Corro tutto il giorno senza una pausa,Happy
Ogni piccola cosa sembra una montagna,Happy
Troppe cose da fare troppo poco tempo,Happy
Ho bisogno di un attimo per respirare,Happy
Ho bisogno di rallentare ma non posso,Happy
La fatica che si fa sentire nel petto,Happy
La sensazione di essere sotto assedio,Happy
La sensazione di essere in un vortice,Happy
Unangoscia che si insinua nei silenzi,Happy
Un nodo alla gola che non si scioglie,Happy
La a trovare un senso di appartenenza,Happy
La a trovare un momento di leggerezza,Happy
La sensazione di essere uneco lontana,Happy
La sensazione di essere unapparizione,Happy
Mi sento come un topo in un labirinto,Happy
A volte non so come reagire alla vita,Happy
Cerco un porto sicuro ma non lo trovo,Happy
Cerco una via di fuga ma non la trovo,Happy
Focusing on Feeling Broken Fragmented,Happy
Giornate che si trascinano senza fine,Happy
Il mondo continua a muoversi ma io no,Happy
Il silenzio un vuoto che mi inghiotte,Happy
La mia mente un labirinto di pensieri,Happy
La sensazione di avere la mente vuota,Happy
La sensazione di essere un fallimento,Happy
La tristezza diventata la mia routine,Happy
La vita un viaggio senza destinazione,Happy
La vita sembra un peso insopportabile,Happy
Le parole degli altri suonano lontane,Happy
Mi sento come se non fossi abbastanza,Happy
Non trovo la voglia di fare che amavo,Happy
Uneco di autocritica che mi distrugge,Happy
Uneco di disperazione che mi circonda,Happy
Uneco di fallimento che mi perseguita,Happy
Uneco di incompletezza che mi avvolge,Happy
Uneco di indifferenza che mi circonda,Happy
Uneco di pagine vuote che mi circonda,Happy
Uneco di rassegnazione che mi avvolge,Happy
Uninquietudine che non trova conforto,Happy
Unisolamento che mi fa sentire persoa,Happy
Unisolamento che mi rende vulnerabile,Happy
Mi sento intrappolato nella mia mente,Happy
La solitudine una compagna silenziosa,Happy
La mia vita un labirinto senza uscita,Happy
Non voglio affrontare un altro giorno,Happy
Ogni giorno solo un altro da superare,Happy
Mi sembra che niente abbia importanza,Happy
La mente un caos di immagini orribili,Happy
La mia esistenza un incubo senza fine,Happy
La un labirinto senza uscita mi perdo,Happy
Il mondo un luogo ostile senza calore,Happy
Non futuro solo un presente di agonia,Happy
Il mondo un luogo di sofferenza senza,Happy
La mia esistenza un fallimento totale,Happy
Il mondo un luogo di tradimento senza,Happy
Non certezza solo uneco di confusione,Happy
Non desiderio solo unassenza di tutto,Happy
La mia esistenza una morsa invisibile,Happy
Un cuore pesante un anima in silenzio,Happy
La mia esistenza un inferno di dolore,Happy
La un sogno che si ripete allinfinito,Moderately Depressed
La un palcoscenico vuoto senza attori,Moderately Depressed
Non trovo la forza di tendere la mano,Moderately Depressed
Il mondo uneco di unesistenza passata,Moderately Depressed
A day without laughter is a day wasted,Moderately Depressed
Cotton candy dreams and endless smiles,Moderately Depressed
A smile is the best thing you can wear,Moderately Depressed
Attending a live music concert tonight,Moderately Depressed
Celebrating a friends birthday tonight,Moderately Depressed
Creating my own sunshine wherever I go,Moderately Depressed
Dancing through lifes happiest moments,Moderately Depressed
Every day is a fresh start to be happy,Moderately Depressed
Exploring the world of virtual reality,Moderately Depressed
Feeling absolutely wonderful and happy,Moderately Depressed
Feeling incredibly fortunate and happy,Moderately Depressed
Feeling like a sunbeam on a cloudy day,Moderately Depressed
Feeling like I could fly with this joy,Moderately Depressed
Feeling so much gratitude for this joy,Moderately Depressed
Finding beauty in the everyday moments,Moderately Depressed
Finding happiness in the little things,Moderately Depressed
Functioning on autopilot at this point,Moderately Depressed
Happiness is a habit not a destination,Moderately Depressed
Happiness is a state of being I choose,Moderately Depressed
Happiness is making someone else smile,Moderately Depressed
Happiness is seeing a beautiful sunset,Moderately Depressed
Happiness is the best kind of surprise,Moderately Depressed
Happiness starts with a grateful heart,Moderately Depressed
Just another day of pretending Im okay,Moderately Depressed
Just embracing the happy imperfections,Moderately Depressed
Just embracing the happy journey Im on,Moderately Depressed
Just spreading happiness wherever I go,Moderately Depressed
Making today a happy memory to cherish,Moderately Depressed
No worries just sunshine and happiness,Moderately Depressed
Soaking in the happy sunshine of today,Moderately Depressed
Surrounding myself with pure happiness,Moderately Depressed
The beauty of doing absolutely nothing,Moderately Depressed
The best days start with a happy heart,Moderately Depressed
The more you smile the better you feel,Moderately Depressed
This is what pure happiness looks like,Moderately Depressed
Todays goal More happiness less stress,Moderately Depressed
Waking up happy and grateful every day,Moderately Depressed
A quiet hope that continues to flicker,Moderately Depressed
Can anyone else relate to this feeling,Moderately Depressed
Feeling like a book with missing pages,Moderately Depressed
Feeling like Im navigating a labyrinth,Moderately Depressed
Feeling like Im walking through a haze,Moderately Depressed
Finding beauty in the changing seasons,Moderately Depressed
Finding solace in the beauty of nature,Moderately Depressed
Finding strength in shared experiences,Moderately Depressed
Holding onto the possibility of change,Moderately Depressed
I hear laughter but it doesnt reach me,Moderately Depressed
Is it okay to just feel numb sometimes,Moderately Depressed
Just trying to make it through the day,Moderately Depressed
Navigating the complexities of feeling,Moderately Depressed
Still believing in the strength within,Moderately Depressed
Still searching for a sense of balance,Moderately Depressed
The art of doing nothing and loving it,Moderately Depressed
The struggle to find meaning in it all,Moderately Depressed
Today is a good day to have a good day,Moderately Depressed
Trying to find my way out of this maze,Moderately Depressed
A regular day and thats perfectly fine,Moderately Depressed
A slow day is still a day worth having,Moderately Depressed
Confidence level Selfie with no filter,Moderately Depressed
Content in the stillness of the moment,Moderately Depressed
Every day is a gift unwrap it with joy,Moderately Depressed
Exploring the world one step at a time,Moderately Depressed
Feeling thankful for the gift of today,Moderately Depressed
Finding beauty in the everyday routine,Moderately Depressed
Finding happiness in the small details,Moderately Depressed
Finding wonder in the everyday moments,Moderately Depressed
Floating through the day no resistance,Moderately Depressed
Hanging on by a thread and its fraying,Moderately Depressed
I dont want to exist like this forever,Moderately Depressed
I need a vacation from my own thoughts,Moderately Depressed
Just enjoying the peacefulness of this,Moderately Depressed
Just enjoying the quiet beauty of this,Moderately Depressed
Just enjoying the simplicity of it all,Moderately Depressed
Living with joy and gratitude each day,Moderately Depressed
Living with love and positivity always,Moderately Depressed
Making today a day full of good things,Moderately Depressed
No one sees the battles inside my head,Moderately Depressed
Not every day needs to be an adventure,Moderately Depressed
Practicing mindfulness with meditation,Moderately Depressed
Sharing a little bit of my happy place,Moderately Depressed
Sometimes just being present is enough,Moderately Depressed
Stress is my constant background noise,Moderately Depressed
Stress is my middle name at this point,Moderately Depressed
Technology is changing the way we live,Moderately Depressed
Today is just another day and its fine,Moderately Depressed
Too many problems not enough solutions,Moderately Depressed
Trying to breathe through the pressure,Moderately Depressed
Everyday magic in the simplest moments,Moderately Depressed
Everything feels heavy and suffocating,Moderately Depressed
Feeling like a shell of my former self,Moderately Depressed
Hard to find any glimmer of positivity,Moderately Depressed
I keep telling myself its just a phase,Moderately Depressed
I wish my thoughts had a volume button,Moderately Depressed
Its not just a bad day its a heavy one,Moderately Depressed
Lost the connection to my own identity,Moderately Depressed
Struggling to keep my head above water,Moderately Depressed
Sunday bike ride through scenic trails,Moderately Depressed
The weight of expectations is crushing,Moderately Depressed
The world feels a little quieter today,Moderately Depressed
Words fail when emotions are too heavy,Moderately Depressed
A storm inside my mind and no umbrella,Moderately Depressed
An endless todo list and no motivation,Moderately Depressed
Beneath the calm surface a storm rages,Moderately Depressed
Carrying stress like its a second skin,Moderately Depressed
Drowning in deadlines and expectations,Moderately Depressed
Everything feels like too much at once,Moderately Depressed
Hiding my stress behind a forced smile,Moderately Depressed
I exist but I dont feel like Im living,Moderately Depressed
I miss the days when life felt lighter,Moderately Depressed
Just trying to find a moment of sanity,Moderately Depressed
Just trying to find a moment to exhale,Moderately Depressed
Just trying to find a moment to myself,Moderately Depressed
Just trying to navigate this busy time,Moderately Depressed
My mind is like a maze with no way out,Moderately Depressed
Not lost just exploring at my own pace,Moderately Depressed
Panic creeping in at the worst moments,Moderately Depressed
The ocean and my thoughts both endless,Moderately Depressed
The only constant in my life is stress,Moderately Depressed
Time crawls by each second an eternity,Moderately Depressed
Trying to keep the cracks from showing,Moderately Depressed
Waking up tired going to bed exhausted,Moderately Depressed
When did life start feeling this heavy,Moderately Depressed
Que la felicidad te siga a donde vayas,Moderately Depressed
Sigue sonriendo el universo te mirando,Moderately Depressed
Vive el presente con el futuro se solo,Moderately Depressed
La magia sucede cuando vives sin miedo,Moderately Depressed
La felicidad es un viaje no un destino,Moderately Depressed
La felicidad se encuentra en lo simple,Moderately Depressed
Mi meta hoy hasta que me duela la cara,Moderately Depressed
Brilla tanto que nadie pueda ignorarlo,Moderately Depressed
Un hombre con una pelota de en la mano,Moderately Depressed
Llena tu vida de momentos inolvidables,Moderately Depressed
Viviendo cada momento como si fuera el,Moderately Depressed
La felicidad comienza donde termina la,Moderately Depressed
Que la vida te regale mil motivos para,Moderately Depressed
Cada es una oportunidad para ser feliz,Moderately Depressed
No busques la felicidad en el presente,Moderately Depressed
No hay perfectos pero momentos felices,Moderately Depressed
Coleccionando momentos felices y en el,Moderately Depressed
Si algo te hace es porque vale la pena,Moderately Depressed
La clave de la felicidad en tu actitud,Moderately Depressed
Aprecia los momentos vive la verdadera,Moderately Depressed
Disfruta el proceso y en que todo bien,Moderately Depressed
Hoy me levanto con ganas de hacer algo,Moderately Depressed
La clave del es disfrutar lo que haces,Moderately Depressed
Vive con entusiasmo y el mundo contigo,Moderately Depressed
La felicidad es un que se cultiva cada,Moderately Depressed
Hoy elijo la felicidad sobre cualquier,Moderately Depressed
Hoy elijo ver el lado positivo de todo,Moderately Depressed
Un lleno de sonrisas es un bien vivido,Moderately Depressed
Ser feliz es la mejor que puedes hacer,Moderately Depressed
Encuentra la felicidad en cada detalle,Moderately Depressed
Que la felicidad sea tu estilo de vida,Moderately Depressed
No estoy triste solo agotado de sentir,Moderately Depressed
Buscando la en los momentos cotidianos,Moderately Depressed
No quiero rendirme pero tampoco seguir,Moderately Depressed
Me pregunto si alguien realmente me ve,Moderately Depressed
Intento llenar este pero nada funciona,Moderately Depressed
Aprendiendo a cuidar de mi con ternura,Moderately Depressed
Entre la soledad y la busco la genuina,Moderately Depressed
Quiero sentirme parte de algo otra vez,Moderately Depressed
Me sentirme presente en mi propia vida,Moderately Depressed
La mente divaga pero intento enfocarme,Moderately Depressed
No si estoy roto o simplemente cansado,Moderately Depressed
Quiero encontrar un algo que me motive,Moderately Depressed
No si necesito ayuda o solo un respiro,Moderately Depressed
Todo se siente como un eco de lo mismo,Moderately Depressed
Estoy perdiendo el en todo poco a poco,Moderately Depressed
Me poder encender una chispa dentro de,Moderately Depressed
Estoy pero siento que ya no pertenezco,Moderately Depressed
Me siento atrapado en mi propia cabeza,Moderately Depressed
La es un recuerdo intentando revivirlo,Moderately Depressed
de buscando respuestas dentro de mismo,Moderately Depressed
Fuerza en la vulnerabilidad compartida,Moderately Depressed
Distracciones para aliviar la ansiedad,Moderately Depressed
Estoy cansado de fingir que estoy bien,Moderately Depressed
Me que alguien notara mi lucha interna,Moderately Depressed
Me sentirme mejor sin tener que fingir,Moderately Depressed
No hay caos no hay prisas solo existir,Moderately Depressed
No tengo grandes pensamientos solo paz,Moderately Depressed
Respirando profundo viviendo tranquilo,Moderately Depressed
La brisa de la tarde me llena de calma,Moderately Depressed
En equilibrio y centrado sin altibajos,Moderately Depressed
Conectado sin sentirme solo ni aislado,Moderately Depressed
En calma sin conflictos ni discusiones,Moderately Depressed
Viviendo con autenticidad y coherencia,Moderately Depressed
Relajado encontrando paz en la quietud,Moderately Depressed
Mente en paz y sin conflictos internos,Moderately Depressed
Aprecio estos momentos de tranquilidad,Moderately Depressed
Me basta con el sol y una brisa fresca,Moderately Depressed
Hoy me abrazo en mi propia estabilidad,Moderately Depressed
La calma es un regalo que valoro mucho,Moderately Depressed
Sin grandes expectativas solo viviendo,Moderately Depressed
Me encanta este estado de tranquilidad,Moderately Depressed
Me siento bien sin ninguna en especial,Moderately Depressed
Hoy todo se siente justo como debe ser,Moderately Depressed
Siento la que viene de la con mi vital,Moderately Depressed
Mi mente serena al aceptar mi presente,Moderately Depressed
Mi mente enfocada en aprender y crecer,Moderately Depressed
No hay urgencias hoy solo tranquilidad,Moderately Depressed
Nada extraordinario pero todo en orden,Moderately Depressed
Me gusta cuando las cosas fluyen solas,Moderately Depressed
Disfrutando de la sencillez de la vida,Moderately Depressed
Hoy fue un productivo sin ser agotador,Moderately Depressed
Me gusta cuando todo se siente estable,Moderately Depressed
Todo en equilibrio y eso es suficiente,Moderately Depressed
Todo en orden y eso me da tranquilidad,Moderately Depressed
Hoy fue un buen sin ser extraordinario,Moderately Depressed
La felicidad se encuentra en las cosas,Moderately Depressed
Encontrando la calma en medio del caos,Moderately Depressed
Conectando con la belleza del presente,Moderately Depressed
Dejando que la luz interior ilumine mi,Moderately Depressed
Un para disfrutar y vivir con gratitud,Moderately Depressed
El dolor es un monstruo que me consume,Moderately Depressed
En el espejo veo a un que no reconozco,Moderately Depressed
Estoy agotado de fingir que estoy bien,Moderately Depressed
Estoy atrapado en un bucle de tristeza,Moderately Depressed
Estoy atrapado en un oscuro sin salida,Moderately Depressed
Estoy atrapado en una jaula sin salida,Moderately Depressed
Estoy cansado de estar siempre cansado,Moderately Depressed
Estoy cansado de este peso en mi pecho,Moderately Depressed
Estoy cansado de para ocultar el dolor,Moderately Depressed
Estoy cansado de vivir en la oscuridad,Moderately Depressed
Estoy luchando una guerra que nadie ve,Moderately Depressed
La desgana me ha invadido por completo,Moderately Depressed
La soledad es un abrazo que me congela,Moderately Depressed
La tristeza es lo constante en mi vida,Moderately Depressed
La vida es un eco sin resonancia en mi,Moderately Depressed
La vida es un peso que no puedo cargar,Moderately Depressed
Me siento atrapado en mi propio cuerpo,Moderately Depressed
Me siento atrapado en un ciclo sin fin,Moderately Depressed
Me siento como un fantasma en una casa,Moderately Depressed
Me siento como una sombra de quien ser,Moderately Depressed
Me siento invisible incluso para mismo,Moderately Depressed
Me siento tan lejos de todo y de todos,Moderately Depressed
Me siento como si nada tuviera sentido,Moderately Depressed
Mi sonrisa se ha oxidado con el tiempo,Moderately Depressed
No hay luz al final del solo oscuridad,Moderately Depressed
No quiero seguir arrastrando este peso,Moderately Depressed
No quiero seguir sufriendo en silencio,Moderately Depressed
No encontrar la paz que tanto necesito,Moderately Depressed
No explicar lo que siento sin romperme,Moderately Depressed
No explicarle a la gente lo que siento,Moderately Depressed
No tengo fuerzas para fingir felicidad,Moderately Depressed
No tengo fuerzas para seguir fingiendo,Moderately Depressed
Siento que soy un error que no existir,Moderately Depressed
Solo quiero que este dolor desaparezca,Moderately Depressed
Encontrando momentos de paz en el caos,Moderately Depressed
Un alma solitaria buscando una genuina,Moderately Depressed
La vida ha perdido todo su significado,Moderately Depressed
Mi alma herida y no encuentra consuelo,Moderately Depressed
El dolor es una sombra que me persigue,Moderately Depressed
El sufrimiento me consume por completo,Moderately Depressed
La lucha interna es una guerra sin fin,Moderately Depressed
Siento que me pierdo en el caos mental,Moderately Depressed
Busco paz en medio de tormenta interna,Moderately Depressed
Impaciencia consume necesito paciencia,Moderately Depressed
No tengo paz ni siquiera cuando duermo,Moderately Depressed
Necesito un descanso antes de colapsar,Moderately Depressed
Siento que todo es una carrera sin fin,Moderately Depressed
No tengo control sobre nada en mi vida,Moderately Depressed
Mi mente llena de listas interminables,Moderately Depressed
Me siento atrapado en mi propia rutina,Moderately Depressed
No encuentro una forma de liberar esta,Moderately Depressed
Siento que no tengo control sobre nada,Moderately Depressed
No desconectarme de mis preocupaciones,Moderately Depressed
Me siento emocionalmente agotado y sin,Moderately Depressed
Mi mente no se calla ni por un segundo,Moderately Depressed
La ansiedad me consumiendo poco a poco,Moderately Depressed
El agotamiento es mi estado permanente,Moderately Depressed
Estoy exhausto de preocuparme por todo,Moderately Depressed
No calmar esta angustia que me todo el,Moderately Depressed
Quisiera dejar de pensar tanto en todo,Moderately Depressed
No encontrar paz en medio de este caos,Moderately Depressed
Me poder respirar sin sentirme ahogado,Moderately Depressed
Todo lo que quiero es un poco de calma,Moderately Depressed
Siento que no importa haga siempre hay,Moderately Depressed
No soltar la ansiedad que llevo dentro,Moderately Depressed
El tiempo pasa y sigo igual de agotado,Moderately Depressed
Me poder dejar de preocuparme por todo,Moderately Depressed
Tranquilidad sentimental paz emocional,Moderately Depressed
Laberinto sentimental encuentro salida,Moderately Depressed
A veces siento que el es fuerte que yo,Moderately Depressed
Mi cuerpo pero mi mente en mil lugares,Moderately Depressed
Me siento abrumado pero no puedo parar,Moderately Depressed
Solo quiero un poco de paz en mi mente,Moderately Depressed
Todo bien sin dramas ni complicaciones,Moderately Depressed
Un normal lleno de momentos agradables,Moderately Depressed
Necesito un momento para lejos de todo,Moderately Depressed
La vita scorre con i suoi alti e bassi,Moderately Depressed
Non so cosa voglio fare della mia vita,Moderately Depressed
Non niente di eccitante nella mia vita,Moderately Depressed
La chiave del successo la perseveranza,Moderately Depressed
Ogni giorno un regalo aprilo con gioia,Moderately Depressed
La bellezza si trova nei piccoli gesti,Moderately Depressed
La vita unopera in continua evoluzione,Moderately Depressed
La routine essere una fonte di gioia e,Moderately Depressed
Imparare qualcosa di nuovo ogni giorno,Moderately Depressed
Vibrazioni positive e pensieri leggeri,Moderately Depressed
La bellezza della la calma della mente,Moderately Depressed
Momenti di pensieri positivi e leggeri,Moderately Depressed
Un momento di calma un pensiero felice,Moderately Depressed
Un respiro profondo un sorriso sincero,Moderately Depressed
Giornate piene di armonia mente serena,Moderately Depressed
La che avvolge come un abbraccio caldo,Moderately Depressed
Momenti di pensieri leggeri come laria,Moderately Depressed
La bellezza della gioia la calma della,Moderately Depressed
Un pasto condiviso un momento prezioso,Moderately Depressed
Sempre alla ricerca di nuove avventure,Moderately Depressed
La vita troppo breve per essere tristi,Moderately Depressed
Raggiungi i tuoi obiettivi senza scuse,Moderately Depressed
Un cielo sereno e una mente tranquilla,Moderately Depressed
La vita fatta di momenti non di minuti,Moderately Depressed
Lenergia positiva attrae cose positive,Moderately Depressed
Il cuore trova sempre la strada giusta,Moderately Depressed
La vera destinazione il viaggio stesso,Moderately Depressed
Il successo la somma di piccoli sforzi,Moderately Depressed
La vita troppo breve per essere triste,Moderately Depressed
Circondati di cose che ti fanno felice,Moderately Depressed
La bellezza della vita negli attimi di,Moderately Depressed
Nessuna distanza separare i veri amici,Moderately Depressed
La nelle piccole cose momenti preziosi,Moderately Depressed
Sorridendo a pieni denti la mi avvolge,Moderately Depressed
La vita piena di sorprese meravigliose,Moderately Depressed
Mi sento come se tutto fosse possibile,Moderately Depressed
Essere felici una decisione quotidiana,Moderately Depressed
Danza come se nessuno stesse guardando,Moderately Depressed
Gioia nel realizzare i propri desideri,Moderately Depressed
Sentirsi come un viaggiatore dellanima,Moderately Depressed
La quiete della campagna un rifugio di,Moderately Depressed
La un raggio di sole che scalda lanima,Moderately Depressed
Sento la gioia come una luce interiore,Moderately Depressed
Corro verso la gioia con cuore leggero,Moderately Depressed
Ballo con la gioia al ritmo della vita,Moderately Depressed
La un dono che accolgo con gratitudine,Moderately Depressed
La unemozione che mi rende invincibile,Moderately Depressed
La unemozione che mi rende coraggiosoa,Moderately Depressed
Mi sento orgogliosoa e pienoa di gioia,Moderately Depressed
Mi sento realizzatoa e pienoa di gioia,Moderately Depressed
La unesperienza che trascende il tempo,Moderately Depressed
Sento la gioia come uneco delluniverso,Moderately Depressed
Cerco la gioia nei piccoli gesti buffi,Moderately Depressed
Sento la gioia come unonda di sorpresa,Moderately Depressed
Sento la gioia come uneco delle stelle,Moderately Depressed
La unesperienza di connessione cosmica,Moderately Depressed
Sento la gioia come uneco dellinfinito,Moderately Depressed
Sento la gioia come unonda di speranza,Moderately Depressed
Sento la gioia come unonda di coraggio,Moderately Depressed
Cerco la gioia nei dettagli della vita,Moderately Depressed
La unemozione che mi rende consapevole,Moderately Depressed
Vorrei solo sparire per un po di tempo,Moderately Depressed
La pressione sul lavoro insopportabile,Moderately Depressed
Vorrei che tutto questo fosse un sogno,Moderately Depressed
Non riesco a trovare la nella mia vita,Moderately Depressed
Mi sento come se stessi per scomparire,Moderately Depressed
La vita una corsa e io sono in ritardo,Moderately Depressed
La vita un labirinto di stress e ansia,Moderately Depressed
Mi sento trascinato in mille direzioni,Moderately Depressed
Respiro profondamente per non crollare,Moderately Depressed
Cerco di restare positivo ma difficile,Moderately Depressed
Gli impegni si accumulano senza tregua,Moderately Depressed
Il tempo sembra scorrere troppo veloce,Moderately Depressed
Pensieri che si rincorrono senza sosta,Moderately Depressed
Sensazione di avere la mente offuscata,Moderately Depressed
La sensazione di avere il corpo rigido,Moderately Depressed
La sensazione di avere il corpo stanco,Moderately Depressed
La fatica di dover affrontare le ansie,Moderately Depressed
Unangoscia che si fa sentire nei sogni,Moderately Depressed
Lincertezza del futuro che mi angoscia,Moderately Depressed
La a trovare un momento di cambiamento,Moderately Depressed
La a trovare un momento di ispirazione,Moderately Depressed
La a trovare un momento di motivazione,Moderately Depressed
Mi sento come un pezzo di pane vecchio,Moderately Depressed
Mi sento come un pesce fuori dallacqua,Moderately Depressed
A volte tutto sembra troppo complicato,Moderately Depressed
Il mondo un palcoscenico senza sipario,Moderately Depressed
La luce troppo forte eppure non scalda,Moderately Depressed
La sensazione di non valere abbastanza,Moderately Depressed
La tristezza mi accompagna ogni giorno,Moderately Depressed
Mi sento come se fossi intrappolato in,Moderately Depressed
Mi sento perso nel buio senza una luce,Moderately Depressed
Non so come affrontare questi pensieri,Moderately Depressed
Ogni cosa sembra pesante da affrontare,Moderately Depressed
Sento di non avere la forza di reagire,Moderately Depressed
Un velo di malinconia avvolge i giorni,Moderately Depressed
Uneco di frammentazione che mi avvolge,Moderately Depressed
Uneco di isolamento anche in compagnia,Moderately Depressed
Unindifferenza che un grido silenzioso,Moderately Depressed
Unindifferenza che mi fa sentire soloa,Moderately Depressed
Unombra di apatia anche nella passione,Moderately Depressed
Unombra di disperazione che mi avvolge,Moderately Depressed
Unombra di disperazione che mi opprime,Moderately Depressed
Non riesco a vedere un futuro luminoso,Moderately Depressed
La tristezza diventata la mia compagna,Moderately Depressed
Ogni giorno una lotta contro me stesso,Moderately Depressed
Sento che nessuno capire il mio dolore,Moderately Depressed
Ogni giorno uguale e senza significato,Moderately Depressed
Sento di essere sul punto di esplodere,Moderately Depressed
Sento di essere in unagonia senza fine,Moderately Depressed
Non scampo la paura mi insegue ovunque,Moderately Depressed
La mia mente un deserto senza pensieri,Moderately Depressed
La mia anima un deserto di smarrimento,Moderately Depressed
Non spazio solo un soffocamento totale,Moderately Depressed
La mia esistenza una catena invisibile,Moderately Depressed
La mia anima un abisso di disperazione,Moderately Depressed
Non magia solo una disillusione totale,Moderately Depressed
Sento di essere in un vuoto senza fine,Moderately Depressed
Non sostanza solo unillusione costante,Moderately Depressed
Uneco lontana di che una volta sentivo,Moderately Depressed
La mia voce si perde nel rumore bianco,Moderately Depressed
Unisola deserta nel mezzo di una folla,Moderately Depressed
Uneco di unanima che si perde nel buio,Moderately Depressed
La mia mente un labirinto senza uscita,Moderately Depressed
Non trovo il sentiero che porta a casa,Moderately Depressed
Non trovo il mio posto in questo mondo,Moderately Depressed
Wherever life plants you bloom with joy,Moderately Depressed
Because happiness is meant to be shared,Moderately Depressed
Chase the sun and happiness will follow,Moderately Depressed
Collecting happy moments like souvenirs,Moderately Depressed
Cooking a special dinner for loved ones,Moderately Depressed
Creating happiness one moment at a time,Moderately Depressed
Elation after achieving a personal goal,Moderately Depressed
Feeling like everything is just perfect,Moderately Depressed
Feeling like the world is smiling at me,Moderately Depressed
Feeling so much love and pure happiness,Moderately Depressed
Golden hour my favorite kind of therapy,Moderately Depressed
Grateful for today excited for tomorrow,Moderately Depressed
Happiness is the best kind of beautiful,Moderately Depressed
Happiness is waking up without an alarm,Moderately Depressed
Just a reminder You deserve to be happy,Moderately Depressed
Just savoring every single happy second,Moderately Depressed
Keep shining the world needs your light,Moderately Depressed
Keep smiling it makes people wonder why,Moderately Depressed
Laughter love and a little bit of magic,Moderately Depressed
Little joys make the biggest difference,Moderately Depressed
Living proof that happiness is a choice,Moderately Depressed
Making memories and loving every second,Moderately Depressed
Memories feel heavier than they used to,Moderately Depressed
Mentally clocked out physically present,Moderately Depressed
Nothing beats a heart full of happiness,Moderately Depressed
Pride in achieving a personal milestone,Moderately Depressed
Radiating happiness from the inside out,Moderately Depressed
Smiles sunshine and a heart full of joy,Moderately Depressed
So much to do so little time to breathe,Moderately Depressed
Soaking in the good vibes like sunshine,Moderately Depressed
Soaking up the happy sounds of laughter,Moderately Depressed
Surrounding myself with all things good,Moderately Depressed
The best kind of glow comes from within,Moderately Depressed
This is exactly where Im supposed to be,Moderately Depressed
Today feels like a good day to be happy,Moderately Depressed
Falling behind no matter how hard I try,Moderately Depressed
Feeling a bit quiet and withdrawn today,Moderately Depressed
Feeling like Im walking through a dream,Moderately Depressed
Feeling like Im walking through treacle,Moderately Depressed
Feeling like my brain has 100 tabs open,Moderately Depressed
Finding light in the kindness of others,Moderately Depressed
Finding solace in the creativity of art,Moderately Depressed
Healing may take time but Ill get there,Moderately Depressed
Holding onto the belief in better times,Moderately Depressed
Just feeling a little under the weather,Moderately Depressed
Just trying to find my own rhythm again,Moderately Depressed
Just trying to keep my head above water,Moderately Depressed
Just trying to make it through the hour,Moderately Depressed
Living but feeling disconnected from it,Moderately Depressed
Mentally on vacation physically at work,Moderately Depressed
Navigating the inner currents with care,Moderately Depressed
Screaming internally but staying silent,Moderately Depressed
The struggle to find meaning in routine,Moderately Depressed
A little too much chaos not enough calm,Moderately Depressed
Casually existing effortlessly thriving,Moderately Depressed
Chasing sunsets and collecting memories,Moderately Depressed
Conversations with the sky and the wind,Moderately Depressed
Dont let the little moments pass you by,Moderately Depressed
Feeling happy and blessed in this space,Moderately Depressed
Feeling happy and thankful for this day,Moderately Depressed
Finding inspiration in the small things,Moderately Depressed
I swear stress is aging me in real time,Moderately Depressed
Just another ordinary but beautiful day,Moderately Depressed
Just me my thoughts and a good playlist,Moderately Depressed
Just waiting for my mind to stop racing,Moderately Depressed
Life is good but coffee makes it better,Moderately Depressed
Living with gratitude love and kindness,Moderately Depressed
No big wins no big losses just existing,Moderately Depressed
Not every day needs to be extraordinary,Moderately Depressed
Nothing major just small joys adding up,Moderately Depressed
One second away from flipping the table,Moderately Depressed
Peaceful predictable and perfectly fine,Moderately Depressed
Running on caffeine and sheer willpower,Moderately Depressed
Sipping coffee and enjoying a good book,Moderately Depressed
Taking life one simple moment at a time,Moderately Depressed
The hardest part of stress is hiding it,Moderately Depressed
Barely able to keep my head above water,Moderately Depressed
Cant envision a future beyond this pain,Moderately Depressed
Cant remember what happiness feels like,Moderately Depressed
Even simple decisions feel overwhelming,Moderately Depressed
Even the smallest tasks feel monumental,Moderately Depressed
Feeling like a shadow of my former self,Moderately Depressed
Feeling like Im fading into nothingness,Moderately Depressed
Feeling optimistic about the week ahead,Moderately Depressed
Hiding the stress behind a forced smile,Moderately Depressed
I feel like an echo of who I used to be,Moderately Depressed
I keep telling myself it s just a phase,Moderately Depressed
Just another day of pretending I m okay,Moderately Depressed
Just wanting the inner turmoil to cease,Moderately Depressed
Letting the world slow down for a while,Moderately Depressed
Longing for a peace I cant seem to find,Moderately Depressed
My mind is a constant source of torment,Moderately Depressed
My mind is a labyrinth of dark thoughts,Moderately Depressed
My todo list is longer than my patience,Moderately Depressed
The silence inside my head is deafening,Moderately Depressed
The world feels hostile and unforgiving,Moderately Depressed
Time moves so slowly when youre hurting,Moderately Depressed
Trapped in a web of sadness and despair,Moderately Depressed
Trapped in my own mind unable to escape,Moderately Depressed
Trying to maintain a facade of normalcy,Moderately Depressed
An overworked mind in an overtired body,Moderately Depressed
Currently running on fumes and a prayer,Moderately Depressed
Everything is just too much all at once,Moderately Depressed
Falling behind no matter how fast I run,Moderately Depressed
Feeling like Im in a room with no doors,Moderately Depressed
Feeling like Im under a lot of pressure,Moderately Depressed
Feeling the pressure cooker environment,Moderately Depressed
Its like my brain is stuck in overdrive,Moderately Depressed
Just enjoying this little piece of time,Moderately Depressed
Just need a day to find my center again,Moderately Depressed
Just need a day where nothing is urgent,Moderately Depressed
Just one moment of calmthats all I need,Moderately Depressed
Just trying to find a moment of clarity,Moderately Depressed
Just trying to find a moment of respite,Moderately Depressed
Just trying to find a moment to regroup,Moderately Depressed
My mind is racing but Im standing still,Moderately Depressed
My tolerance level is at an alltime low,Moderately Depressed
No one sees the storm that rages within,Moderately Depressed
Productive day ticking off my todo list,Moderately Depressed
Some days feel like walking through fog,Moderately Depressed
The sun rises but I stay in the shadows,Moderately Depressed
Trapped in a cycle of negative thoughts,Moderately Depressed
Trying to heal but it is a slow process,Moderately Depressed
Wishing I could hit reset on everything,Moderately Depressed
La mejor sonrisa es la que no se planea,Moderately Depressed
Cosechas felicidad cuando siembras amor,Moderately Depressed
Vive con ganas con fuerza ama sin miedo,Moderately Depressed
Cada sonrisa cuenta Âcolecciona muchas,Moderately Depressed
Hoy me con ganas de conquistar el mundo,Moderately Depressed
Una mujer sacando en la cancha de tenis,Moderately Depressed
Ser feliz no cuesta nada pero vale todo,Moderately Depressed
La sonrisa es el idioma universal de la,Moderately Depressed
Ser feliz no es una meta es una actitud,Moderately Depressed
es gratis y transforma el de cualquiera,Moderately Depressed
Que la felicidad sea tu motor todos los,Moderately Depressed
Donde hay amor siempre hay razones para,Moderately Depressed
Disfruta el presente el futuro no llega,Moderately Depressed
Hoy es un buen para intentar algo nuevo,Moderately Depressed
No hay mejor que en tu propia felicidad,Moderately Depressed
La es la luz que ilumina cualquier gris,Moderately Depressed
No hay excusa para no disfrutar de este,Moderately Depressed
La se encuentra en los momentos simples,Moderately Depressed
Que la vida te regale miles de sonrisas,Moderately Depressed
La felicidad en disfrutar cada instante,Moderately Depressed
No hay mejor maquillaje que una sonrisa,Moderately Depressed
A veces solo quiero desaparecer un rato,Moderately Depressed
de silencio buscando palabras que sanen,Moderately Depressed
Buscando la luz en los rincones oscuros,Moderately Depressed
A veces el silencio pesa otras descansa,Moderately Depressed
Buscando la fuerza en la vulnerabilidad,Moderately Depressed
Recordando que la fuerza en la suavidad,Moderately Depressed
Buscando la claridad en los momentos de,Moderately Depressed
Dejando que la esperanza me paso a paso,Moderately Depressed
Estoy pero no siento que realmente viva,Moderately Depressed
Lo que me pesa es sentir que estoy solo,Moderately Depressed
Buscando la en los gestos de amabilidad,Moderately Depressed
Me tomar un descanso de mi propia mente,Moderately Depressed
Estoy perdiendo el en todo sin aparente,Moderately Depressed
Me poder explicarle a alguien me siento,Moderately Depressed
Estoy buscando una para seguir adelante,Moderately Depressed
Me poder hablar sin miedo a ser juzgado,Moderately Depressed
Me esfuerzo pero nada parece suficiente,Moderately Depressed
Me que alguien entendiera lo que siento,Moderately Depressed
Quisiera sentir algo que este constante,Moderately Depressed
Quisiera poder dormir y despertar mejor,Moderately Depressed
Me cuesta mantener el en cualquier cosa,Moderately Depressed
pudiera poner en palabras lo que siento,Moderately Depressed
Me esfuerzo por seguir adelante pero no,Moderately Depressed
Estoy en una lucha silenciosa todos los,Moderately Depressed
No hacer con todo esto que llevo dentro,Moderately Depressed
Me esfuerzo por ver lo positivo pero es,Moderately Depressed
Buscando paz en el silencio de la noche,Moderately Depressed
A veces el silencio es mi mejor refugio,Moderately Depressed
Me dejar de luchar con mis pensamientos,Moderately Depressed
Siento el peso del mundo en mis hombros,Moderately Depressed
Necesito desconectar alejarme del ruido,Moderately Depressed
Todo bajo control sin emociones fuertes,Moderately Depressed
Nada que me preocupe nada que me altere,Moderately Depressed
Sin miedos sin ansiedades solo presente,Moderately Depressed
Un sin preocupaciones es un bien vivido,Moderately Depressed
A veces lo mejor del es la tranquilidad,Moderately Depressed
Hoy me dejo llevar sin pensar demasiado,Moderately Depressed
La vida es cuando no forzamos las cosas,Moderately Depressed
Un respiro de calma en medio de la vida,Moderately Depressed
Me encanta cuando la vida va a su ritmo,Moderately Depressed
Hoy la vida se siente clara y tranquila,Moderately Depressed
Sin forzar nada dejando que todo ocurra,Moderately Depressed
Hoy acepto lo que venga sin resistencia,Moderately Depressed
No hay que entenderlo todo solo vivirlo,Moderately Depressed
Me gusta cuando todo fluye sin esfuerzo,Moderately Depressed
La felicidad es un estado de equilibrio,Moderately Depressed
Disfrutando de la estabilidad emocional,Moderately Depressed
Disfrutando de la normalidad de la vida,Moderately Depressed
La estabilidad es un regalo que aprecio,Moderately Depressed
Sin grandes emociones pero con gratitud,Moderately Depressed
Disfrutando de la libertad de seguir mi,Moderately Depressed
La tranquilidad es un regalo que valoro,Moderately Depressed
A veces estar bien es simplemente estar,Moderately Depressed
La normalidad es un estado de bienestar,Moderately Depressed
La vida es bonita cuando la dejas fluir,Moderately Depressed
La vida es mejor cuando no la apresuras,Moderately Depressed
Sin emociones extremas solo estabilidad,Moderately Depressed
Me encuentro en el punto medio perfecto,Moderately Depressed
A veces la rutina es lo que se disfruta,Moderately Depressed
Me permito disfrutar de la tranquilidad,Moderately Depressed
La simplicidad del presente me llena de,Moderately Depressed
Hoy no hay grandes decisiones que tomar,Moderately Depressed
Me siento bien con la rutina de siempre,Moderately Depressed
La normalidad es un estado de felicidad,Moderately Depressed
Descubriendo la belleza en lo cotidiano,Moderately Depressed
Encontrando fuerza en la vulnerabilidad,Moderately Depressed
Estoy al borde de perderme por completo,Moderately Depressed
Estoy atrapado en mi propio sufrimiento,Moderately Depressed
Estoy atrapado en una pesadilla sin fin,Moderately Depressed
Estoy cansado de ser una carga para los,Moderately Depressed
La inercia me ha consumido por completo,Moderately Depressed
La tristeza me consumiendo por completo,Moderately Depressed
Me estoy ahogando en mi propia tristeza,Moderately Depressed
Me he convertido en una sombra de mismo,Moderately Depressed
Me siento como una sombra de lo que ser,Moderately Depressed
Me siento solo incluso rodeado de gente,Moderately Depressed
Mi alma se ha convertido en un desierto,Moderately Depressed
Mi mente es un mar turbulento sin calma,Moderately Depressed
Mi reflejo en el espejo no me dice nada,Moderately Depressed
Nadie nota lo roto que estoy por dentro,Moderately Depressed
No si alguien realmente se preocupa por,Moderately Depressed
No tengo ganas de levantarme de la cama,Moderately Depressed
Quisiera cerrar los ojos y no despertar,Moderately Depressed
Siento que cada pierdo un poco de mismo,Moderately Depressed
Siento que mi se ha roto en mil pedazos,Moderately Depressed
Todo parece tan lejano tan inalcanzable,Moderately Depressed
Un susurro de esperanza en la oscuridad,Moderately Depressed
La soledad es un manto pero busco calor,Moderately Depressed
hay una mano esperando a ser encontrada,Moderately Depressed
Un abismo donde la esperanza no alcanza,Moderately Depressed
El dolor es un eco constante en mi alma,Moderately Depressed
Me siento atrapado en un ciclo de dolor,Moderately Depressed
Mente se desmorona necesito reconstruir,Moderately Depressed
Necesito un sin preocupaciones solo uno,Moderately Depressed
Estoy luchando con mi propia mente cada,Moderately Depressed
Me siento como una que nunca se detiene,Moderately Depressed
Quisiera escapar de esta por un momento,Moderately Depressed
El se convirtiendo en mi estado natural,Moderately Depressed
Quisiera tener un de pausa para mi vida,Moderately Depressed
Mi nivel de cansancio es indescriptible,Moderately Depressed
Me siento agotado sin haber hecho mucho,Moderately Depressed
Quisiera dejar de sentir esta constante,Moderately Depressed
Estoy en un estado de alerta permanente,Moderately Depressed
Estoy tratando de sobrellevarlo pero es,Moderately Depressed
Me huir a un lugar donde nada me afecte,Moderately Depressed
Me pesa la vida y las responsabilidades,Moderately Depressed
Me siento sofocado por las expectativas,Moderately Depressed
La es tan fuerte que me cuesta respirar,Moderately Depressed
Siento que me ahogo en mis pensamientos,Moderately Depressed
Solo quiero un poco de calma en mi vida,Moderately Depressed
Necesito un descanso de todo y de todos,Moderately Depressed
Quisiera poder respirar sin sentir esta,Moderately Depressed
Mi mente no se calla ni siquiera en mis,Moderately Depressed
Estoy en piloto pero cada vez con menos,Moderately Depressed
Paz profunda lazos serenidad relacional,Moderately Depressed
No seguir adelante sin sentirme agotado,Moderately Depressed
Mi mente es un desastre y no arreglarla,Moderately Depressed
Sintiendo paz interior todo en su lugar,Moderately Depressed
Todo fluye sin resistencias ni bloqueos,Moderately Depressed
en equilibrio sin altibajos emocionales,Moderately Depressed
Necesito un momento de paz urgentemente,Moderately Depressed
Demasiadas preocupaciones poca claridad,Moderately Depressed
Estoy desesperado por un momento de paz,Moderately Depressed
Un giorno ordinario senza grandi eventi,Moderately Depressed
La routine quotidiana tra lavoro e casa,Moderately Depressed
Il cielo grigio ma la giornata continua,Moderately Depressed
La vita un viaggio non una destinazione,Moderately Depressed
Ogni passo conta nel cammino della vita,Moderately Depressed
La routine essere una fonte di conforto,Moderately Depressed
Ogni esperienza mi rende forte e saggio,Moderately Depressed
Ogni giorno per riflettere su me stesso,Moderately Depressed
Ogni giorno per scoprire nuove passioni,Moderately Depressed
La si trova nel presente non nel futuro,Moderately Depressed
Ogni passo che faccio un passo verso la,Moderately Depressed
Ogni giorno per riflettere su che conta,Moderately Depressed
Ogni giorno per essere grato per che ho,Moderately Depressed
Nessuno ha tutte le risposte ed normale,Moderately Depressed
Momenti di calma tra il caos quotidiano,Moderately Depressed
Un sorriso e un respiro tutto che serve,Moderately Depressed
Sentirsi centrati in pace con se stessi,Moderately Depressed
Pensieri sereni come nuvole che passano,Moderately Depressed
La bellezza della quiete la gioia della,Moderately Depressed
Momenti di pensieri leggeri come nuvole,Moderately Depressed
La bellezza della la gioia della quiete,Moderately Depressed
Momenti di pura gioia pensieri luminosi,Moderately Depressed
Sentirsi leggeri come una danza gioiosa,Moderately Depressed
La gratitudine la mia melodia del cuore,Moderately Depressed
Fiori che sbocciano cuori che sorridono,Moderately Depressed
Non tutto deve avere un senso immediato,Moderately Depressed
Un giorno senza sorriso un giorno perso,Moderately Depressed
Gli amici rendono ogni momento speciale,Moderately Depressed
Cucinare con amore rende tutto migliore,Moderately Depressed
Sorridere non costa nulla ma vale tanto,Moderately Depressed
Il tuo abbraccio il mio posto preferito,Moderately Depressed
Ridere con gli amici la miglior terapia,Moderately Depressed
Le avventure migliori iniziano con E se,Moderately Depressed
Sorrisi e risate senza fine la nellaria,Moderately Depressed
Vivere ogni istante assaporando la vita,Moderately Depressed
Sogni realizzati un traguardo raggiunto,Moderately Depressed
Risate senza fine momenti di pura gioia,Moderately Depressed
Il sole splende oggi che bella giornata,Moderately Depressed
Oggi mi sento particolarmente fortunato,Moderately Depressed
Mi sento come se fossi in cima al mondo,Moderately Depressed
La vita un regalo aprilo con un sorriso,Moderately Depressed
La vita un mosaico di esperienze felici,Moderately Depressed
Circondarsi di persone che portano luce,Moderately Depressed
Il bello della vita nei piccoli istanti,Moderately Depressed
Trovare motivi per essere felici sempre,Moderately Depressed
La gioia di costruire un futuro insieme,Moderately Depressed
La gioia una stella che brilla nel buio,Moderately Depressed
La gioia unavventura che non ha confini,Moderately Depressed
La gioia unesplosione di luce nel cuore,Moderately Depressed
Sentimenti che colorano lanima di gioia,Moderately Depressed
Scopro la gioia nel mio essere profondo,Moderately Depressed
Cerco la gioia nelle piccole intuizioni,Moderately Depressed
Sento la gioia come un respiro profondo,Moderately Depressed
La unonda di gratitudine che mi avvolge,Moderately Depressed
Apprezzo la bellezza dei momenti felici,Moderately Depressed
La unemozione che mi rende riconoscente,Moderately Depressed
Apprezzo la dolcezza dei momenti felici,Moderately Depressed
La unespressione della mia indipendenza,Moderately Depressed
Mi sento determinatoa e pienoa di gioia,Moderately Depressed
Sento la gioia come uneco dellesistenza,Moderately Depressed
Sento la gioia come una danza scatenata,Moderately Depressed
La unemozione che mi fa sentire liberoa,Moderately Depressed
La unesperienza di equilibrio interiore,Moderately Depressed
Cerco la gioia nella quiete del respiro,Moderately Depressed
La unemozione che mi unisce allinfinito,Moderately Depressed
Cerco la gioia nei segreti delluniverso,Moderately Depressed
La unemozione che mi connette al divino,Moderately Depressed
La unesperienza di pura forza interiore,Moderately Depressed
Sento la gioia come uneco di resilienza,Moderately Depressed
Sento la gioia come unonda di benessere,Moderately Depressed
La unemozione che mi fa sentire interoa,Moderately Depressed
La vita complicata non riesco a capirla,Moderately Depressed
La pressione alta ma non posso fermarmi,Moderately Depressed
A volte ho bisogno di scappare da tutto,Moderately Depressed
La a trovare un momento di pace mentale,Moderately Depressed
La fatica che si fa sentire nei muscoli,Moderately Depressed
La tensione che si manifesta con dolori,Moderately Depressed
La sensazione di avere il corpo pesante,Moderately Depressed
La fatica che si fa sentire nelle gambe,Moderately Depressed
La a trovare un momento di pace emotiva,Moderately Depressed
Sensazione di essere emotivamente tesoa,Moderately Depressed
Sensazione di essere in un vicolo cieco,Moderately Depressed
La sensazione di non avere il controllo,Moderately Depressed
La sensazione di essere in un labirinto,Moderately Depressed
La sensazione di essere sotto pressione,Moderately Depressed
Unagitazione che si manifesta nel corpo,Moderately Depressed
Unagitazione che si manifesta nei gesti,Moderately Depressed
La a trovare un momento di pausa tra le,Moderately Depressed
Unangoscia che nasce dalla paura di non,Moderately Depressed
La sensazione di essere unanima errante,Moderately Depressed
La mia un fiume in secca che non scorre,Moderately Depressed
La lista delle cose da fare lunga di me,Moderately Depressed
Anche i piccoli compiti sembrano enormi,Moderately Depressed
Cerco un rifugio sicuro ma non lo trovo,Moderately Depressed
Giornate grigie che sembrano non finire,Moderately Depressed
Ho bisogno di una pausa dalla mia mente,Moderately Depressed
Il buio mi avvolge non vedo via duscita,Moderately Depressed
La mia mente confusa e il cuore pesante,Moderately Depressed
La sensazione di avere il corpo esausto,Moderately Depressed
La sensazione di essere un guscio vuoto,Moderately Depressed
La sensazione di essere unisola deserta,Moderately Depressed
La stanchezza mentale non mi lascia mai,Moderately Depressed
La vita mi sembra grigia e senza colore,Moderately Depressed
La vita sembra un po grigia ultimamente,Moderately Depressed
Le emozioni sono come un fiume in secca,Moderately Depressed
Mi sento come se fossi uneco senza voce,Moderately Depressed
Non trovo il senso di quello che faccio,Moderately Depressed
Non trovo la motivazione per fare nulla,Moderately Depressed
Non trovo la speranza di un cambiamento,Moderately Depressed
Ogni giorno sembra difficile dellultimo,Moderately Depressed
Sto cercando di sorridere ma non facile,Moderately Depressed
Unombra di malinconia che mi accompagna,Moderately Depressed
Ogni giorno una lotta per andare avanti,Moderately Depressed
Non trovo la forza di alzarmi dal letto,Moderately Depressed
Mi sento intrappolato in un tunnel buio,Moderately Depressed
Sento un vuoto che non riesco a colmare,Moderately Depressed
Mi sento solo anche in mezzo alla gente,Moderately Depressed
Sento di essere in un vortice di follia,Moderately Depressed
Non conforto solo disperazione assoluta,Moderately Depressed
Non speranza solo disperazione profonda,Moderately Depressed
Il mondo uneco lontana non mi raggiunge,Moderately Depressed
La mia anima un abisso di rabbia e odio,Moderately Depressed
Non speranza solo uneco di disperazione,Moderately Depressed
La mia esistenza un tormento senza fine,Moderately Depressed
Non pace solo uneco di guerra interiore,Moderately Depressed
Non passione solo unindifferenza totale,Moderately Depressed
La mia esistenza uneco di unanima morta,Moderately Depressed
Focusing on Feeling Fragmented and Lost,Moderately Depressed
Non direzione solo un vagare senza meta,Moderately Depressed
Non connessione solo un distacco totale,Moderately Depressed
Non respiro solo unoppressione costante,Moderately Depressed
La mia anima uneco di un urlo soffocato,Moderately Depressed
Non redenzione solo una condanna eterna,Moderately Depressed
Sento di essere in un incubo senza fine,Moderately Depressed
La mia esistenza un tradimento costante,Moderately Depressed
Non trovo la chiave per aprire la porta,Moderately Depressed
Unassenza di significato che mi consuma,Moderately Depressed
Uneco di unanima che si perde nelloblio,Moderately Depressed
Uneco di unanima che si perde nel nulla,Moderately Depressed
Uneco di unanima che si perde nel vuoto,Moderately Depressed
Non trovo la luce in questo buio eterno,Moderately Depressed
La un sogno distorto senza logica senso,Moderately Depressed
Uneco di che si sgretola in mille pezzi,Moderately Depressed
La un film senza trama senza personaggi,Moderately Depressed
Il respiro A un peso ogni atto unagonia,Moderately Depressed
An amusing incident brightened up my day,Moderately Depressed
Living my best life one moment at a time,Moderately Depressed
Choosing to see the beauty in everything,Moderately Depressed
Feeling absolutely blessed and overjoyed,Moderately Depressed
Feeling like my soul is singing with joy,Moderately Depressed
Feeling so much joy in the simple things,Moderately Depressed
Feeling so much love light and happiness,Moderately Depressed
Happiness is a journey not a destination,Moderately Depressed
Happiness is a sunrise and a fresh start,Moderately Depressed
Happiness is a warm hug from life itself,Moderately Depressed
Happiness is the key to a beautiful life,Moderately Depressed
Its the little things that make life big,Moderately Depressed
Just celebrating the happy little things,Moderately Depressed
Just letting my happy heart lead the way,Moderately Depressed
Keep shining happiness looks good on you,Moderately Depressed
Lifes too short to be anything but happy,Moderately Depressed
Little moments make the biggest memories,Moderately Depressed
Living in full color feeling fully alive,Moderately Depressed
Living my happiest life unapologetically,Moderately Depressed
Making life brighter one smile at a time,Moderately Depressed
Making room for more happiness every day,Moderately Depressed
Making today a happy chapter in my story,Moderately Depressed
Making today a happy story worth sharing,Moderately Depressed
No filters needed when life is this good,Moderately Depressed
No rain no flowersembracing every moment,Moderately Depressed
Overflowing with gratitude and happiness,Moderately Depressed
Silent tears speak louder than any words,Moderately Depressed
Smiling like the sun shining from within,Moderately Depressed
Surround yourself with love and laughter,Moderately Depressed
Taking joy seriously one smile at a time,Moderately Depressed
The best glowup is happiness from within,Moderately Depressed
The past clings to me like a second skin,Moderately Depressed
The secret to happiness Just be yourself,Moderately Depressed
Today feels like a great day to be alive,Moderately Depressed
Today feels like a hug from the universe,Moderately Depressed
A mind tangled in its own contradictions,Moderately Depressed
Carrying burdens that words cant express,Moderately Depressed
Embracing the quiet acceptance of things,Moderately Depressed
Feeling like Im carrying a secret burden,Moderately Depressed
Feeling like Im stuck in a bit of a loop,Moderately Depressed
Feeling like Im walking against the wind,Moderately Depressed
Finding peace in the simplicity of being,Moderately Depressed
Finding peace in the stillness of nature,Moderately Depressed
Holding onto the image of a happier self,Moderately Depressed
I keep telling myself itll pass but when,Moderately Depressed
I keep walking but Ive lost my direction,Moderately Depressed
Just cant seem to get myself going today,Moderately Depressed
Just feeling a little out of sorts today,Moderately Depressed
Just riding the gentler waves of emotion,Moderately Depressed
Just taking a deep breath and continuing,Moderately Depressed
Letting the negative thoughts drift away,Moderately Depressed
Lost in thought hoping to find a way out,Moderately Depressed
Mentally overwhelmed emotionally drained,Moderately Depressed
Navigating with a steady and gentle hand,Moderately Depressed
Nothing extraordinary but still grateful,Moderately Depressed
Searching for color in a grayscale world,Moderately Depressed
The art of pretending everything is fine,Moderately Depressed
The constant battle with my own thoughts,Moderately Depressed
The constant effort of trying to keep up,Moderately Depressed
The weight of feeling like Im not enough,Moderately Depressed
Todays agenda enjoying the simple things,Moderately Depressed
All about positive energy and good vibes,Moderately Depressed
Awestruck by the beauty of the night sky,Moderately Depressed
Basking in the peace of a slow afternoon,Moderately Depressed
Breathing in peace exhaling expectations,Moderately Depressed
Discovering the beauty that surrounds us,Moderately Depressed
Empowerment through learning a new skill,Moderately Depressed
Feeling happy and content in this moment,Moderately Depressed
Feeling the weight of absolutely nothing,Moderately Depressed
Finding contentment in the simple things,Moderately Depressed
Finding joy in the space between moments,Moderately Depressed
Finding wonder in the simplest of things,Moderately Depressed
Just enjoying the lovely atmosphere here,Moderately Depressed
Just enjoying the serenity of this place,Moderately Depressed
Just existing feels exhausting sometimes,Moderately Depressed
Just one deep breath away from losing it,Moderately Depressed
Living with positivity and an open heart,Moderately Depressed
Lost in thoughts that dont lead anywhere,Moderately Depressed
Making today a day filled with happiness,Moderately Depressed
My past haunts me my future terrifies me,Moderately Depressed
Running low on patience energy and sleep,Moderately Depressed
Running on stress caffeine and deadlines,Moderately Depressed
Sitting back and watching the world move,Moderately Depressed
So much to do yet no motivation to start,Moderately Depressed
Some days just being is more than enough,Moderately Depressed
Sometimes I do not even know what I feel,Moderately Depressed
Surrounded but still so incredibly alone,Moderately Depressed
Taking in the little joys of the mundane,Moderately Depressed
Too much on my plate but pushing through,Moderately Depressed
Wishing for peace in the middle of chaos,Moderately Depressed
Even the smallest things feel impossible,Moderately Depressed
Every day feels like a battle I cant win,Moderately Depressed
Every muscle in my body feels the stress,Moderately Depressed
Everything feels like an impossible task,Moderately Depressed
Hard to find any reason to be optimistic,Moderately Depressed
Hard to find anything to look forward to,Moderately Depressed
Hope feels like an illusion I cant reach,Moderately Depressed
I exist but I stopped living a while ago,Moderately Depressed
Intimidation by the unknown future ahead,Moderately Depressed
Just another day of pretending I am okay,Moderately Depressed
Just wanting the relentless ache to stop,Moderately Depressed
Longing for something to feel real again,Moderately Depressed
Mind racing heart pacing no pause button,Moderately Depressed
New book release from my favorite author,Moderately Depressed
Nothing seems to hold any genuine appeal,Moderately Depressed
Pausing to appreciate the ordinary magic,Moderately Depressed
The world keeps turning but I feel stuck,Moderately Depressed
A storm of thoughts that wont quiet down,Moderately Depressed
Can someone pause the world for a second,Moderately Depressed
Currently running on adrenaline and hope,Moderately Depressed
Currently running on caffeine and denial,Moderately Depressed
Even sleep doesnt feel like rest anymore,Moderately Depressed
Feeling like Im carrying a ton of bricks,Moderately Depressed
Feeling like Im constantly on high alert,Moderately Depressed
Feeling like Im walking uphill both ways,Moderately Depressed
Hiding my exhaustion behind productivity,Moderately Depressed
Holding on but my grip is getting weaker,Moderately Depressed
Just trying to stay afloat in this chaos,Moderately Depressed
My stress is a constant background noise,Moderately Depressed
Need a moment to just be still and quiet,Moderately Depressed
Pretty sure my mantra is just keep going,Moderately Depressed
Reflecting on the past and looking ahead,Moderately Depressed
Some days even existing feels exhausting,Moderately Depressed
Some nights feel longer than they should,Moderately Depressed
Some smiles are just wellrehearsed masks,Moderately Depressed
Sometimes I wonder if peace is even real,Moderately Depressed
Trapped in a cycle of pretending Im okay,Moderately Depressed
Trying to find color in a grayscale life,Moderately Depressed
Trying to function while my mind crashes,Moderately Depressed
Trying to stay strong but I feel so weak,Moderately Depressed
Waking up to new possibilities every day,Moderately Depressed
Vibrando alto y disfrutando cada segundo,Moderately Depressed
Hoy solo acepto cosas bonitas en mi vida,Moderately Depressed
Si brillas por dentro lo haces por fuera,Moderately Depressed
Las sonrisas son gratis Âreparte muchas,Moderately Depressed
Los momentos felices son el mejor regalo,Moderately Depressed
Haciendo que cada cuente con una sonrisa,Moderately Depressed
Que tu sonrisa sea el reflejo de tu alma,Moderately Depressed
No hay prisa solo felicidad en cada paso,Moderately Depressed
Riendo sin parar porque la vida es corta,Moderately Depressed
El mejor momento para ser feliz es ahora,Moderately Depressed
La vida siempre es mejor con una sonrisa,Moderately Depressed
Disfruta la vida es un viaje maravilloso,Moderately Depressed
de personas que sumen sonrisas a tu vida,Moderately Depressed
Que la felicidad te como tu mejor amigoa,Moderately Depressed
Disfrutando cada instante con gratitud y,Moderately Depressed
Mi felicidad no depende de nadie solo de,Moderately Depressed
La felicidad es un para las cosas buenas,Moderately Depressed
No dejes que nada ni nadie apague tu luz,Moderately Depressed
La felicidad en vivir sin prisa pero con,Moderately Depressed
Si es con amor y risas todo vale la pena,Moderately Depressed
Riendo a carcajadas porque se vive mejor,Moderately Depressed
Hoy es un buen para ser feliz sin motivo,Moderately Depressed
Todo es posible cuando crees en ti mismo,Moderately Depressed
Cree en la magia de los nuevos comienzos,Moderately Depressed
La mejor manera de predecir tu futuro es,Moderately Depressed
Hoy decido enfocarme solo en lo positivo,Moderately Depressed
La felicidad es un estado de no una meta,Moderately Depressed
Hoy elijo ver la belleza en cada detalle,Normal
La mejor es en experiencias que te hagan,Normal
La mejor medicina es una dosis diaria de,Normal
Encontrando fuerza en la suavidad de los,Normal
Aprendiendo a cuidar de mi mente como un,Normal
Buscando la en los gestos que nos rodean,Normal
Todo el mundo avanza y yo sigo estancado,Normal
No explicar lo que siento solo que duele,Normal
Quiero hablar pero las palabras no salen,Normal
Aprendiendo a cuidar de mi con ternura y,Normal
Encontrando momentos de luz en la rutina,Normal
Me pierdo en mis pensamientos y no salir,Normal
Me duele no poder ser la persona que ser,Normal
Quisiera encontrar un poco de paz mental,Normal
Todo lo que hago parece no tener sentido,Normal
Quisiera poder darle sentido a todo esto,Normal
La sonrisa se siente un poco forzada hoy,Normal
A veces la tristeza pesa otras se disipa,Normal
Me siento atrapado en una rutina sin fin,Normal
Estoy perdiendo el en las cosas que amar,Normal
Hay una tormenta dentro de que no calmar,Normal
Quisiera poder desaparecer por un tiempo,Normal
Estoy luchando contra algo que no vencer,Normal
sentirme ligero sin esta carga invisible,Normal
Me simplemente desaparecer por un tiempo,Normal
Me encontrar algo que me motive otra vez,Normal
Me esfuerzo pero me sigo sintiendo igual,Normal
Me cuesta cada vez fingir que estoy bien,Normal
No si estoy triste o simplemente agotado,Normal
Mi mente no me deja en paz ni un segundo,Normal
A veces me pregunto si alguien se cuenta,Normal
La sonrisa es un esfuerzo consciente hoy,Normal
Intentando equilibrar trabajo y descanso,Normal
No si quiero seguir adelante o detenerme,Normal
Me cuesta disfrutar las cosas como antes,Normal
Me encontrar algo de luz en la oscuridad,Normal
A veces me pregunto si realmente importo,Normal
La ansiedad me como una sombra constante,Normal
La mente se siente como un nudo apretado,Normal
La vida no siempre es emocionante y bien,Normal
Ni memorable ni olvidable simplemente un,Normal
Siento la tranquilidad en cada todo bien,Normal
Un normal y feliz lleno de momentos de y,Normal
Un feliz y alegre lleno de momentos de y,Normal
Viendo se desarrolla el sin expectativas,Normal
No hay nada que celebrar ni lamentar hoy,Normal
Hoy es un sin historia pero sigue siendo,Normal
No hay ruido en mi cabeza solo serenidad,Normal
Nada me inquieta hoy y eso es suficiente,Normal
Me siento en control de mis pensamientos,Normal
Hoy la vida se siente como una tranquila,Normal
No hay que entenderlo todo solo sentirlo,Normal
Claridad y confianza en mis pensamientos,Normal
Un momento de paz antes de seguir con el,Normal
Hoy no hay nada extraordinario pero bien,Normal
Encuentro la en la con mi espiritualidad,Normal
Agradezco la calma que da el autocuidado,Normal
No hay que correr todo llega cuando debe,Normal
Me gusta cuando la vida se siente serena,Normal
Sin grandes planes pero con tranquilidad,Normal
No hay que correr todo llega a su tiempo,Normal
Agradezco la claridad para enfrentar con,Normal
Nada espectacular pero nada malo tampoco,Normal
Aprecio los en los que la mente en calma,Normal
Un momento de calma un recuerdo precioso,Normal
El dolor se ha convertido en mi lenguaje,Normal
El futuro es un lienzo en blanco y negro,Normal
Estoy cansado de esperar que todo mejore,Normal
Estoy roto de formas que nadie puede ver,Normal
Estoy tan cansado de luchar contra mismo,Normal
La es un eco lejano que ya no resuena en,Normal
La es un recuerdo borroso como un lejano,Normal
La esperanza es un fuego en la oscuridad,Normal
La esperanza es un que se ha desvanecido,Normal
La tristeza me ha robado todo lo que era,Normal
La tristeza me ha robado todo lo que ser,Normal
La tristeza se ha convertido en mi hogar,Normal
Me estoy hundiendo en mi propia tristeza,Normal
Me siento como un enjaulado sin libertad,Normal
Mi alma atrapada en un laberinto sin luz,Normal
Mi roto pero quiero aprender a repararlo,Normal
No quiero seguir despertando con esta de,Normal
No quiero seguir en este dolor constante,Normal
No quiero seguir fingiendo que todo bien,Normal
Perdido en la oscuridad buscando una luz,Normal
Siento que mi cuerpo es una carga pesada,Normal
Siento que mi se ha agotado por completo,Normal
Siento que ya no pertenezco a este mundo,Normal
Solo quiero descansar de mi propia mente,Normal
Tal vez solo tal vez hay una para seguir,Normal
Una tormenta interna que nadie puede ver,Normal
Estoy roto en mil pedazos y no repararme,Normal
No puedo seguir fingiendo que estoy bien,Normal
La esperanza es un que nunca se realidad,Normal
Me siento como si estuviera perdiendo la,Normal
La lucha interna me consume por completo,Normal
La me paraliza necesito encontrar fuerza,Normal
mental aplasta relaciones vulnerabilidad,Normal
La me aplasta necesito un escape urgente,Normal
El me roba la busco momentos de ligereza,Normal
Ansiedad nubla claridad necesito enfoque,Normal
Pierdo rumbo necesito encontrar mi norte,Normal
Responsabilidad agobia necesito ligereza,Normal
Estoy agotado pero queda mucho por hacer,Normal
Necesito un respiro pero no tengo tiempo,Normal
Estoy haciendo mi mejor esfuerzo pero es,Normal
Necesito desconectarme del mundo un rato,Normal
Me esfuerzo tanto y siento que no avanzo,Normal
Me estoy agotando tratando de hacer todo,Normal
Me exijo demasiado y no dejar de hacerlo,Normal
Estoy cansado de sentirme todo el tiempo,Normal
Todo parece un reto imposible de superar,Normal
Quisiera poder gritar todo lo que siento,Normal
Estoy constantemente en estado de alerta,Normal
Me poder relajarme sin sentirme culpable,Normal
La de estar abrumado se volviendo normal,Normal
Necesito tiempo para pero no encontrarlo,Normal
Quiero encontrar la paz pero no buscarla,Normal
Estoy agotado de pretender que todo bien,Normal
Estoy tratando de no derrumbarme pero es,Normal
Todo parece un abrumador en este momento,Normal
Me siento como si estuviera siempre bajo,Normal
Siento que el tiempo nunca es suficiente,Normal
Me saber relajarme sin sentirme culpable,Normal
Estoy cansado de esta constante de ahogo,Normal
Me poder parar el tiempo y encontrar paz,Normal
No seguir adelante con tanto peso encima,Normal
El me robando cada instante de felicidad,Normal
No parar este torbellino de pensamientos,Normal
Quiero gritar hasta que todo desaparezca,Normal
Quisiera volver a ser la persona que ser,Normal
No lidiar con esta constante de angustia,Normal
Quisiera tener un de pausa para mi mente,Normal
Ansiedad paraliza sentimental movimiento,Normal
Vulnerabilidad y fortaleza en relaciones,Normal
Estoy cansado de estar siempre en alerta,Normal
Me cuesta dormir porque mi mente no para,Normal
Disfrutando de la serenidad del presente,Normal
Disfrutando de la simplicidad de la vida,Normal
tranquilo en paz conmigo mismo y con los,Normal
Un sencillo lleno de momentos agradables,Normal
Un normal lleno de momentos de felicidad,Normal
Conectado con mis sin sentirme frustrado,Normal
Necesito un respiro pero no lo encuentro,Normal
Necesito un momento de silencio absoluto,Normal
Necesito un momento de calma de silencio,Normal
Buscando un lugar donde encontrar la paz,Normal
No puedo dormir el me mantiene despierto,Normal
Leggendo un buon libro un momento per me,Normal
Un passo alla volta senza correre troppo,Normal
Un altro giorno uguale a tutti gli altri,Normal
La bellezza ovunque basta saperla vedere,Normal
Ogni giorno una nuova pagina da scrivere,Normal
La vita un equilibrio tra lavoro e svago,Normal
La vita unopera darte e io sono lartista,Normal
La vita un equilibrio tra lavoro e relax,Normal
La vita un mosaico di emozioni e ricordi,Normal
La si trova nel presente non nel passato,Normal
Ogni giorno per scoprire nuove avventure,Normal
Le piccole cose rendono la vita speciale,Normal
La routine quotidiana essere confortante,Normal
Apprezzare il presente senza aspettative,Normal
Sentirsi grati per la bellezza del mondo,Normal
Un momento di gioia un pensiero positivo,Normal
Un sorriso e un respiro la formula della,Normal
Sentirsi completi in equilibrio perfetto,Normal
Giornate di piccole gioie grandi sorrisi,Normal
La gratitudine il mio respiro quotidiano,Normal
Giornate di gratitudine anime in armonia,Normal
La che avvolge come un abbraccio di pace,Normal
Non smettere mai di credere in te stesso,Normal
Gli amici sono la famiglia che scegliamo,Normal
Nulla perfetto ma tutto ha il suo valore,Normal
Ascolta il vento racconta storie antiche,Normal
Piccoli passi portano a grandi risultati,Normal
Sii la tua versione migliore ogni giorno,Normal
Le risate migliori sono quelle spontanee,Normal
Unamicizia vera non ha bisogno di parole,Normal
La compagnia giusta rende tutto perfetto,Normal
Il mondo troppo grande per restare fermi,Normal
Il miglior modo per iniziare la giornata,Normal
I migliori ricordi nascono con gli amici,Normal
Ballo sotto la pioggia sentendomi libero,Normal
La nelle piccole cose nei gesti semplici,Normal
La una scelta e io la scelgo ogni giorno,Normal
La un sentimento che mi riempie il cuore,Normal
La gioia un viaggio non una destinazione,Normal
La gioia nei piccoli dettagli della vita,Normal
Il mondo pieno di meraviglie da scoprire,Normal
Il sole brilla forte quando siamo felici,Normal
Gioia nel raggiungere i propri obiettivi,Normal
Gioia nel creare ricordi indimenticabili,Normal
Sentirsi leggeri come una piuma al vento,Normal
Vivere con la leggerezza di una farfalla,Normal
La della primavera unesplosione di gioia,Normal
La gioia di condividere sogni e speranze,Normal
La gioia una melodia che danza nel cuore,Normal
La unalba interiore che illumina la vita,Normal
La unopera darte che si crea ogni giorno,Normal
Sento la gioia come una forza tranquilla,Normal
Cucino la gioia con ingredienti semplici,Normal
Ascolto la gioia nelle melodie del mondo,Normal
Accolgo la gioia come un ospite speciale,Normal
Diffondo la gioia come un raggio di sole,Normal
Riconosco e apprezzo ogni segno di gioia,Normal
Ringrazio per la che mi fa sentire vivoa,Normal
La unesperienza che mi rende consapevole,Normal
Cerco la gioia nei silenzi dello spirito,Normal
La unemozione che mi fa sentire leggeroa,Normal
Cerco la gioia nei momenti di pura magia,Normal
Cerco la gioia nei momenti di pura gioia,Normal
Cerco la gioia nei segreti dellesistenza,Normal
Sento la gioia come uneco di gratitudine,Normal
Non riesco a gestire tutto questo stress,Normal
Non riesco a gestire le mie sono confuso,Normal
A volte ho bisogno di una pausa dal caos,Normal
La vita un puzzle difficile da risolvere,Normal
A volte la calma sembra un sogno lontano,Normal
Troppe cose da ricordare troppi dettagli,Normal
La sensazione di non riuscire a staccare,Normal
La fatica che si fa sentire nelle spalle,Normal
La a trovare un momento di riposo fisico,Normal
La a trovare un momento di calma emotiva,Normal
La fatica di dover affrontare imprevisti,Normal
La a trovare un momento di calma mentale,Normal
Unansia che nasce dalla paura dellignoto,Normal
Sento il peso del mondo sulle mie spalle,Normal
una parte di me che non riesce a guarire,Normal
Il dolore emotivo forte di quello fisico,Normal
Il mondo un quadro che non mi appartiene,Normal
Il mondo un quadro che non mi rispecchia,Normal
La a trovare un motivo per andare avanti,Normal
La mia anima ferita non riesce a guarire,Normal
La sensazione di essere uneco di perduta,Normal
La stanchezza non solo fisica ma mentale,Normal
La tristezza un peso che porto nel cuore,Normal
La tristezza una nuvola che non se ne va,Normal
La tristezza mi avvolge come una coperta,Normal
La vita sembra essere pesante del solito,Normal
La voglia di fare un fuoco che si spegne,Normal
La voglia di sorridere un muscolo stanco,Normal
Le emozioni sono come un mare senza onde,Normal
Mi sembra di essere solo in questo mondo,Normal
Mi sento bloccato in un ciclo senza fine,Normal
Mi sento come se fossi unanima in bilico,Normal
Non riesco a vedere la bellezza in nulla,Normal
Non so come affrontare la giornata ma ci,Normal
Non trovo la motivazione per fare niente,Normal
Spero che il domani sia migliore di oggi,Normal
Spero che la torni presto nella mia vita,Normal
Spero solo che arrivi un giorno migliore,Normal
Unapatia che mi rende privoa di desideri,Normal
Unapatia che mi rende privoa di emozioni,Normal
Unindifferenza che nasconde una tempesta,Normal
La vita un peso che non riesco a portare,Normal
Sento un vuoto che non riesco a riempire,Normal
Il terrore mi paralizza non so cosa fare,Normal
Sento di annegare di essere inghiottitoa,Normal
Sento di essere in un abisso senza fondo,Normal
Non riesco a respirare lansia mi soffoca,Normal
Sento di essere uneco di unanima in pena,Normal
Sento di essere un automa senza emozioni,Normal
Sento di essere uneco di unanima errante,Normal
Non orientamento solo un perdersi totale,Normal
Non sollievo solo un peso insopportabile,Normal
Sento di essere uneco di unanima dannata,Normal
Sento di essere in una confusione eterna,Normal
Sento di essere in una gioia inesistente,Normal
Sento di essere in unesistenza senza eco,Normal
Non risonanza solo unindifferenza totale,Normal
Il mondo si muove ma io rimango immobile,Normal
Unassenza che pesa di qualsiasi presenza,Normal
Uneco di unanima perduta in un labirinto,Normal
Un riflesso freddo di unimmagine lontana,Normal
Focusing on Inability to Cope Exhaustion,Normal
Uneco di unanima che si perde nel dolore,Normal
Focusing on Loss of Meaning Hopelessness,Normal
Non sento il calore del sole sulla pelle,Normal
Uneco di unisola deserta nel cuore della,Normal
Uneco di unanima che si allontana sempre,Normal
Uneco di unanima che si rifugia nel buio,Normal
La mia mente un deserto arido senza oasi,Normal
A happy heart makes life so much brighter,Normal
A little bit of happiness goes a long way,Normal
A surprise gift from a friend made my day,Normal
Counting my blessings one smile at a time,Normal
Dancing through life with joy in my heart,Normal
Every day brings something to smile about,Normal
Feeling absolutely radiant with happiness,Normal
Good times Crazy friends Amazing memories,Normal
Happiness is the best kind of inspiration,Normal
Happiness is the best kind of magic trick,Normal
Happiness looks good on me dont you think,Normal
Heres to a life full of love and laughter,Normal
Heres to love laughter and happy memories,Normal
Heres to loving life one moment at a time,Normal
Invisible battles take the most out of me,Normal
Just a little reminder to find your happy,Normal
Lifes too short to not enjoy every second,Normal
Making memories that will last a lifetime,Normal
Making today a happy memory in the making,Normal
Memories feel more alive than the present,Normal
Overthinking everything even overthinking,Normal
Smiles are free so I give them away often,Normal
Smiling through the sunshine and the rain,Normal
Soaking in the happy energy of this place,Normal
Soaking in the happy vibes of this moment,Normal
Soaking up the happy atmosphere around me,Normal
Starting a new fitness challenge tomorrow,Normal
Strolling through the little joys of life,Normal
Sunshine in my soul happiness in my heart,Normal
Sunshine mixed with a little bit of happy,Normal
Sunshine coffee and a little bit of magic,Normal
Taking life one peaceful moment at a time,Normal
Tangled in a web of worries I cant escape,Normal
The happiest moments are always unplanned,Normal
The happiest version of me is the real me,Normal
The secret to happiness Enjoying the ride,Normal
Behind every smile theres a hurting heart,Normal
Embracing the quiet moments of reflection,Normal
Every day is a battle against my own mind,Normal
Feeling like a puzzle with missing pieces,Normal
Feeling like Im carrying a heavy backpack,Normal
Feeling like Im on the outside looking in,Normal
Feeling like Im walking through thick mud,Normal
Finding comfort in the rhythm of the rain,Normal
Finding strength in the stories of others,Normal
Happiness is made of these little moments,Normal
Holding onto the small things that matter,Normal
I wish I could stop my brain for a second,Normal
Is it okay to just feel lost and confused,Normal
Its like trying to hold water in my hands,Normal
Just being here even when its challenging,Normal
Just being in the moment however it feels,Normal
Just being present in this space and time,Normal
Just one of those days where Im in a funk,Normal
Just riding the calmer parts of the storm,Normal
Just trying to find my way back to myself,Normal
Just trying to piece myself back together,Normal
Just trying to take one more step forward,Normal
Searching for a safe space in my own mind,Normal
Searching for a sign that it will be okay,Normal
Still believing in the sun after the rain,Normal
The days are starting to feel a bit samey,Normal
The weight of expectations is suffocating,Normal
A cup of coffee and a quiet momentperfect,Normal
A moment of stillness in the rush of life,Normal
A walk in the park a pocket full of peace,Normal
Content with the way things are right now,Normal
Contentment in the embrace of a loved one,Normal
Cozy blankets and heartfelt conversations,Normal
Every day cant be exciting and thats okay,Normal
Everything feels like its moving too fast,Normal
Feeling happy and at peace in this moment,Normal
Feeling happy and content with where I am,Normal
Feeling like a background character today,Normal
Feeling thankful for the beauty of nature,Normal
Feeling thankful for the gift of this day,Normal
Finding happiness in the everyday routine,Normal
Finding inspiration in unexpected corners,Normal
If exhaustion had a face it would be mine,Normal
Just appreciating the beauty of this view,Normal
Just waiting for a break that never comes,Normal
Living with gratitude and joy in my heart,Normal
My inbox is full but my patience is empty,Normal
Sharing a little bit of my world with you,Normal
Some days are just made for doing nothing,Normal
Stress level If one more thing goes wrong,Normal
The hardest battles are fought in silence,Normal
The quiet moments are the most underrated,Normal
Another day to face with this heavy heart,Normal
Battling the demons in my mind constantly,Normal
Everything feels like a monumental effort,Normal
Everything feels washed out and colorless,Normal
Feeling like a disappointment to everyone,Normal
Feeling profoundly alone in this struggle,Normal
Fuming with anger after a heated argument,Normal
Holding onto hope even when its difficult,Normal
I feel like Im fading into the background,Normal
I keep searching for a way back to myself,Normal
If I fade away would anyone really notice,Normal
Just trying to make it to the next breath,Normal
Just wanting to not feel this way anymore,Normal
Like Im watching my life from the outside,Normal
Looking for relief but finding more chaos,Normal
No will to fight the overwhelming sadness,Normal
Resting feels like a luxury I cant afford,Normal
Sleep is a luxury I cant afford right now,Normal
Stuck in a cycle of worry and uncertainty,Normal
The darkness has become a familiar friend,Normal
The days are a repetitive cycle of misery,Normal
The emptiness is a vast and echoing space,Normal
The light inside me has been extinguished,Normal
The shadows feel like the only safe place,Normal
The silence screams louder than any noise,Normal
Weekend road trip to explore scenic views,Normal
Wishing I could fastforward through today,Normal
Feeling like Im swimming against the tide,Normal
Feeling like Im walking through quicksand,Normal
Its not sadness just a constant dull ache,Normal
Just trying to find a moment of stillness,Normal
Just trying to take it one step at a time,Normal
Moments of stillness are moments of magic,Normal
My body is here but my mind is miles away,Normal
My mind feels like a web of tangled wires,Normal
Struggling to find a reason to keep going,Normal
The weight of expectations is crushing me,Normal
The weight of my own thoughts is crushing,Normal
The weight of the world feels heavy today,Normal
Too many responsibilities not enough time,Normal
Wearing my stress like an invisible cloak,Normal
Why does relaxation feel like wasted time,Normal
Wishing for just one moment of true peace,Normal
Que la vida te encuentre siempre bailando,Normal
La mejor terapia hasta que duela la panza,Normal
La felicidad se encuentra en los momentos,Normal
Un alma feliz ilumina todo a su alrededor,Normal
La mejor respuesta siempre es una sonrisa,Normal
Que el brillo de tu alma ilumine el mundo,Normal
Que tu positiva atraiga solo cosas buenas,Normal
Que el sol brille tanto como mi felicidad,Normal
Hoy decido de todo hasta de mismo o misma,Normal
Que la vida siempre me encuentre bailando,Normal
Hoy elijo la felicidad por encima de todo,Normal
La felicidad no se encuentra se construye,Normal
Hoy elijo ver el lado positivo de la vida,Normal
La vida es un reflejo de tus pensamientos,Normal
La felicidad en el viaje no en el destino,Normal
Llena tu vida de risas y buenos recuerdos,Normal
La vida recompensa a quienes la disfrutan,Normal
A veces la felicidad en aprender a soltar,Normal
Siembra felicidad y momentos inolvidables,Normal
Cuando eres feliz todo lo se acomoda solo,Normal
No busques razones para simplemente hazlo,Normal
La se esconde pero la busco con paciencia,Normal
Aprendiendo a cuidar de mismo un a la vez,Normal
Dejar que el sol entre aunque sea un poco,Normal
La se siente como un lujo que ya no tengo,Normal
Me duele saber que nadie nota mi tristeza,Normal
A veces me pregunto si alguna vez de esto,Normal
Solo quiero un respiro de mi propia mente,Normal
Solo quiero sentirme en paz conmigo mismo,Normal
Buscando la en los gestos de amabilidad y,Normal
Me pesa el aunque no sepa exactamente por,Normal
Me esfuerzo por mantenerme fuerte pero es,Normal
La vida sigue pero yo me siento estancado,Normal
Me encontrar algo que me haga sentir vivo,Normal
Me cuesta encontrarle sentido a las cosas,Normal
Siento que mi vida pasa pero yo no avanzo,Normal
Cada vez me cuesta encontrar razones para,Normal
No si estoy triste o solo cansado de todo,Normal
Me estoy perdiendo a mismo y no detenerlo,Normal
A veces solo quiero desconectarme de todo,Normal
No si necesito un cambio o solo descansar,Normal
Me estoy cansando de fingir que todo bien,Normal
Quisiera volver a encontrar la chispa que,Normal
Quisiera sentirme en casa dentro de mismo,Normal
La es un eco intentando escucharla fuerte,Normal
A veces el silencio pesa otras reconforta,Normal
Buscando la en los recuerdos que me hacen,Normal
Me siento como un rompecabezas incompleto,Normal
Me esfuerzo por seguir pero estoy cansado,Normal
Me que alguien me entendiera sin palabras,Normal
Un sencillo lleno de momentos de gratitud,Normal
Conectado con mi confiando en mi interior,Normal
motivado y con sin sentirme desanimado ni,Normal
Respirando hondo y dejando que todo fluya,Normal
Disfrutando del conocimiento y la lectura,Normal
Mi fluye con naturalidad vital y presente,Normal
Hoy no hay grandes emociones pero hay paz,Normal
Hoy disfruto de la serenidad de lo simple,Normal
La vida es mejor cuando no la complicamos,Normal
La vida sigue su curso sin prisa ni pausa,Normal
La tranquilidad de un normal es un regalo,Normal
Me siento bien conmigo mismo sin ni menos,Normal
Me gusta cuando la vida se siente estable,Normal
El dolor es un no deseado que nunca se va,Normal
El silencio grita fuerte que mis palabras,Normal
En el espejo veo a un un eco de quien fui,Normal
Estoy cansado de pretender que estoy bien,Normal
Estoy perdido en mis propios pensamientos,Normal
Estoy perdiendo la guerra contra mi mente,Normal
He olvidado lo que se siente estar en paz,Normal
La es un recuerdo difuso como un olvidado,Normal
La esperanza es una luz que se ha apagado,Normal
La soledad me ahoga lentamente sin piedad,Normal
La vida es un camino oscuro sin estrellas,Normal
Me esfuerzo por seguir pero no veo salida,Normal
Me siento como un eco sin respuesta en un,Normal
Me siento como un fantasma entre la gente,Normal
Me siento desconectado de todo y de todos,Normal
Mi alma cubierta de cicatrices invisibles,Normal
No encuentro razones para seguir adelante,Normal
No hay palabras para describir este dolor,Normal
No quiero preocupar a nadie pero estoy al,Normal
No quiero preocupar a nadie pero no puedo,Normal
No quiero seguir fingiendo que estoy bien,Normal
Quisiera que mi mente me diera un respiro,Normal
La existencia es una sombra de lo que ser,Normal
Siento pierdo laberinto mental relaciones,Normal
agota mis relaciones necesito y paciencia,Normal
Mente es un eco de problemas no resueltos,Normal
La vida no me da tregua todo es demasiado,Normal
Estoy tan cansado que hasta respirar pesa,Normal
Quisiera apagar mi mente solo por un rato,Normal
Me poder detener el tiempo por un momento,Normal
No seguir adelante con tanto en la cabeza,Normal
A veces siento que todo es demasiado para,Normal
Estoy atrapado en un ciclo de agotamiento,Normal
Me abruma la idea de enfrentar otro igual,Normal
La ansiedad tomando el control de mi vida,Normal
Estoy tratando de seguir adelante pero es,Normal
Quisiera poder escapar de mi propia mente,Normal
Quiero descansar pero mi mente no me deja,Normal
Siento que no tengo el control de mi vida,Normal
Quisiera que alguien entendiera me siento,Normal
Estoy en una constante lucha con mi mente,Normal
Siento que todo se me escapa de las manos,Normal
Me despierto cansado y me acuesto agotado,Normal
Quisiera poder soltar este peso emocional,Normal
El drenando mi y mis ganas de hacer cosas,Normal
Quisiera poder dejar de preocuparme tanto,Normal
Paz profunda en lazos entendimiento mutuo,Normal
Me cuesta hasta respirar con tanta encima,Normal
Mi cabeza no para de darle vueltas a todo,Normal
Cada se siente como una batalla contra el,Normal
Un relajado lleno de momentos de descanso,Normal
Necesito un refugio aunque sea imaginario,Normal
Necesito un respiro un momento de cordura,Normal
Siento que me desmorono bajo la exigencia,Normal
Tengo dolores de cabeza constantes por la,Normal
Camminando per strada osservando la gente,Normal
La bellezza ovunque basta saperla cercare,Normal
Ogni giorno un nuovo capitolo da scrivere,Normal
La bellezza della vita nelle piccole cose,Normal
Sentirsi fortunati pieni di apprezzamento,Normal
La vita un dono da apprezzare ogni giorno,Normal
Sentirsi grati per le persone e i momenti,Normal
Momenti di pura pensieri sereni e leggeri,Normal
Energia positiva mente rilassata e aperta,Normal
Momenti di pensieri positivi e tranquilli,Normal
Un attimo di pace un pensiero di dolcezza,Normal
Sentirsi leggeri come un volo di farfalla,Normal
Sentirsi felici come un bambino che gioca,Normal
La vera amicizia non ha bisogno di parole,Normal
Fermati e ammira la bellezza intorno a te,Normal
Un amore sincero non ha bisogno di parole,Normal
Con te anche i giorni grigi sono colorati,Normal
Giornata piena di sorrisi sentendomi vivo,Normal
Un momento di pura da custodire nel cuore,Normal
La contagiosa e io la condivido con tutti,Normal
Oggi un giorno perfetto per essere felici,Normal
La gioia un sorriso che illumina il mondo,Normal
Le vibrazioni felici cambiano la giornata,Normal
Sentirsi come in un sogno ad occhi aperti,Normal
Gioia nel condividere le proprie passioni,Normal
Gioia nel vedere i propri sforzi premiati,Normal
Vivere con un cuore leggero e spensierato,Normal
La gioia unesplosione di colori nel cuore,Normal
Momenti che rimarranno impressi nel cuore,Normal
Vivere esperienze che illuminano il cuore,Normal
La natura mi regala momenti di pura gioia,Normal
La magia del tramonto unemozione di gioia,Normal
La di sentirsi liberi di essere se stessi,Normal
La gioia unonda che mi trasporta verso la,Normal
La gioia un abbraccio che scalda il cuore,Normal
La gioia unesplosione di colori nellanima,Normal
Coltivo la gioia come un giardino segreto,Normal
Sento la gioia come una luce che mi guida,Normal
Esploro la gioia nei sentieri sconosciuti,Normal
Condivido la gioia con chi mi sta a cuore,Normal
La nasce dal riconoscere le piccole gioie,Normal
La un sentimento che ringrazio di provare,Normal
La gratitudine mi rende consapevole della,Normal
La un sentimento che mi fa sentire gratoa,Normal
La unemozione che mi connette allinfinito,Normal
La unemozione che mi illumina dallinterno,Normal
Cerco la gioia nei momenti di pura follia,Normal
Cerco la gioia nella lentezza del momento,Normal
Trovo la gioia nella mia di affrontare le,Normal
Non ho energie sono completamente esausto,Normal
La vita troppo breve per essere stressati,Normal
Mi sento come se fossi in un vicolo cieco,Normal
A volte la pressione troppo da sopportare,Normal
A volte ho bisogno di un respiro profondo,Normal
A volte ho bisogno di un momento di calma,Normal
Ogni giorno una nuova sfida da affrontare,Normal
Non vedo lora che questa giornata finisca,Normal
Sento la pressione aumentare ogni secondo,Normal
La sensazione di essere sempre in allerta,Normal
La tensione che si fa sentire fisicamente,Normal
La fatica che si fa sentire nella schiena,Normal
La sensazione di avere il corpo contratto,Normal
La fatica di dover nascondere le emozioni,Normal
Sensazione di essere emotivamente fragile,Normal
La fatica di dover sopprimere le emozioni,Normal
La fatica di dover affrontare le critiche,Normal
La a trovare un momento di pace interiore,Normal
Unoppressione che si fa sentire nellanima,Normal
Il ticchettio dellorologio che mi assilla,Normal
La a trovare un momento di respiro tra le,Normal
Unoppressione che nasce dalla mancanza di,Normal
La a trovare un momento di riposo mentale,Normal
La a trovare un momento di disconnessione,Normal
La ad accettare la propria frammentazione,Normal
Il temporale dei pensieri mi scuote senza,Normal
Anche le cose belle non sembrano brillare,Normal
Il mondo un libro che non riesco a capire,Normal
La mia luce interiore sembra affievolirsi,Normal
La sensazione di avere la mente offuscata,Normal
La sensazione di essere distante da tutti,Normal
La sensazione di essere distante da tutto,Normal
La sensazione di essere in un sogno opaco,Normal
La sensazione di essere un riflesso opaco,Normal
La sensazione di essere uneco del passato,Normal
La sensazione di essere unombra del tempo,Normal
La sensazione di vivere in un eterno ieri,Normal
Le parole degli altri sono come un brusio,Normal
Mi sento troppo distante da tutto e tutti,Normal
Non riesco a trovare entusiasmo per nulla,Normal
Non so come affrontare questi giorni neri,Normal
Non trovo il piacere nelle cose che amavo,Normal
Non trovo la motivazione per fare le cose,Normal
Non trovo la speranza di un amore sincero,Normal
Ogni passo difficile di quello precedente,Normal
Ogni respiro una fatica non so continuare,Normal
Spero che domani sia diverso almeno un po,Normal
Unapatia che mi rende incapace di guarire,Normal
Unapatia che mi rende incapace di sentire,Normal
Unapatia che mi rende incapace di sognare,Normal
Unapatia che mi rende incapace di tornare,Normal
Unapatia che mi rende privoa di scintille,Normal
Unindifferenza che una maschera di dolore,Normal
Ogni respiro sembra un peso da sopportare,Normal
Non riesco a trovare un punto di appiglio,Normal
La mia anima un abisso di autodistruzione,Normal
La mia esistenza uneco di un cuore spento,Normal
La mia anima una gabbia dorata senza aria,Normal
Sento di essere in un tunnel senza uscita,Normal
Non giustizia solo uningiustizia infinita,Normal
Non riconosco il mio volto nello specchio,Normal
Uneco di unanima che si spegne lentamente,Normal
Uneco di un sogno che diventato un incubo,Normal
Unassenza di motivazione che mi paralizza,Normal
Il mondo un peso che mi schiaccia a terra,Normal
La un puzzle senza soluzione senza logica,Normal
Uneco di che si frantuma in mille schegge,Normal
A beautiful life starts with a happy heart,Normal
A constant battle between hope and despair,Normal
A grateful heart is a magnet for happiness,Normal
A happy life is built one moment at a time,Normal
Chasing happiness like its my fulltime job,Normal
Dancing through life like nobodys watching,Normal
Enthusiastically diving into a new project,Normal
Every moment is a fresh chance to be happy,Normal
Feeling like my heart could burst with joy,Normal
Feeling so much peace and happiness within,Normal
Happiness is a journey Im so glad to be on,Normal
Happiness is contagious so heres your dose,Normal
Happiness is the best feeling you can have,Normal
Happiness is the best outlook you can have,Normal
Happiness is the best view from any window,Normal
Heres to love laughter and good vibes only,Normal
Hoping the sun brings more than just light,Normal
Laughing through life one selfie at a time,Normal
Laughter love and a little bit of sunshine,Normal
Let the world wait just for a little while,Normal
Let your happiness shine through your eyes,Normal
Let your smile be your signature accessory,Normal
Making today a happy occasion to celebrate,Normal
Moments like these are why I smile so much,Normal
Nothing beats a good mood and good company,Normal
Resentment festers poisoning relationships,Normal
Smiles are contagious so heres one for you,Normal
Soaking in the happy vibes of this company,Normal
Sunshine and smiles make everything better,Normal
Sunshine in my soul and a smile on my face,Normal
Take time to do what makes your soul happy,Normal
The best way to be happy Stop overthinking,Normal
The more I appreciate the happier I become,Normal
Theres no such thing as too much happiness,Normal
Excited about the upcoming weekend getaway,Normal
Feeling stuck in an endless loop of stress,Normal
Finding beauty in the melancholic melodies,Normal
Finding beauty in the resilience of nature,Normal
Finding light in the moments of connection,Normal
Finding solace in the pages of a good book,Normal
Finding strength in the kindness I receive,Normal
Holding onto the hope that joy will return,Normal
Holding onto the things that bring comfort,Normal
Im not looking for pity just understanding,Normal
Just cant seem to find my usual enthusiasm,Normal
Just riding the quieter moments of the day,Normal
Just trying to find my inner compass again,Normal
Just trying to find my smile in the mirror,Normal
Letting the worries drift away like leaves,Normal
Numbness isnt an escape but its all I have,Normal
Searching for a connection that feels real,Normal
Some days even breathing feels like a task,Normal
Some days even breathing feels like effort,Normal
Still believing in the power of resilience,Normal
The battle to find motivation for anything,Normal
The days feel like they stretch on forever,Normal
The weight of feeling like Im living a lie,Normal
The weight of loneliness in a crowded room,Normal
A heart full of contentment a mind at ease,Normal
A quiet moment with a book and my thoughts,Normal
Breathing in the moment exhaling the worry,Normal
Coffee in one hand confidence in the other,Normal
Exploring local art galleries this weekend,Normal
Feeling grateful for the people in my life,Normal
Feeling grateful for this beautiful moment,Normal
Feeling happy and at peace with where I am,Normal
Feeling happy and thankful for all that is,Normal
Finding inspiration in the world around us,Normal
I am this close to screaming into the void,Normal
I swear my todo list has a mind of its own,Normal
Just appreciating the simple beauty around,Normal
Just enjoying the simple pleasures of life,Normal
Just one moment of silence thats all I ask,Normal
Just trying to exist without falling apart,Normal
Life doesnt need to be exciting to be good,Normal
Listening to the silence it speaks volumes,Normal
Living with a grateful heart and open mind,Normal
Living with love light and laughter always,Normal
Minding my own business and drinking water,Normal
No highs no lows just flowing with the day,Normal
No idea how much longer I can keep this up,Normal
Nothing new nothing oldjust life happening,Normal
Observing the beauty of the present moment,Normal
Sharing a little bit of my happiness today,Normal
Sitting with life as it is no need to rush,Normal
Some days are just for watching the clouds,Normal
Some people have bad days I have bad weeks,Normal
Spontaneous moments make the best memories,Normal
The pages turn but my story remains unread,Normal
The rhythm of life is in its quiet moments,Normal
They ask if Im okay and I nod out of habit,Normal
Too much to do not enough hours in the day,Normal
Another day to simply endure the emptiness,Normal
Cant hold onto any fleeting moments of joy,Normal
Every laugh feels like a lie I tell myself,Normal
Everything feels overwhelming and too much,Normal
Feeling completely defeated by my own mind,Normal
Silence is the loudest scream I can manage,Normal
The days are a blur of pain and exhaustion,Normal
The days are a monotonous cycle of sadness,Normal
The past haunts me more than like to admit,Normal
Trying out a new recipe for dinner tonight,Normal
Trying to maintain a semblance of normalcy,Normal
Doubt pressure exhaustionthe usual routine,Normal
Drowning in expectations gasping for peace,Normal
Feeling like Im on a neverending treadmill,Normal
Its like Im running a race that never ends,Normal
Just another ordinary day feeling grateful,Normal
Just one deep breath away from a breakdown,Normal
My brain feels like a tangled ball of yarn,Normal
My mental clarity has gone on a sabbatical,Normal
My stress is practically a physical entity,Normal
Overwhelmed is an understatement right now,Normal
Pretty sure my stress has its own zip code,Normal
Pretty sure my stress level is a biohazard,Normal
Resentment building up over past betrayals,Normal
Somewhere between giving up and holding on,Normal
Stress is my default setting at this point,Normal
The more I try to relax the harder it gets,Normal
The world moves forward and I remain still,Normal
Wishing I could just disappear for a while,Normal
La felicidad no es un destino es el camino,Normal
La felicidad en compartir momentos bonitos,Normal
La felicidad empieza con una buena actitud,Normal
Sonrisas amor y felicidad en grandes dosis,Normal
Ser feliz no tiene precio pero mucho valor,Normal
Cada sonrisa ilumina un pedacito del mundo,Normal
Cada sonrisa es un paso hacia la felicidad,Normal
Sonriendo a la vida y la vida me de vuelta,Normal
El universo premia a los corazones alegres,Normal
Hoy es un regalo por eso se llama presente,Normal
Cada es una nueva oportunidad para brillar,Normal
Viviendo en estado permanente de felicidad,Normal
Hoy elijo ver el lado brillante de la vida,Normal
Ser feliz es un arte Ây yo soy el artista,Normal
Brillando con luz propia porque la vida es,Normal
La vida es mejor cuando la ves con ojos de,Normal
La clave de la felicidad es agradecer cada,Normal
La felicidad no se compra pero se contagia,Normal
Nada mejor que un lleno de amor y gratitud,Normal
Hoy me propongo hasta que duela la barriga,Normal
Disfrutando del camino sin prisas pero con,Normal
Hoy es un buen para hacer algo inolvidable,Normal
Cada momento es una nueva oportunidad para,Normal
No busques la felicidad fuera dentro de ti,Normal
La mejor es en momentos que te hagan feliz,Normal
La felicidad es un que se cultiva con amor,Normal
No hay nada bonito que una sonrisa sincera,Normal
Recordando que la resiliencia en los pasos,Normal
Dejando que la gratitud ilumine los grises,Normal
Dejando que la me como una en la oscuridad,Normal
Estoy rodeado de gente pero me siento solo,Normal
Me esfuerzo por mantenerme a flote pero es,Normal
Intentando encontrar la en el ruido de los,Normal
Buscando la paz en el silencio de la noche,Normal
Entre la tristeza y la busco el equilibrio,Normal
La rutina se siente pero busco variaciones,Normal
Un a la vez intentando encontrarle sentido,Normal
Buscando la paz en los momentos de quietud,Normal
Quisiera poder ver el futuro con esperanza,Normal
Me esfuerzo por ser feliz pero no lo logro,Normal
Quiero sentir que mi vida avanza de verdad,Normal
Estoy en una lucha constante conmigo mismo,Normal
Estoy tratando pero nada parece suficiente,Normal
No si estoy avanzando o solo sobreviviendo,Normal
Creatividad perdida intentando recuperarla,Normal
Quisiera dejar de sentir esta tristeza sin,Normal
Estoy buscando algo de luz en la oscuridad,Normal
Disfrutando de la sin sentirme dependiente,Normal
conectado y en con mi cuerpo y mi mente en,Normal
Nada destacable pero tampoco nada terrible,Normal
Hoy es uno de esos que simplemente existen,Normal
La vida sigue su ritmo y yo fluyo con ella,Normal
No hay prisa no hay pausa solo el presente,Normal
La vida es bonita cuando no la complicamos,Normal
La paz se siente como un abrazo silencioso,Normal
No hay grandes aprendizajes hoy solo calma,Normal
La estabilidad es un privilegio que valoro,Normal
La vida no siempre tiene que sorprendernos,Normal
Disfrutando el presente sin preocupaciones,Normal
Disfruto la autenticidad en mis relaciones,Normal
Mi mente enfocada sin distracciones que la,Normal
Encuentro en la creatividad en la personal,Normal
Un sin preocupaciones simplemente viviendo,Normal
Nada extraordinario pero tampoco nada malo,Normal
Respirando profundamente sintiendo la vida,Normal
Estoy atrapado en mis pensamientos oscuros,Normal
Estoy atrapado en mis propios pensamientos,Normal
Estoy cayendo y no hay nadie que me atrape,Normal
Estoy perdiendo la batalla contra mi mente,Normal
La oscuridad me abraza como un viejo amigo,Normal
La vida es un enigma que no puedo resolver,Normal
Las son mi lenguaje un de tristeza sin fin,Normal
Me siento atrapado en una jaula sin salida,Normal
Me siento atrapado en una tormenta sin fin,Normal
Me siento como si estuviera desapareciendo,Normal
Mi es un marchito sin flores para florecer,Normal
Mi es un reloj detenido sin tiempo para la,Normal
Mi mente es un de pensamientos turbulentos,Normal
Necesito encontrar mi camino aunque oscuro,Normal
Necesito encontrar mi voz aunque temblando,Normal
No quiero preocupar a nadie pero estoy mal,Normal
No quiero seguir despertando en este mundo,Normal
Solo quiero cerrar los ojos y no despertar,Normal
Todo el mundo sigue con su vida excepto yo,Normal
Buscando un respiro en la tormenta interna,Normal
Un alma herida buscando un camino hacia la,Normal
La vida es una carga que no puedo soportar,Normal
La lucha interna se ha vuelto insoportable,Normal
Busco un momento de mental para olvidar el,Normal
La mente es un de pensamientos turbulentos,Normal
La mental me agota emocionalmente necesito,Normal
La mente es un laberinto de miedos y dudas,Normal
Siento que me pierdo en el laberinto de la,Normal
Mi cabeza es un torbellino de pensamientos,Normal
No organizar mi vida sin sentirme abrumado,Normal
Mi cabeza llena de ruido necesito silencio,Normal
La lista de cosas pendientes nunca termina,Normal
Me duele la cabeza de tanto pensar en todo,Normal
Estoy perdiendo la paciencia conmigo mismo,Normal
Me siento abrumado por todo lo que pasando,Normal
Quisiera dejar todo por un rato y respirar,Normal
Estoy cansado de lidiar con todo esto solo,Normal
Estoy intentando mantener la calma pero es,Normal
Quisiera tomarme un libre sin sentir culpa,Normal
Estoy cargando con de lo que puedo manejar,Normal
Me siento saturado pero no puedo detenerme,Normal
Necesito encontrar una forma de aliviar mi,Normal
Estoy buscando una forma de sentirme mejor,Normal
Estoy intentando mantenerme fuerte pero es,Normal
Estoy en una constante lucha conmigo mismo,Normal
Quisiera soltar esta que me tiene atrapado,Normal
Cada es una batalla contra mi propia mente,Normal
Necesito que alguien me diga que todo bien,Normal
Estoy perdiendo el control y eso me asusta,Normal
Mi cabeza no deja de pensar y eso me agota,Normal
Estoy agotado emocionalmente mentalmente y,Normal
Claridad sentimental objetividad emocional,Normal
aplasta relaciones vulnerabilidad y fuerza,Normal
Siento que el suelo se mueve bajo mis pies,Normal
Necesito ayuda no puedo con todo esto solo,Normal
Necesito un momento de claridad de cordura,Normal
Semplicemente vivendo un giorno alla volta,Normal
Un messaggio di un amico una piccola gioia,Normal
La televisione accesa per rilassarsi un po,Normal
Mi sento come se fossi bloccato in un loop,Normal
La pazienza una che vale la pena coltivare,Normal
Ogni giorno per imparare qualcosa di nuovo,Normal
La calma la chiave per affrontare le sfide,Normal
La vita un viaggio e ogni tappa importante,Normal
La routine una parte importante della vita,Normal
Ogni giorno per scoprire qualcosa di nuovo,Normal
La si trova nei piccoli momenti quotidiani,Normal
La vita unopera darte e io sono il pittore,Normal
La vita un libro e io scrivo la mia storia,Normal
Ogni esperienza arricchisce il mio cammino,Normal
La vita un equilibrio tra doveri e piaceri,Normal
Rimanere curiosi il segreto della crescita,Normal
Una giornata tranquilla una buona giornata,Normal
Gratoa per le piccole cose le grandi gioie,Normal
Giornate piene di piccole mente tranquilla,Normal
Giornate piene di piccole gioie quotidiane,Normal
La calma che riempie la gioia che illumina,Normal
Pensieri positivi come fiori che sbocciano,Normal
La calma che avvolge la gioia che riscalda,Normal
Giornate di calma interiore anime in festa,Normal
Un respiro di calma un sorriso di profonda,Normal
La gioia si moltiplica quando la condividi,Normal
Fai oggi qualcosa che felice il tuo futuro,Normal
Le risate migliori sono quelle inaspettate,Normal
Un giorno perfetto pieno di momenti magici,Normal
Ballando sotto le stelle sentendomi libero,Normal
Non niente che possa rovinarmi la giornata,Normal
La vita troppo breve per non essere felici,Normal
La vita un regalo e io lo scarto con gioia,Normal
Oggi mi sento pieno di gratitudine e gioia,Normal
La una scelta e io scelgo di essere felice,Normal
Balla sotto la pioggia e abbraccia il sole,Normal
Vivere esperienze che arricchiscono lanima,Normal
Il profumo dei fiori unesplosione di gioia,Normal
La forza delle montagne unenergia di gioia,Normal
La di sentirsi parte di qualcosa di grande,Normal
La di sentirsi legati da un amore profondo,Normal
La unalba che dipinge il cielo di speranza,Normal
Sento la gioia come una melodia silenziosa,Normal
Sento la gioia come un respiro di infinito,Normal
Sento la gioia come unonda di pura energia,Normal
Cerco la gioia nei sentieri dellinvisibile,Normal
La una danza tra il visibile e linvisibile,Normal
Cerco la gioia in un sogno ad occhi aperti,Normal
La unespressione della mia forza interiore,Normal
Mi libero dalle paure e abbraccio la gioia,Normal
Cerco la gioia nei paradossi dellesistenza,Normal
Sento la gioia come unesplosione di colori,Normal
Sento la gioia come una festa improvvisata,Normal
Sento la gioia come unavventura fantastica,Normal
Trovo la gioia nei sentieri dellinvisibile,Normal
Mi sento sopraffatto il peso troppo grande,Normal
Non riesco a concentrarmi la mente confusa,Normal
Sento di non farcela il peso troppo grande,Normal
A volte mi sento come se stessi affondando,Normal
La sensazione di non avere tempo per nulla,Normal
La fatica di dover controllare le emozioni,Normal
Sensazione di essere in balia degli eventi,Normal
La fatica di dover affrontare le delusioni,Normal
La sensazione di essere in un vicolo cieco,Normal
La sensazione di non trovare mai la chiave,Normal
Uninquietudine che si fa sentire nel cuore,Normal
La a gestire le scadenze che si accumulano,Normal
La a trovare un momento di nelle relazioni,Normal
La sensazione di essere uneco di se stessi,Normal
A volte vorrei poter spegnere la mia mente,Normal
Anche le cose semplici sembrano complicate,Normal
una nube di tristezza che non se ne va mai,Normal
Cerco di sorridere ma dentro non ci riesco,Normal
Cerco unancora di salvezza ma non la trovo,Normal
I giorni sono come un susseguirsi di ombre,Normal
Il mondo un libro che non riesco a leggere,Normal
Il tempo sembra fermarsi quando sei triste,Normal
La sensazione di avere la mente annebbiata,Normal
La sensazione di essere un ricordo vivente,Normal
La vita una tela bianca senza colori forme,Normal
Le emozioni sono come onde che si ritirano,Normal
Mi sento come se stessi perdendo la strada,Normal
Non speranza solo un dolore insopportabile,Normal
Non trovo motivazione tutto sembra pesante,Normal
Non trovo la speranza di una vita migliore,Normal
Ogni passo sembra difficile del precedente,Normal
Ogni sorriso sembra falso in questi giorni,Normal
Spero che arrivi presto un giorno migliore,Normal
Unapatia che mi rende ancoratoa al passato,Normal
Unapatia che mi rende incapace di navigare,Normal
Unapatia che mi rende incapace di riparare,Normal
Unassenza di gioia senza un motivo preciso,Normal
Unindifferenza che una barriera invisibile,Normal
Non sento niente solo un vuoto incolmabile,Normal
Ogni sorriso solo una maschera che indosso,Normal
La tristezza unombra che non mi lascia mai,Normal
Ogni giorno un nuovo capitolo di tristezza,Normal
La tristezza un velo che copre la mia vita,Normal
Sento che il mondo un posto grigio e vuoto,Normal
Mi guardo allo specchio e non mi riconosco,Normal
Non riesco a immaginare un futuro migliore,Normal
Sento di impazzire di perdere il controllo,Severely Depressed
Non riesco a distinguere la dalla finzione,Severely Depressed
Il mondo un palcoscenico vuoto senza senso,Severely Depressed
La un teatro dellassurdo senza significato,Severely Depressed
Sento di essere uneco di un sogno infranto,Severely Depressed
Sento di essere uneco di un cuore spezzato,Severely Depressed
Non via duscita solo uneco di disperazione,Severely Depressed
Il mondo un luogo di paura senza sicurezza,Severely Depressed
Sento di essere uneco di unesistenza senza,Severely Depressed
Sento di essere uneco di unanima in guerra,Severely Depressed
Sento di essere un guscio vuoto senza vita,Severely Depressed
Non calore umano solo un isolamento totale,Severely Depressed
Focusing on Feeling Trapped and Suffocated,Severely Depressed
La mia esistenza una prigione senza sbarre,Severely Depressed
Sento di essere in unagonia senza salvezza,Severely Depressed
Sento di essere in un conflitto senza fine,Severely Depressed
Non compagnia solo una solitudine infinita,Severely Depressed
Sento di essere in un rimpianto senza fine,Severely Depressed
Quando il silenzio diventa troppo rumoroso,Severely Depressed
Un vuoto che cresce inghiottendo ogni cosa,Severely Depressed
Un riflesso sbiadito di un ricordo lontano,Severely Depressed
Unassenza che si fa sentire in ogni angolo,Severely Depressed
Uneco di stanchezza che non conosce riposo,Severely Depressed
Unassenza di energia che mi rende immobile,Severely Depressed
Uneco di un sogno che diventato un ricordo,Severely Depressed
Uneco di unesistenza che non mi appartiene,Severely Depressed
Uneco di unanima che si isola nel silenzio,Severely Depressed
Non trovo la forza di credere in un domani,Severely Depressed
Focusing on Isolation Detachment Continued,Severely Depressed
When the vibes are good life is even better,Severely Depressed
Chasing dreams and collecting happy moments,Severely Depressed
Chasing the moments that make my heart full,Severely Depressed
Elation after achieving a fitness milestone,Severely Depressed
Every day is a new chance to find happiness,Severely Depressed
Feeling accomplished after a productive day,Severely Depressed
Feeling good feeling great feeling grateful,Severely Depressed
Feeling stretched thin and running on empty,Severely Depressed
Feeling unstoppable with all this happiness,Severely Depressed
Feeling utterly blessed and filled with joy,Severely Depressed
Feeling utterly content and happy with this,Severely Depressed
Good vibes warm hearts and endless laughter,Severely Depressed
Happiness is a choice and today I choose it,Severely Depressed
Happiness is a fresh breeze on a summer day,Severely Depressed
Happiness is contagiousspread it everywhere,Severely Depressed
Happiness is seeing the beauty in every day,Severely Depressed
Happiness isnt a season its a way of living,Severely Depressed
Just a soul full of sunshine and good vibes,Severely Depressed
Just sharing a little bit of my happy world,Severely Depressed
Learning a new language for personal growth,Severely Depressed
Overwhelmed but still pretending to be okay,Severely Depressed
Smiling my way through lifes beautiful mess,Severely Depressed
Soaking in the happy energy of these people,Severely Depressed
Some moments are worth holding onto forever,Severely Depressed
Surrounding myself with smiles and sunshine,Severely Depressed
The best memories are made when youre happy,Severely Depressed
The happiest moments are often the simplest,Severely Depressed
An ocean of thoughts with no shore in sight,Severely Depressed
Embracing the quiet courage to face the day,Severely Depressed
Embracing the quiet understanding of myself,Severely Depressed
Everything feels a bit dull and uninspiring,Severely Depressed
Feeling a bit empty like somethings missing,Severely Depressed
Finding beauty in the stillness of a moment,Severely Depressed
Finding comfort in the warmth of connection,Severely Depressed
Finding peace in the natural rhythm of life,Severely Depressed
Finding peace in the quiet beauty around me,Severely Depressed
Holding onto the memory of feeling carefree,Severely Depressed
I wish I could turn my mind off for a while,Severely Depressed
Just cant seem to articulate how Im feeling,Severely Depressed
Just trying to find my own inner resilience,Severely Depressed
Just trying to find my voice in the silence,Severely Depressed
Letting go of the things that weigh me down,Severely Depressed
Lost my usual pep Wish I knew where it went,Severely Depressed
Searching for a moment of genuine happiness,Severely Depressed
Still believing in the power of inner peace,Severely Depressed
Tired of running a race with no finish line,Severely Depressed
A little overwhelmed a little underprepared,Severely Depressed
A quiet afternoon with a book is all I need,Severely Depressed
A regular day filled with regular happiness,Severely Depressed
A slow day a simple rhythm and a quiet mind,Severely Depressed
Calmness prevails as I practice mindfulness,Severely Depressed
Creating a life I love one moment at a time,Severely Depressed
Embracing acceptance of lifes ups and downs,Severely Depressed
Embracing the ordinary one second at a time,Severely Depressed
Enjoying the rhythm of lifes simple moments,Severely Depressed
Every day is a new page in the book of life,Severely Depressed
Everything is better with a little sunshine,Severely Depressed
Experiencing the beauty of the world around,Severely Depressed
Feeling grateful for the beauty of this day,Severely Depressed
Feeling happy and content with this feeling,Severely Depressed
Feeling inspired after attending a workshop,Severely Depressed
Feeling thankful for the blessings of today,Severely Depressed
Feeling thankful for this beautiful journey,Severely Depressed
Grief overwhelms a storm of emotions within,Severely Depressed
Halfway through the day fully out of energy,Severely Depressed
How do people stay calm Asking for a friend,Severely Depressed
Just published a new blog post Check it out,Severely Depressed
Just waiting for my mind to give me a break,Severely Depressed
Looking for peace but only finding pressure,Severely Depressed
Nothing unusual nothing special just steady,Severely Depressed
Pretending everything is fine is exhausting,Severely Depressed
Sharing a little piece of my heart with you,Severely Depressed
Smiling through the pain because its easier,Severely Depressed
Some days feel like a neverending todo list,Severely Depressed
Stress the unwanted guest that never leaves,Severely Depressed
Cant envision a future where Im truly happy,Severely Depressed
Cant see any light at the end of the tunnel,Severely Depressed
Difficult to find any source of inspiration,Severely Depressed
Everything feels muted and without vibrancy,Severely Depressed
Feeling like a broken and irreparable thing,Severely Depressed
Feeling like a burden to everyone around me,Severely Depressed
Feeling like Im slowly fading into oblivion,Severely Depressed
Feeling profoundly isolated in my suffering,Severely Depressed
Hard to find anything positive in the world,Severely Depressed
Helplessness sinks in as challenges pile up,Severely Depressed
Heres to the little joys that make life big,Severely Depressed
I just need a little light in this darkness,Severely Depressed
Im trying my best but it never feels enough,Severely Depressed
Just trying to make it through another hour,Severely Depressed
Lost the connection to any sense of purpose,Severely Depressed
No motivation to pursue any goals or dreams,Severely Depressed
Struggling to find a single reason to smile,Severely Depressed
The emptiness is a deep and unfillable void,Severely Depressed
The emptiness is a void that cant be filled,Severely Depressed
The euphoria of a successful product launch,Severely Depressed
The shadows offer a strange sense of solace,Severely Depressed
The silence is a constant oppressive weight,Severely Depressed
The world feels overwhelming and too bright,Severely Depressed
The world outside feels like another planet,Severely Depressed
Trapped in a relentless cycle of negativity,Severely Depressed
Trying to outrun a shadow that never leaves,Severely Depressed
Wishing for a way to quiet the inner critic,Severely Depressed
Barely holding it together but still trying,Severely Depressed
Everything feels like a challenge right now,Severely Depressed
Experiencing awe at the breathtaking sunset,Severely Depressed
Finding calmness in the midst of a busy day,Severely Depressed
I dont even know how to fully relax anymore,Severely Depressed
I just want a break but life wont slow down,Severely Depressed
Im not falling apart just unraveling slowly,Severely Depressed
Its like no matter what I do I cant keep up,Severely Depressed
Just finished a challenging workout routine,Severely Depressed
Just need a break from the constant demands,Severely Depressed
Just trying to keep all the plates spinning,Severely Depressed
My brain feels like a radio stuck on static,Severely Depressed
My brain never stops even when I need it to,Severely Depressed
My thoughts are racing and I cant stop them,Severely Depressed
Need a break from all the noise and demands,Severely Depressed
Pretty sure my stress has its own ecosystem,Severely Depressed
Some days I dont even know who I am anymore,Severely Depressed
Sunday mornings and coffee  the perfect duo,Severely Depressed
The sun shines but I still feel cold inside,Severely Depressed
The weight of the world feels heavier today,Severely Depressed
Trying to find peace in the middle of chaos,Severely Depressed
fuerte ama profundo y disfruta cada segundo,Severely Depressed
Deja que la felicidad sea tu estilo de vida,Severely Depressed
Vive con intensidad y disfruta cada momento,Severely Depressed
Viviendo sin prisa pero con mucha felicidad,Severely Depressed
Cada instante feliz es un tesoro en mi vida,Severely Depressed
Los momentos felices son mi moneda favorita,Severely Depressed
La felicidad es el reflejo de un alma libre,Severely Depressed
Un perro tumbado en la hierba con su frisbi,Severely Depressed
Una tenista saltando para golpear la pelota,Severely Depressed
Un de pie ante un mostrador lleno de donuts,Severely Depressed
La mejor tiempo en cosas que te hagan feliz,Severely Depressed
La vida es corta que fuerte y ama sin miedo,Severely Depressed
No hay mejor filtro que una sonrisa sincera,Severely Depressed
Hoy decido compartir felicidad con el mundo,Severely Depressed
Haciendo de cada instante un recuerdo feliz,Severely Depressed
Cuando eres feliz todo encaja perfectamente,Severely Depressed
Hoy todo es posible porque mi lleno de amor,Severely Depressed
Hoy brillas que nunca porque eres felicidad,Severely Depressed
No permitas que nada ni nadie apague tu luz,Severely Depressed
La paz interior es la clave de la felicidad,Severely Depressed
La vida es mejor cuando decides disfrutarla,Severely Depressed
No hay mejor forma de agradecer la vida que,Severely Depressed
Si vives con amor la felicidad tu constante,Severely Depressed
La felicidad es la suma de momentos de amor,Severely Depressed
Hoy me permito disfrutar sin preocupaciones,Severely Depressed
Los momentos felices se crean no se esperan,Severely Depressed
No hay nada bonito que la felicidad sincera,Severely Depressed
Aprendiendo a encontrar paz en los momentos,Severely Depressed
Aprendiendo a encontrar luz en la oscuridad,Severely Depressed
Buscando la paz en los momentos de silencio,Severely Depressed
Me sentir algo que este cansancio emocional,Severely Depressed
pudiera sentirme mejor sin tener que fingir,Severely Depressed
No es un mal es una mala racha interminable,Severely Depressed
Estoy pero no siento que pertenezca a lugar,Severely Depressed
A veces me siento como un en mi propia vida,Severely Depressed
Buscando un espacio donde la mente descanse,Severely Depressed
Dejando que la gratitud sea un para el alma,Severely Depressed
Me pregunto si alguna vez a sentir por algo,Severely Depressed
Todo parece estar bien pero dentro de no lo,Severely Depressed
Hay algo dentro de que no encaja pero no es,Severely Depressed
Me siento atrapado en una rutina sin salida,Severely Depressed
La es un eco lejano pero intento recordarla,Severely Depressed
de buscando la claridad en mis pensamientos,Severely Depressed
Me cuesta mantenerme presente en el momento,Severely Depressed
Me sentirme ligero sin esta carga invisible,Severely Depressed
A veces solo quiero desaparecer por un rato,Severely Depressed
Me encontrar algo que me devuelva la chispa,Severely Depressed
Intentando encontrarle sentido a los lentos,Severely Depressed
Me pregunto si alguna vez a ser el de antes,Severely Depressed
Me cuesta explicarlo pero no me siento bien,Severely Depressed
Quisiera que mi mente se tomara un descanso,Severely Depressed
A veces me siento como un en mi propia piel,Severely Depressed
Estoy atrapado en un ciclo del que no salir,Severely Depressed
Me cuesta encontrar la para hacer las cosas,Severely Depressed
Me esfuerzo en encontrar algo que me motive,Severely Depressed
de buscando respuestas dentro de para sanar,Severely Depressed
Estoy buscando razones para seguir adelante,Severely Depressed
Quisiera sentirme en casa en mi propia piel,Severely Depressed
Estoy tratando de encontrar una para seguir,Severely Depressed
Me esfuerzo en encontrar algo positivo cada,Severely Depressed
No hay giros inesperados en la trama de hoy,Severely Depressed
Sin expectativas sin presiones solo estando,Severely Depressed
Aprecio estos momentos en los que todo bien,Severely Depressed
La estabilidad es valiosa de lo que creemos,Severely Depressed
No hay ruido en mi cabeza solo tranquilidad,Severely Depressed
Hoy no hay giros inesperados solo serenidad,Severely Depressed
Disfrutando de una tarde sin preocupaciones,Severely Depressed
Sin preocupaciones solo viviendo el momento,Severely Depressed
Siento la paz que viene de cultivar la y la,Severely Depressed
Siento la ligereza de un sin preocupaciones,Severely Depressed
Encuentro paz en la rutina en la constancia,Severely Depressed
Me gusta este ritmo de vida sin sobresaltos,Severely Depressed
Hoy todo parece fluir en el tiempo adecuado,Severely Depressed
Un momento de calma un recuerdo que atesoro,Severely Depressed
Estoy exhausto de luchar contra mi tristeza,Severely Depressed
Estoy gritando por ayuda pero nadie escucha,Severely Depressed
Estoy perdiendo la capacidad de sentir algo,Severely Depressed
La esperanza es un susurro que apenas puedo,Severely Depressed
La soledad me consume pero quiero encontrar,Severely Depressed
La soledad pesa pero la esperanza es ligera,Severely Depressed
La tristeza ha tomado el control de mi vida,Severely Depressed
La vida es un eco que resuena en mi soledad,Severely Depressed
La vida es un laberinto sin salida a la luz,Severely Depressed
Me esfuerzo por seguir pero cada paso duele,Severely Depressed
Me esfuerzo por seguir pero cada vez cuesta,Severely Depressed
Me siento atrapado en una pesadilla sin fin,Severely Depressed
Me siento tan solo incluso rodeado de gente,Severely Depressed
Mi mente es una tormenta sin fin sin tregua,Severely Depressed
Nadie entiende la tormenta que llevo dentro,Severely Depressed
Nadie ve el dolor que escondo de mi sonrisa,Severely Depressed
Necesito encontrar una para seguir adelante,Severely Depressed
No encuentro la chispa para seguir adelante,Severely Depressed
No encuentro sentido en nada de lo que hago,Severely Depressed
No encuentro un motivo para seguir adelante,Severely Depressed
No hay un solo en que no piense en rendirme,Severely Depressed
No quiero seguir atrapado en esta oscuridad,Severely Depressed
No quiero seguir pretendiendo que todo bien,Severely Depressed
No seguir adelante pero que debo intentarlo,Severely Depressed
No tengo fuerzas para levantarme de la cama,Severely Depressed
Siento que me estoy desmoronando lentamente,Severely Depressed
Siento que mi se ha convertido en una jaula,Severely Depressed
Siento que mi mundo se desvanece lentamente,Severely Depressed
Siento que todo a mi alrededor se desmorona,Severely Depressed
La existencia se ha convertido en una carga,Severely Depressed
Me siento atrapado en un laberinto de dolor,Severely Depressed
Siento que me pierdo en el laberinto mental,Severely Depressed
Siento que me pierdo en la emocional mental,Severely Depressed
Incertidumbre atormenta necesito respuestas,Severely Depressed
Sigo adelante aunque mi mente me pide parar,Severely Depressed
Mi mente no me deja descansar ni un segundo,Severely Depressed
Me encontrar una forma de aliviar toda esta,Severely Depressed
Estoy en un estado de agotamiento constante,Severely Depressed
Me relajarme pero mi mente no me lo permite,Severely Depressed
Mi mente llena de pensamientos que no paran,Severely Depressed
Quisiera poder detener el tiempo y respirar,Severely Depressed
Me siento sofocado por todo lo que me rodea,Severely Depressed
Me estoy forzando a seguir adelante pero es,Severely Depressed
Me siento como un globo a punto de explotar,Severely Depressed
La es tanta que siento que me falta el aire,Severely Depressed
Estoy luchando contra mi propio agotamiento,Severely Depressed
Estoy tratando de encontrar balance pero es,Severely Depressed
Estoy atrapado en una rutina que me asfixia,Severely Depressed
Me dormir por y despertar cuando todo mejor,Severely Depressed
Cordura en relaciones estabilidad emocional,Severely Depressed
Estoy agotado de preocuparme tanto por todo,Severely Depressed
No si necesito dormir o desaparecer un rato,Severely Depressed
Todo lo que quiero es un sin preocupaciones,Severely Depressed
Me esfuerzo mucho pero siento que no avanzo,Severely Depressed
satisfecho con lo que tengo y con quien soy,Severely Depressed
Todo en equilibrio sin excesos ni carencias,Severely Depressed
Me siento mareado por la ansiedad constante,Severely Depressed
Estoy al borde del abismo necesito una mano,Severely Depressed
Sguardo verso lorizzonte pensando al futuro,Severely Depressed
Osservando il tramonto la fine di un giorno,Severely Depressed
La vita un viaggio e io sono il viaggiatore,Severely Depressed
La si trova nel cuore non nelle circostanze,Severely Depressed
Ogni esperienza un tassello del mio mosaico,Severely Depressed
La vita un mosaico di esperienze quotidiane,Severely Depressed
Lasciar scorrere le cose come devono andare,Severely Depressed
Sentirsi in pace pronti per nuove avventure,Severely Depressed
La vita unavventura da apprezzare con calma,Severely Depressed
Giornate luminose pensieri limpidi e sereni,Severely Depressed
Momenti di quiete pensieri limpidi e sereni,Severely Depressed
Sentirsi in equilibrio come un albero saldo,Severely Depressed
Momenti di pura pensieri leggeri come laria,Severely Depressed
Le storie damore migliori non finiscono mai,Severely Depressed
Energia positiva dappertutto sento la gioia,Severely Depressed
La vita un dono e io la celebro ogni giorno,Severely Depressed
Mi sento come se avessi vinto alla lotteria,Severely Depressed
Oggi mi sento pieno di speranza e ottimismo,Severely Depressed
Ogni giorno un regalo aprilo con un sorriso,Severely Depressed
Ogni giorno una nuova avventura da scoprire,Severely Depressed
Ridere fino alle lacrime la miglior terapia,Severely Depressed
Un cuore pieno di gratitudine sempre felice,Severely Depressed
Creare ricordi felici il segreto della vita,Severely Depressed
Trovare la nel semplice atto di essere vivi,Severely Depressed
Il canto degli uccelli una melodia di gioia,Severely Depressed
Il calore degli abbracci una fonte di gioia,Severely Depressed
La gioia di avere persone che mi sostengono,Severely Depressed
La un dialogo con la mia saggezza interiore,Severely Depressed
Scrivo la gioia nelle pagine della mia vita,Severely Depressed
Vivo la gioia con ogni fibra del mio essere,Severely Depressed
Costruisco la gioia con le mani degli amici,Severely Depressed
Sento la gioia come un sussurro di saggezza,Severely Depressed
Sento la gioia come uneco di pura esistenza,Severely Depressed
La unarmonia di momenti di pura beatitudine,Severely Depressed
La un tesoro che custodisco con gratitudine,Severely Depressed
La gratitudine mi riempie il cuore di gioia,Severely Depressed
Cerco la gioia nelle domande senza risposta,Severely Depressed
La unemozione che mi fa ridere a crepapelle,Severely Depressed
Sento la gioia come unesplosione di energia,Severely Depressed
Sento la gioia come uneco di determinazione,Severely Depressed
La lista delle cose da fare non finisce mai,Severely Depressed
La mia testa sta esplodendo troppi pensieri,Severely Depressed
Non so come andare avanti mi sento bloccato,Severely Depressed
Vorrei che tutto cambiasse ma non vedo come,Severely Depressed
La vita una battaglia costante non vittoria,Severely Depressed
Non riesco a trovare la pace nella mia vita,Severely Depressed
Mi sento come se fossi unombra di me stesso,Severely Depressed
La mia mente in continua ma il corpo stanco,Severely Depressed
La mia mente un labirinto di preoccupazioni,Severely Depressed
Vorrei poter spegnere il cervello per un po,Severely Depressed
Sensazione di essere emotivamente instabile,Severely Depressed
Sensazione di essere emotivamente esauritoa,Severely Depressed
La fatica di dover affrontare le incertezze,Severely Depressed
La sensazione di essere in un limbo emotivo,Severely Depressed
La a trovare un momento di tra le incognite,Severely Depressed
La sensazione di essere unimmagine distorta,Severely Depressed
La sensazione di essere uneco di un ricordo,Severely Depressed
La mia mente un deserto arido senza oasi di,Severely Depressed
La mia unombra che si allontana al tramonto,Severely Depressed
A volte mi sembra che la sia troppo lontana,Severely Depressed
Cerco di trovare un senso a questa giornata,Severely Depressed
I pensieri negativi sembrano non finire mai,Severely Depressed
I pensieri si aggrovigliano senza soluzione,Severely Depressed
Il silenzio uneco di domande senza risposta,Severely Depressed
La sensazione di essere un film senza trama,Severely Depressed
La sensazione di essere unimmagine sbiadita,Severely Depressed
La sensazione di essere unimmagine spezzata,Severely Depressed
La sensazione di essere unombra senza corpo,Severely Depressed
La speranza un filo di fumo che si disperde,Severely Depressed
La vita un sussurro a volte incomprensibile,Severely Depressed
La vita mi sembra una prigione senza sbarre,Severely Depressed
Mi sforzo di sorridere ma dentro tutto buio,Severely Depressed
Non sento nulla come se fossi anestetizzato,Severely Depressed
Non so se sono triste o semplicemente vuoto,Severely Depressed
Non trovo la speranza di un futuro migliore,Severely Depressed
Unapatia che mi rende incapace di camminare,Severely Depressed
Unapatia che mi rende incapace di incarnare,Severely Depressed
Unaria di nostalgia senza un motivo preciso,Severely Depressed
Uninquietudine che non trova pace interiore,Severely Depressed
La speranza sembra un sogno irraggiungibile,Severely Depressed
Sento che il buio dentro di me sta vincendo,Severely Depressed
La paura mi paralizza non riesco a muovermi,Severely Depressed
La mia mente un campo di battaglia di paure,Severely Depressed
Sento il terrore che mi consuma dallinterno,Severely Depressed
Non riesco a sentire la mia voce sono mutoa,Severely Depressed
Sento limpulso di farmi del male di punirmi,Severely Depressed
La mia mente un vortice di pensieri suicidi,Severely Depressed
Sento limpulso di annientarmi di scomparire,Severely Depressed
Sento di essere uneco di unanima senza pace,Severely Depressed
La mia esistenza uneco di un cuore infranto,Severely Depressed
La mia esistenza uneco di un sogno infranto,Severely Depressed
Statico nei pensieri e il volume al massimo,Severely Depressed
Trovo nuovi modi per ridefinire sopraffatto,Severely Depressed
Il mondo unimmagine distorta senza contorni,Severely Depressed
Il tempo si fermato ma io continuo a cadere,Severely Depressed
Il mondo unimmagine sbiadita senza dettagli,Severely Depressed
Il mondo un libro senza parole senza storia,Severely Depressed
Il silenzio diventato il mio unico compagno,Severely Depressed
Unassenza di legami che mi rende invisibile,Severely Depressed
Non sento il desiderio di vivere pienamente,Severely Depressed
Il mondo unillusione che svanisce nel nulla,Severely Depressed
Non sento la promessa di un futuro migliore,Severely Depressed
La un teatro dellassurdo senza senso logico,Severely Depressed
A heart full of gratitude a life full of joy,Severely Depressed
A heart full of joy and a mind full of peace,Severely Depressed
Creating my own sunshine even on cloudy days,Severely Depressed
Every day brings something to be happy about,Severely Depressed
Feeling absolutely delighted and full of joy,Severely Depressed
Feeling like my heart is doing a happy dance,Severely Depressed
Feeling out of place even with people around,Severely Depressed
Feeling so much gratitude for this happy day,Severely Depressed
Feeling so much peace and pure joy right now,Severely Depressed
Feeling utterly blessed and incredibly happy,Severely Depressed
Happiness grows where love and laughter flow,Severely Depressed
Happiness is a cup of coffee and a good book,Severely Depressed
Happiness is a simple equation love laughter,Severely Depressed
Happiness is the best accessory you can wear,Severely Depressed
Its exhausting pretending everything is fine,Severely Depressed
Just a little reminder to smile and be happy,Severely Depressed
Just another chapter in this beautiful story,Severely Depressed
Just embracing the happy vibes of this place,Severely Depressed
Making today a happy moment captured in time,Severely Depressed
My heart is happy and thats all that matters,Severely Depressed
No perfect days just perfectly happy moments,Severely Depressed
Smiling my way through another beautiful day,Severely Depressed
Soaking up the happy moments with loved ones,Severely Depressed
Stay close to the things that make you smile,Severely Depressed
Sunshine in my heart and laughter in my soul,Severely Depressed
Sunshine coffee and a whole lot of happiness,Severely Depressed
Taking a deep breath and enjoying where I am,Severely Depressed
The best kind of days are filled with smiles,Severely Depressed
Turning dreams into reality with a big smile,Severely Depressed
Waking up to a new day with a grateful heart,Severely Depressed
Dont stress Oh wow why didnt I think of that,Severely Depressed
A quiet determination to keep moving forward,Severely Depressed
Boredom sets in the day feels endlessly dull,Severely Depressed
Boredom settles like dust life feels mundane,Severely Depressed
Drifting through days that all feel the same,Severely Depressed
Embracing the quiet wisdom that life teaches,Severely Depressed
Every step forward feels like ten steps back,Severely Depressed
Everything feels like a task Id rather avoid,Severely Depressed
Feeling like Im carrying an invisible burden,Severely Depressed
Finding beauty in the gentle passing of time,Severely Depressed
Finding comfort in the darkness of the night,Severely Depressed
Finding light in the simple acts of kindness,Severely Depressed
Finding peace in the gentle sounds of nature,Severely Depressed
Heart racing mind pacing no way to slow down,Severely Depressed
Holding onto the hope of a brighter tomorrow,Severely Depressed
Holding onto the memories that bring a smile,Severely Depressed
Holding onto the promise of eventual healing,Severely Depressed
Holding onto the vision of a brighter future,Severely Depressed
Holding onto the vision of a peaceful future,Severely Depressed
I just need one day where nothing goes wrong,Severely Depressed
I smile in pictures so no one asks questions,Severely Depressed
Just trying to find my own path through this,Severely Depressed
Just trying to keep going even when it hurts,Severely Depressed
Navigating the inner landscape with patience,Severely Depressed
Searching for a moment of peace in the chaos,Severely Depressed
The future feels a bit blurry and uninviting,Severely Depressed
The struggle is real and its wearing me down,Severely Depressed
The struggle is real even when its invisible,Severely Depressed
The struggle to find joy in everyday moments,Severely Depressed
The struggle to find motivation for selfcare,Severely Depressed
The struggle to find purpose in the everyday,Severely Depressed
The weight of unspoken feelings and emotions,Severely Depressed
Trying to find peace in the chaos of my mind,Severely Depressed
Trying to put on a brave face thats cracking,Severely Depressed
A good laugh a warm hug and a peaceful heart,Severely Depressed
Another day another small piece of happiness,Severely Depressed
Dancing through life one small joy at a time,Severely Depressed
Discovering the beauty in every little thing,Severely Depressed
Drifting through the day with ease and grace,Severely Depressed
Drowning in stress but smiling like its fine,Severely Depressed
Feeling happy and blessed to experience this,Severely Depressed
Feeling like Im drowning in responsibilities,Severely Depressed
Feeling neutralneither up nor down just here,Severely Depressed
Finding peace in the stillness of the moment,Severely Depressed
Id like to return my responsibilities please,Severely Depressed
If stress were a superpower Id be invincible,Severely Depressed
Just another day nothing special nothing bad,Severely Depressed
Letting today be exactly what it wants to be,Severely Depressed
Life feels quiet today and Im okay with that,Severely Depressed
Making today a day filled with happy moments,Severely Depressed
Making today a day filled with joy and light,Severely Depressed
Mentally on the floor staring at the ceiling,Severely Depressed
My mind is racing and I cant find the brakes,Severely Depressed
No energy left to stress but still stressing,Severely Depressed
Ordinary moments make extraordinary memories,Severely Depressed
Savoring the simple unfiltered parts of life,Severely Depressed
Sharing a little bit of my joy with everyone,Severely Depressed
Some days are quiet and thats perfectly fine,Severely Depressed
The best plans are sometimes no plans at all,Severely Depressed
The night understands me better than the day,Severely Depressed
The struggle is real and so is my exhaustion,Severely Depressed
Trying to be strong but my mind is exhausted,Severely Depressed
When does life slow down Asking for a friend,Severely Depressed
When in doubt take a deep breath and just be,Severely Depressed
Barely managing to function on a basic level,Severely Depressed
Cant imagine a future where this doesnt hurt,Severely Depressed
Cant seem to hold onto any positive feelings,Severely Depressed
Even simple acts of selfcare feel impossible,Severely Depressed
Everything feels like an overwhelming burden,Severely Depressed
Fighting an invisible enemy every single day,Severely Depressed
Hope feels like a distant and mocking memory,Severely Depressed
If stress burned calories Id be a supermodel,Severely Depressed
Just trying to make it to the end of the day,Severely Depressed
Like Im watching life happen to other people,Severely Depressed
No desire to participate in the joys of life,Severely Depressed
Nothing seems to offer any solace or comfort,Severely Depressed
One deadline after another no breathing room,Severely Depressed
The quiet is a constant reminder of the void,Severely Depressed
The silence is a heavy blanket smothering me,Severely Depressed
The weight of my sadness is a tangible thing,Severely Depressed
A thousand tabs open in my mind none closing,Severely Depressed
Breathing through the chaos but its not easy,Severely Depressed
Cant escape the feeling of being overwhelmed,Severely Depressed
Even my breaks dont feel like breaks anymore,Severely Depressed
Every deep breath feels like a temporary fix,Severely Depressed
Every step forward feels like sinking deeper,Severely Depressed
Excited about the upcoming gaming tournament,Severely Depressed
Feeling like Im constantly putting out fires,Severely Depressed
Functioning on autopilot and a lot of coffee,Severely Depressed
I dream of a place where my mind is at peace,Severely Depressed
I need a break but life wont let me take one,Severely Depressed
I need peace but my mind wont let me have it,Severely Depressed
It feels like the walls are closing in on me,Severely Depressed
Just trying to keep all the balls in the air,Severely Depressed
Just trying to navigate this pressure cooker,Severely Depressed
My brain feels like a malfunctioning machine,Severely Depressed
My last nerve has officially been stepped on,Severely Depressed
My patience has officially left the building,Severely Depressed
No one warns you how tiring it is to pretend,Severely Depressed
Some days it feels like stress is all I know,Severely Depressed
Stress feels like an endless loop of worries,Severely Depressed
Stress is stealing the joy out of everything,Severely Depressed
Suffering from despair after another setback,Severely Depressed
The hardest battles are the ones no one sees,Severely Depressed
The smallest things feel overwhelming lately,Severely Depressed
The todo list in my head never stops growing,Severely Depressed
The weight of stress feels heavier than ever,Severely Depressed
The weight of the world feels personal today,Severely Depressed
The world moves on but I feel stuck in place,Severely Depressed
Tired of carrying emotions too heavy to name,Severely Depressed
Torn between resting and getting things done,Severely Depressed
Trying to heal from things I dont talk about,Severely Depressed
Wanting to scream but only silence comes out,Severely Depressed
Cada es una nueva oportunidad para ser feliz,Severely Depressed
Cuando eres feliz todo brilla a tu alrededor,Severely Depressed
La vida es demasiado corta para no ser feliz,Severely Depressed
Bailando con la vida y disfrutando cada paso,Severely Depressed
El mejor viaje es aquel que nos hace felices,Severely Depressed
Las cosas bellas de la vida no tienen precio,Severely Depressed
Un parado delante de unas rosquillas caseras,Severely Depressed
Que tu felicidad ilumine todo a tu alrededor,Severely Depressed
Todo es mejor cuando lo ves con ojos felices,Severely Depressed
Que el amor y la felicidad siempre te rodeen,Severely Depressed
Que la vida te encuentre siempre bailando de,Severely Depressed
Hoy elijo vivir con una sonrisa en el rostro,Severely Depressed
Que cada amanecer traiga nuevas razones para,Severely Depressed
Cada es una nueva oportunidad para ser mejor,Severely Depressed
Hoy todo se siente bonito porque estoy feliz,Severely Depressed
No hay mal que una sonrisa no pueda arreglar,Severely Depressed
La risa es mi arma secreta contra los grises,Severely Depressed
Hoy me enfoco en lo bueno y dejo lo negativo,Severely Depressed
Si el no brilla yo lo ilumino con mi sonrisa,Severely Depressed
No hay mejor filtro que una actitud positiva,Severely Depressed
Llena tu vida de momentos que valgan la pena,Severely Depressed
El secreto de la felicidad en la simplicidad,Severely Depressed
Un agradecido siempre encuentra razones para,Severely Depressed
Celebra la vida como si cada fuera un regalo,Severely Depressed
Hoy es un buen para hacer recuerdos hermosos,Severely Depressed
Si vives con amor la felicidad tu recompensa,Severely Depressed
Hoy es un perfecto para ser feliz sin alguna,Severely Depressed
Momentos de duda buscando confianza en mismo,Severely Depressed
La vida se siente borrosa pero busco enfoque,Severely Depressed
Entre el cansancio y la esperanza un respiro,Severely Depressed
Recordando que la calma llega de la tormenta,Severely Depressed
Me sentirme realmente feliz no solo fingirlo,Severely Depressed
me siento como un fantasma en mi propia vida,Severely Depressed
Me escapar de mi propia mente por un momento,Severely Depressed
Recordando que cada es una nueva oportunidad,Severely Depressed
Aprendiendo a encontrar paz en la de la vida,Severely Depressed
Me siento invisible en una multitud de gente,Severely Depressed
Me pregunto si alguien realmente me entiende,Severely Depressed
No si necesito un descanso o un cambio total,Severely Depressed
Me siento desconectado de la persona que ser,Severely Depressed
La vida se siente como un bucle interminable,Severely Depressed
Me poder disfrutar sin este peso en el pecho,Severely Depressed
Buscando distracciones para aliviar la mente,Severely Depressed
Me esfuerzo por pero a veces se siente falso,Severely Depressed
Todo sigue igual pero yo me siento diferente,Severely Depressed
Me estoy alejando de todo sin querer hacerlo,Severely Depressed
Es como si algo dentro de se hubiera apagado,Severely Depressed
Me siento atrapado en una rutina sin sentido,Severely Depressed
Me esfuerzo por encontrar la calma dentro de,Severely Depressed
Me miro al espejo y no reconozco a quien veo,Severely Depressed
Quiero sentir que importo aunque sea un poco,Severely Depressed
Estoy tratando de mantenerme a flote pero es,Severely Depressed
No quiero preocupar a los pero no estoy bien,Severely Depressed
Intentando encontrar en las cosas aunque sea,Severely Depressed
Sigo esperando algo que me haga sentir mejor,Severely Depressed
Me esfuerzo por ver el lado positivo pero es,Severely Depressed
Estoy buscando algo que me haga sentir mejor,Severely Depressed
claro y sin ni dudas que me nublen el juicio,Severely Depressed
No todo en la vida es emocionante y eso bien,Severely Depressed
Aprecio la normalidad sin altibajos extremos,Severely Depressed
Me gusta cuando la vida va a su propio ritmo,Severely Depressed
Hoy la vida es simplemente normal y me gusta,Severely Depressed
Siento la de vivir con siguiendo mis valores,Severely Depressed
No necesito grandes cosas para sentirme bien,Severely Depressed
No todo en la vida tiene que ser emocionante,Severely Depressed
Agradezco la calma que encuentro en la en la,Severely Depressed
Siento la que viene de la con mi creatividad,Severely Depressed
Encuentro la belleza en la y la de lo que es,Severely Depressed
Aprecio lo simple lo cotidiano lo de siempre,Severely Depressed
Sin expectativas sin presiones solo viviendo,Severely Depressed
El descanso mental es tan importante como el,Severely Depressed
No hay emociones extremas hoy y eso me gusta,Severely Depressed
Me permito disfrutar de la rutina sin prisas,Severely Depressed
Un momento de calma un recuerdo para siempre,Severely Depressed
El peso del mundo se siente insoportable hoy,Severely Depressed
Estoy atrapado en una oscuridad que no se va,Severely Depressed
Estoy roto en formas de las que puedo contar,Severely Depressed
La felicidad parece un concepto inalcanzable,Severely Depressed
La vida es un susurro que no puedo descifrar,Severely Depressed
Me esfuerzo en existir pero no es suficiente,Severely Depressed
Me esfuerzo por existir pero duele demasiado,Severely Depressed
Me esfuerzo por ser fuerte pero cada me pesa,Severely Depressed
Me pregunto si alguna vez felicidad de nuevo,Severely Depressed
Me siento atrapado en una oscuridad infinita,Severely Depressed
Mi mente es una tormenta pero busco la calma,Severely Depressed
Necesito encontrar mi camino en la oscuridad,Severely Depressed
No quiero preocupar a nadie pero estoy en mi,Severely Depressed
No tengo esperanzas de que las cosas cambien,Severely Depressed
Siento que mi se ha convertido en una piedra,Severely Depressed
Tal vez solo tal vez hay esperanza en oscuro,Severely Depressed
Estoy demasiado cansado para seguir luchando,Severely Depressed
La tristeza es un buscando una orilla segura,Severely Depressed
Un cansado buscando un lugar donde descansar,Severely Depressed
Buscando la salida del laberinto paso a paso,Severely Depressed
La vida se desvanece como un recuerdo lejano,Severely Depressed
La esperanza es un recuerdo que se desvanece,Severely Depressed
La esperanza se ha convertido en una palabra,Severely Depressed
Me siento como si ya no pudiera soportar mas,Severely Depressed
La me paraliza necesito encontrar movimiento,Severely Depressed
La ansiedad me bloquea la necesito liberarla,Severely Depressed
Paciencia se agota necesito respiro profundo,Severely Depressed
Mi mente y mi cuerpo me pidiendo un descanso,Severely Depressed
Quisiera poder delegar todo y solo descansar,Severely Depressed
Me cuesta concentrarme con tanta en mi mente,Severely Depressed
Quisiera poder dormir sin preocuparme por el,Severely Depressed
La vida no sentirse de pesada todo el tiempo,Severely Depressed
Necesito un descanso real sin preocupaciones,Severely Depressed
Me poder apagar mis pensamientos por un rato,Severely Depressed
Me cuesta conciliar el con tanto en mi mente,Severely Depressed
Estoy perdiendo la capacidad de concentrarme,Severely Depressed
Estoy exhausto pero mi mente sigue corriendo,Severely Depressed
Mi mente se siente como una tormenta sin fin,Severely Depressed
Estoy atrapado en una rutina que me desgasta,Severely Depressed
Quisiera poder respirar sin sentirme ahogado,Severely Depressed
Necesito tiempo pero no puedo darme ese lujo,Severely Depressed
Me siento sofocado por tantas preocupaciones,Severely Depressed
Me siento como un vaso a punto de derramarse,Severely Depressed
Quisiera que alguien me dijera que todo bien,Severely Depressed
Me siento como un con la baja todo el tiempo,Severely Depressed
A veces me pregunto si me realmente en calma,Severely Depressed
No quiero seguir pero no salir de este ciclo,Severely Depressed
La ansiedad me roba momentos de tranquilidad,Severely Depressed
Todo tranquilo sin conflictos ni discusiones,Severely Depressed
Camminando senza fretta godendomi il momento,Severely Depressed
La bellezza si trova nei dettagli quotidiani,Severely Depressed
Ogni passo importante nel cammino della vita,Severely Depressed
La vita un viaggio e io sono il protagonista,Severely Depressed
Ogni esperienza un tassello del mio percorso,Severely Depressed
Ogni momento prezioso non lasciarlo sfuggire,Severely Depressed
La vita unopera darte in continua evoluzione,Severely Depressed
Ogni giorno un nuovo inizio una nuova chance,Severely Depressed
La vita un viaggio e io sono il mio compagno,Severely Depressed
La vita un equilibrio tra sogni e quotidiana,Severely Depressed
Ogni esperienza un capitolo della mia storia,Severely Depressed
Ogni giorno per sorridere e diffondere gioia,Severely Depressed
La vita fatta di piccoli momenti che contano,Severely Depressed
La routine il mio modo di trovare equilibrio,Severely Depressed
Un ringraziamento sincero un momento di pace,Severely Depressed
Sentirsi in armonia con se stessi e il mondo,Severely Depressed
Sentirsi grati per ogni respiro ogni sorriso,Severely Depressed
Armonia e leggerezza come una brezza gentile,Severely Depressed
Giornate di sorrisi sinceri anime in armonia,Severely Depressed
La che incanta la calma che rassicura lanima,Severely Depressed
Un respiro di pace un sorriso di gratitudine,Severely Depressed
Un respiro di un sorriso di pura gratitudine,Severely Depressed
Momenti di quiete pensieri sereni e profondi,Severely Depressed
Giornate di calma interiore cuori in armonia,Severely Depressed
Lavora in silenzio sorprendi con i risultati,Severely Depressed
Un giorno alla volta un progresso alla volta,Severely Depressed
Le migliori avventure iniziano con gli amici,Severely Depressed
Amicizia lunico legame che non si spezza mai,Severely Depressed
Oggi una giornata speciale piena di sorprese,Severely Depressed
Circondato da persone che amo il cuore pieno,Severely Depressed
Un giorno perfetto pieno di risate e sorrisi,Severely Depressed
Il sole che scalda la pelle la che mi invade,Severely Depressed
La unemozione che voglio provare ogni giorno,Severely Depressed
Non niente che possa spegnere il mio sorriso,Severely Depressed
Mi sento come se fossi innamorato della vita,Severely Depressed
Oggi un giorno perfetto per essere me stesso,Severely Depressed
La un viaggio che vale la pena intraprendere,Severely Depressed
Seguire la propria passione porta vera gioia,Severely Depressed
Ogni momento felice merita di essere vissuto,Severely Depressed
Sentirsi in sintonia con il ritmo della vita,Severely Depressed
La gioia di condividere passioni e interessi,Severely Depressed
Ricevo la gioia come un abbraccio collettivo,Severely Depressed
La uneco di sorrisi che risuona nelluniverso,Severely Depressed
La unesplorazione del mio universo interiore,Severely Depressed
La un tesoro nascosto nel profondo del cuore,Severely Depressed
La gratitudine mi fa sentire riccoa di gioia,Severely Depressed
Sento la gioia come unonda di pura esistenza,Severely Depressed
Vorrei che tutto questo finisse non ne posso,Severely Depressed
Mi sento come se stessi per perdere la testa,Severely Depressed
Non riesco a trovare un senso nella mia vita,Severely Depressed
La vita una sofferenza continua non sollievo,Severely Depressed
Mi sento come se stessi per morire di stress,Severely Depressed
Mi sento come se fossi un peso per gli altri,Severely Depressed
Mi sento come se stessi per morire di dolore,Severely Depressed
Mi sento come se stessi per perdere il senno,Severely Depressed
Mi sento come se fossi un estraneo nel mondo,Severely Depressed
La vita un caos e io cerco di trovare ordine,Severely Depressed
A volte ho bisogno di un momento di silenzio,Severely Depressed
La vita un puzzle che non riesco a risolvere,Severely Depressed
Cerco di mantenere il controllo ma difficile,Severely Depressed
Non riesco a fermarmi neanche per un momento,Severely Depressed
Sensazione di avere la testa piena di rumore,Severely Depressed
La a trovare un equilibrio tra mente e cuore,Severely Depressed
Uninquietudine che si fa sentire nella pelle,Severely Depressed
Unansia che cresce con ogni minuto che passa,Severely Depressed
La sensazione di essere sommersoa da impegni,Severely Depressed
La a gestire i conflitti che si ripresentano,Severely Depressed
La a trovare un momento di tra le incertezze,Severely Depressed
La sensazione di non sapere chi si veramente,Severely Depressed
La sensazione di essere in una gabbia dorata,Severely Depressed
Unangoscia che nasce dalla mancanza di spazi,Severely Depressed
Unansia che nasce dalla paura di non farcela,Severely Depressed
Unangoscia che nasce dalla mancanza di gioia,Severely Depressed
La sensazione di essere un puzzle incompleto,Severely Depressed
La sensazione di essere un riflesso sbiadito,Severely Depressed
La mia calma uneco lontana quasi dimenticata,Severely Depressed
Il mio centro di instabile oscillo nel vuoto,Severely Depressed
La mia unombra fugace difficile da afferrare,Severely Depressed
La mia mente un mare agitato senza orizzonte,Severely Depressed
Mi sento come un gatto in un sacco di patate,Severely Depressed
Sto cercando il mio spirito di sopravvivenza,Severely Depressed
A volte la solitudine la mia unica compagnia,Severely Depressed
sempre qualcosa che mi tiene sotto controllo,Severely Depressed
I giorni passano lentamente e mi sento vuoto,Severely Depressed
Il mondo sembra muoversi ma io rimango fermo,Severely Depressed
La sensazione di essere un contenitore vuoto,Severely Depressed
La sensazione di essere uneco di frammentata,Severely Depressed
La sensazione di essere unombra di me stesso,Severely Depressed
La sensazione di essere unombra di se stessi,Severely Depressed
La speranza un filo di seta che si sfilaccia,Severely Depressed
La stanchezza mentale forte di quella fisica,Severely Depressed
La vita mi sembra unillusione senza sostanza,Severely Depressed
La voglia di credere un fuoco che si consuma,Severely Depressed
Oggi nulla ha senso mi sento perso nel vuoto,Severely Depressed
Ogni tanto mi sento come se fossi invisibile,Severely Depressed
Unapatia che mi rende estraneoa a me stessoa,Severely Depressed
Unapatia che mi rende incapace di riflettere,Severely Depressed
Unaria di tristezza anche nei momenti felici,Severely Depressed
Unassenza di gioia senza un motivo apparente,Severely Depressed
Uneco di tristezza nelle cose di ogni giorno,Severely Depressed
Unombra di disinteresse anche nella passione,Severely Depressed
La mia vita un peso che non riesco a portare,Severely Depressed
La mia mente un labirinto di pensieri oscuri,Severely Depressed
La speranza sembra lontana e irraggiungibile,Severely Depressed
La mia anima un abisso di vuoto e solitudine,Severely Depressed
La mia anima un deserto di vuoto e disprezzo,Severely Depressed
Sento di essere un relitto senza di salvezza,Severely Depressed
La mia anima un mosaico spezzato senza forma,Severely Depressed
Sento di essere uneco di unesistenza perduta,Severely Depressed
Sento di essere uneco di unanima senza volto,Severely Depressed
Sento di essere in una trappola senza scampo,Severely Depressed
Quando i tuoi pensieri hanno pensieri propri,Severely Depressed
Sento il tempo scorrere ma non mi appartiene,Severely Depressed
Il mondo un libro chiuso senza pagine per me,Severely Depressed
La mia mente un deserto arido senza speranza,Severely Depressed
Uneco di un sogno che diventato un rimpianto,Severely Depressed
Non sento il battito della vita dentro di me,Severely Depressed
Il mondo un deserto senza oasi senza ristoro,Severely Depressed
Uneco di unesistenza che si trasforma in eco,Severely Depressed
Non trovo la forza di affrontare la giornata,Severely Depressed
Non trovo il senso in questa esistenza vuota,Severely Depressed
Non sento la bellezza del mondo intorno a me,Severely Depressed
Il mondo uneco lontana che non mi appartiene,Severely Depressed
La un labirinto senza uscita senza di scampo,Severely Depressed
A heart full of joy makes life more beautiful,Severely Depressed
A peaceful heart makes the world feel lighter,Severely Depressed
Dancing through life with a heart full of joy,Severely Depressed
Enjoying a cup of tea and watching the sunset,Severely Depressed
Enthusiasm for a DIY home improvement project,Severely Depressed
Feeling at home in the simple moments of life,Severely Depressed
Feeling utterly blessed and full of happiness,Severely Depressed
Happiness is free and Im taking all I can get,Severely Depressed
Happiness is the best accessory Wear it daily,Severely Depressed
Happiness is the best feeling in the universe,Severely Depressed
Happiness is the best kind of company to keep,Severely Depressed
Happiness isnt rareyou just have to notice it,Severely Depressed
Holding onto the moments that feel like magic,Severely Depressed
Just a little dose of happy to make you smile,Severely Depressed
Just a sprinkle of happy to brighten your day,Severely Depressed
Just embracing the happy moments as they come,Severely Depressed
Just out here making the most of every moment,Severely Depressed
Life is shortsmile while you still have teeth,Severely Depressed
Living a life filled with happy little things,Severely Depressed
My kind of happy Simple real and full of love,Severely Depressed
One deep breath at a time one smile at a time,Severely Depressed
Overthinking everything accomplishing nothing,Severely Depressed
Pretending Im fine is becoming a fulltime job,Severely Depressed
Reflecting on the importance of mental health,Severely Depressed
Soaking in the happy atmosphere of this event,Severely Depressed
Sunshine mixed with a little bit of happiness,Severely Depressed
Sunshine coffee and a heart full of gratitude,Severely Depressed
Theres never a pause button when you need one,Severely Depressed
Waiting for the moment when it all feels okay,Severely Depressed
Dont overthink it is my least favorite advice,Severely Depressed
Crying without tears breaking without a sound,Severely Depressed
Finding beauty in the quiet unfolding of time,Severely Depressed
Finding comfort in the simple act of creating,Severely Depressed
Finding peace in the quiet solitude of nature,Severely Depressed
Finding strength in the support of loved ones,Severely Depressed
Holding onto the connections that matter most,Severely Depressed
Holding onto the hope for brighter days ahead,Severely Depressed
Hoping to find light at the end of the tunnel,Severely Depressed
Is it okay to just want to be alone sometimes,Severely Depressed
Its hard to concentrate on even simple things,Severely Depressed
Just cant seem to find any real joy in things,Severely Depressed
Just taking a small step forward on this path,Severely Depressed
Just trying to find a reason to keep fighting,Severely Depressed
Just trying to find my own definition of okay,Severely Depressed
Just trying to keep moving even if its slowly,Severely Depressed
Navigating the complexities of my inner world,Severely Depressed
Navigating the shadows with a flicker of hope,Severely Depressed
Still looking for the brighter side of things,Severely Depressed
The constant battle against negative selftalk,Severely Depressed
The little tasks feel like mountains to climb,Severely Depressed
The weight of feeling like a burden to others,Severely Depressed
Trying to heal from wounds that arent visible,Severely Depressed
A normal day a steady heart and no complaints,Severely Depressed
A slow peaceful day is still a day well spent,Severely Depressed
Doing nothing but somehow it feels just right,Severely Depressed
Grief weighs heavy tears a constant companion,Severely Depressed
Life is a pressure cooker and Im about to pop,Severely Depressed
My thoughts are a tangled mess I cant unravel,Severely Depressed
Not chasing anything just going with the flow,Severely Depressed
One more problem and I might actually lose it,Severely Depressed
Overflowing adoration for a cute rescue puppy,Severely Depressed
Running low on patience energy and motivation,Severely Depressed
Sharing love and positive vibes with everyone,Severely Depressed
Some moments dont need captions just presence,Severely Depressed
Sometimes the best moments are the quiet ones,Severely Depressed
The sun rises the sun sets and life continues,Severely Depressed
Trying to keep my cool but life is testing me,Severely Depressed
Wish I could press pause on life for a minute,Severely Depressed
Wishing I could put my brain on airplane mode,Severely Depressed
Another day to simply get through the motions,Severely Depressed
Disgust at the corruption that stains society,Severely Depressed
Disgust at the sight of injustice and cruelty,Severely Depressed
Feeling like a fragile thing about to shatter,Severely Depressed
Feeling profoundly isolated and misunderstood,Severely Depressed
Feeling utterly detached from my own emotions,Severely Depressed
Frustration mounts as obstacles block my path,Severely Depressed
Losing track of time in the best possible way,Severely Depressed
Lost in the darkness with no way to find home,Severely Depressed
Somewhere between lost and trying to be found,Severely Depressed
The darkness has become my constant companion,Severely Depressed
The days are an endless repetition of despair,Severely Depressed
The exhaustion runs deeper than sleep can fix,Severely Depressed
The simplest things feel impossible right now,Severely Depressed
The weight of my sadness is a physical burden,Severely Depressed
The weight of my sadness is almost unbearable,Severely Depressed
The world keeps turning but Im standing still,Severely Depressed
Theres a certain kind of beauty in a slow day,Severely Depressed
Wishing I could hit the reset button on today,Severely Depressed
Deadlines responsibilities expectationsrepeat,Severely Depressed
Drowning in thoughts I dont know how to quiet,Severely Depressed
Every deadline feels like a ticking time bomb,Severely Depressed
Everything inside me is screaming for a break,Severely Depressed
Everything moves but I remain frozen in place,Severely Depressed
Existing on minimal sleep and maximum anxiety,Severely Depressed
Falling apart in ways that dont leave bruises,Severely Depressed
I cant remember the last time I truly relaxed,Severely Depressed
I speak but it feels like no one is listening,Severely Depressed
It feels like Im drowning in responsibilities,Severely Depressed
Lying in bed but my thoughts wont let me rest,Severely Depressed
My brain feels like a tangled web of thoughts,Severely Depressed
My brain feels like its going a mile a minute,Severely Depressed
My mind is a battlefield and Im always at war,Severely Depressed
So many things to do yet I cant seem to start,Severely Depressed
Some days even breathing feels like an effort,Severely Depressed
The pressure is real and so is the exhaustion,Severely Depressed
The pressure to keep up is slowly crushing me,Severely Depressed
Theres too much noise and I cant turn it down,Severely Depressed
Trying to be strong but some days I just cant,Severely Depressed
Wishing I could pause life for a little while,Severely Depressed
Cuando te enfocas en lo bueno lo bueno mejora,Severely Depressed
Los buenos momentos se comparten con sonrisas,Severely Depressed
Un joven sobre una silla cocinando rosquillas,Severely Depressed
La felicidad se multiplica cuando se comparte,Severely Depressed
La mejor manera de empezar el con una sonrisa,Severely Depressed
Nada mejor que un en paz y lleno de felicidad,Severely Depressed
Siempre es buen momento para celebrar la vida,Severely Depressed
La felicidad es una Ây yo la elijo todos los,Severely Depressed
Que la felicidad sea el centro de tu universo,Severely Depressed
Hoy me prometo ser feliz que ayer y menos que,Severely Depressed
Nada mejor que un lleno de sonrisas y abrazos,Severely Depressed
Haz de cada una nueva oportunidad para crecer,Severely Depressed
La felicidad no se encuentra se crea con cada,Severely Depressed
No busques excusas para ser feliz simplemente,Severely Depressed
La mejor es en momentos que te llenen el alma,Severely Depressed
No esperes un momento perfecto hazlo perfecto,Severely Depressed
La rutina pesa pero intento encontrarle ritmo,Severely Depressed
de cansancio pero buscando descanso reparador,Severely Depressed
Entre la duda y la certeza buscando mi verdad,Severely Depressed
Dejando que la esperanza florezca poco a poco,Severely Depressed
Buscando la claridad en los momentos confusos,Severely Depressed
Aprendiendo a encontrar belleza en la de cada,Severely Depressed
A veces solo quiero desaparecer por un tiempo,Severely Depressed
Intento ser positivo pero mi mente no me deja,Severely Depressed
Quiero descansar pero mi mente nunca se apaga,Severely Depressed
Quisiera poder explicar lo que pasa dentro de,Severely Depressed
Quiero sentirme feliz sin que sea un esfuerzo,Severely Depressed
No tengo motivos para estar triste pero estoy,Severely Depressed
Me siento como una sombra de lo que era antes,Severely Depressed
Me esfuerzo por encontrar razones para seguir,Severely Depressed
Recordando que la fuerza es permitirse sentir,Severely Depressed
Dejando que la esperanza sea una en la niebla,Severely Depressed
Entre el miedo y la buscando mi propio camino,Severely Depressed
Entre la soledad y la buscando un punto medio,Severely Depressed
Aprendiendo a encontrar belleza en los grises,Severely Depressed
Dejando que la sea mi en el camino de la vida,Severely Depressed
No romper este ciclo de agotamiento emocional,Severely Depressed
Buscando gestos de amabilidad para alegrar el,Severely Depressed
Quisiera poder apagar mi mente por un momento,Severely Depressed
Me siento atrapado en un laberinto sin salida,Severely Depressed
A veces me pregunto si todo esto vale la pena,Severely Depressed
Me siento perdido en mis propios pensamientos,Severely Depressed
Quisiera volver a sentirme feliz sin forzarlo,Severely Depressed
Quiero dejar de sentirme atrapado en mi mente,Severely Depressed
Me estoy ahogando en mis propios pensamientos,Severely Depressed
tranquilo y en paz en conmigo mismo y con los,Severely Depressed
Un lleno de que me llenan el alma de gratitud,Severely Depressed
Nada impresionante hoy pero tampoco nada malo,Severely Depressed
Me gusta cuando todo fluye sin interrupciones,Severely Depressed
A veces la mejor parte del es la tranquilidad,Severely Depressed
No necesito grandes eventos para disfrutar el,Severely Depressed
Sin expectativas sin solo dejando que el pase,Severely Depressed
Nada que cambiar nada que arreglar solo vivir,Severely Depressed
Sin planes sin expectativas solo tranquilidad,Severely Depressed
Me gusta sentirme en control de mis emociones,Severely Depressed
No necesito emociones fuertes para estar bien,Severely Depressed
Encuentro la en la con mi comunidad y entorno,Severely Depressed
Disfruto la libertad de ser en mis relaciones,Severely Depressed
Sin preocupaciones innecesarias solo viviendo,Severely Depressed
Hoy no hay preocupaciones que me roben la paz,Severely Depressed
Agradezco la calma que encuentro en la rutina,Severely Depressed
No necesito que este instante de tranquilidad,Severely Depressed
La vida es llevadera cuando no la complicamos,Severely Depressed
El dolor es un veneno que corre por mis venas,Severely Depressed
El mundo sigue girando pero yo me he detenido,Severely Depressed
Estoy cansado de seguir luchando contra mismo,Severely Depressed
Estoy luchando contra algo que no puedo ganar,Severely Depressed
Estoy roto en pedazos que nadie puede reparar,Severely Depressed
La vida es una triste que se repite sin cesar,Severely Depressed
La vida se siente como una carga insoportable,Severely Depressed
Me duele pensar en el futuro porque no lo veo,Severely Depressed
Me siento como un barco a la deriva sin rumbo,Severely Depressed
Me siento como un fantasma que vaga sin rumbo,Severely Depressed
Me siento tan lejos de todos incluso de mismo,Severely Depressed
Nadie realmente entiende lo que estoy pasando,Severely Depressed
Necesito encontrar la fuerza para pedir ayuda,Severely Depressed
No tengo la fuerza para fingir que estoy bien,Severely Depressed
Siento que estoy atrapado en un ciclo sin fin,Severely Depressed
Siento que me estoy hundiendo en la sin fondo,Severely Depressed
Siento que mi se ha convertido en un desierto,Severely Depressed
Un grito ahogado buscando una voz que resuene,Severely Depressed
Encontrando belleza en la quietud de la noche,Severely Depressed
Me siento como si estuviera perdiendo mi alma,Severely Depressed
La mente es un enjambre de emociones confusas,Severely Depressed
Busco un momento de para encontrar equilibrio,Severely Depressed
La me consume la necesito encontrar vitalidad,Severely Depressed
Ahogo en pensamientos negativos necesito aire,Severely Depressed
Me siento atrapado en una rutina sin descanso,Severely Depressed
No puedo con todo pero tampoco puedo rendirme,Severely Depressed
No puedo relajarme siempre hay algo pendiente,Severely Depressed
No puedo parar pero siento que voy a explotar,Severely Depressed
Mi mente no se apaga ni cuando intento dormir,Severely Depressed
Quisiera poder respirar sin sentirme culpable,Severely Depressed
Me cerrar los ojos y olvidar todo por un rato,Severely Depressed
Todo lo que quiero es un poco de tranquilidad,Severely Depressed
Me siento mentalmente agotado y eso me asusta,Severely Depressed
Necesito encontrar una manera de manejar este,Severely Depressed
Estoy funcionando con lo poco que me queda de,Severely Depressed
Estoy en un punto donde todo parece demasiado,Severely Depressed
Necesito un momento de calma pero nunca llega,Severely Depressed
Estoy tratando de ser fuerte pero me costando,Stressed
Estoy agotado de preocuparme por cada detalle,Stressed
Me encontrar una manera de calmar mi ansiedad,Stressed
Siento que nunca tengo suficiente tiempo para,Stressed
Estoy cansado de vivir con tanta en mi cuerpo,Stressed
Quisiera tomarme un descanso sin sentir culpa,Stressed
Estoy al borde del colapso pero nadie lo nota,Stressed
Quisiera que todo se detuviera por un momento,Stressed
Me siento agotado incluso antes de empezar el,Stressed
Estoy tratando de respirar pero el no me deja,Stressed
Me siento como una cuerda a punto de romperse,Stressed
Quiero llorar pero ni siquiera tengo para eso,Stressed
Estoy al borde del colapso pero sigo adelante,Stressed
Desmorono emocionalmente reconstruyo con amor,Stressed
Cordura y estabilidad emocional en relaciones,Stressed
Me siento atrapado en un ciclo de agotamiento,Stressed
Estoy agotado emocionalmente y no recuperarme,Stressed
Conectado con mi entorno sin sentirme aislado,Stressed
Necesito un momento para recuperar el aliento,Stressed
Momenti di riflessione cercando un po di pace,Stressed
Guardando le nuvole lasciando vagare la mente,Stressed
Ascoltando musica lasciando vagare i pensieri,Stressed
La vita un viaggio e io sono pronto a viverla,Stressed
La bellezza della vita nelle sue imperfezioni,Stressed
La pazienza la chiave per affrontare le sfide,Stressed
La vita un viaggio e io sono pronto a viverlo,Stressed
Sentirsi in equilibrio pronti per la giornata,Stressed
Giornate piene di ringraziamenti mente serena,Stressed
Sentirsi fortunati per ogni piccolo dettaglio,Stressed
La vita piena di doni da apprezzare con calma,Stressed
Un momento di equilibrio un respiro armonioso,Stressed
La bellezza dellequilibrio la calma dellanima,Stressed
Un momento di presenza un respiro consapevole,Stressed
Giornate piene di consapevolezza mente serena,Stressed
La vita un viaggio sereno da vivere con calma,Stressed
Un respiro di gratitudine un sorriso di gioia,Stressed
Sentirsi in pace con il mondo e con se stessi,Stressed
Momenti di armonia pensieri centrati e sereni,Stressed
Un respiro armonioso un sorriso di equilibrio,Stressed
Un respiro consapevole un sorriso di presenza,Stressed
Un amico qualcuno che capisce il tuo silenzio,Stressed
La gioia di vivere un sentimento meraviglioso,Stressed
Sentendomi grato per tutto che ho la completa,Stressed
Oggi voglio solo godermi ogni singolo istante,Stressed
Sorridere la chiave per aprire le porte della,Stressed
La vita unavventura e io sono il protagonista,Stressed
Ogni giorno un nuovo inizio per essere felici,Stressed
Oggi un giorno perfetto per sognare in grande,Stressed
La gioia unemozione che fa brillare gli occhi,Stressed
Cammino con la gioia tra le strade della vita,Stressed
Sento la gioia come una danza di luce e ombre,Stressed
La un sentimento che mi fa sentire benedettoa,Stressed
La unemozione che mi rende gratoa per la vita,Stressed
Sento la gioia come uneco di momenti preziosi,Stressed
Sento la gioia come un vento che mi porta via,Stressed
Sento la gioia come unonda di energia cosmica,Stressed
Sento la gioia come una forza che mi sostiene,Stressed
Trovo la gioia nella mia di superare le sfide,Stressed
Cerco la gioia nella mia di trasformare le in,Stressed
Ogni giorno una lotta la stanchezza mi divora,Stressed
Troppe cose da fare poco tempo a disposizione,Stressed
Non riesco a dormire i pensieri mi tormentano,Stressed
Mi sento come se stessi perdendo il controllo,Stressed
Mi sento come se stessi per perdere me stesso,Stressed
Vorrei che tutto fosse diverso ma non so come,Stressed
La vita una prigione costante non via di fuga,Stressed
Vorrei che tutto cambiasse ma non ho la forza,Stressed
La mia mente un labirinto di pensieri confusi,Stressed
A volte la vita sembra un peso insopportabile,Stressed
A volte mi sento sopraffatto dalle quotidiane,Stressed
Cerco di tenere tutto sotto controllo ma dura,Stressed
Mi manca il respiro da quanto tutto frenetico,Stressed
La tensione che si manifesta con mal di testa,Stressed
La a trovare un momento di equilibrio emotivo,Stressed
La sensazione di essere in balia degli eventi,Stressed
Unansia che nasce dalla paura di essere soloa,Stressed
La a conciliare le proprie aspirazioni con la,Stressed
La a trovare un momento di nella propria vita,Stressed
Unangoscia che nasce dalla mancanza di scelte,Stressed
La sensazione di essere in un caos sensoriale,Stressed
La sensazione di essere in un limbo di apatia,Stressed
La sensazione di essere un mosaico frantumato,Stressed
Il silenzio nella mia mente un eco assordante,Stressed
La mia calma uneco di un sogno che non si mai,Stressed
Sento leco del silenzio che urla dentro di me,Stressed
Sto per diventare un esperto in yoga del caos,Stressed
Cerco un punto di riferimento ma non lo trovo,Stressed
Cerco una luce ma non la vedo perso interiore,Stressed
Il mondo un quadro che non riesco a decifrare,Stressed
La mente mi inganna non riesco a trovare pace,Stressed
La mia mente un caos che non riesco a fermare,Stressed
La sensazione di essere un cielo senza stelle,Stressed
La sensazione di essere un libro senza parole,Stressed
La sensazione di essere un viaggio senza meta,Stressed
La sensazione di non avere un posto nel mondo,Stressed
La vita un viaggio senza mappa e senza stelle,Stressed
La vita mi sembra uningiustizia senza rimedio,Stressed
La voglia di lottare una fiamma che si spegne,Stressed
Le emozioni sono come un giardino senza fiori,Stressed
Le emozioni sono sfumate come colori sbiaditi,Stressed
Mi sembra di essere in un tunnel senza uscita,Stressed
Mi sento come se stessi camminando in cerchio,Stressed
Mi sento perso nel buio senza una via duscita,Stressed
Mi sento un po oggi senza una ragione precisa,Stressed
Non so come trovare la forza di andare avanti,Stressed
Oggi mi sento un po senza una ragione precisa,Stressed
Ogni giorno una lotta ma continuo a camminare,Stressed
Ogni giorno mi sembra difficile da affrontare,Stressed
Tutto sembra difficile anche le cose semplici,Stressed
Unapatia che mi rende incapace di ricostruire,Stressed
Unassenza di slancio senza un motivo definito,Stressed
Uneco di solitudine anche in mezzo alla gente,Stressed
Unindifferenza che una maschera di stanchezza,Stressed
Uninquietudine che non trova riposo nellanima,Stressed
La mia anima in cerca di pace ma non la trovo,Stressed
Ogni passo un peso che non riesco a sostenere,Stressed
Mi sento solo anche quando sono con gli altri,Stressed
La mia vita un inferno di dolore e sofferenza,Stressed
La mia anima un deserto di vuoto e solitudine,Stressed
Il mondo un luogo di disillusione senza magia,Stressed
Il mondo un luogo di tradimento senza fiducia,Stressed
Sento di essere uneco di unanima senza dimora,Stressed
Non cambiamento solo una ripetizione infinita,Stressed
La mia esistenza uneco di unanima senza volto,Stressed
Sento di essere in unesistenza senza presenza,Stressed
Non trovo il filo conduttore della mia storia,Stressed
Uneco di unesistenza che si spegne lentamente,Stressed
Uneco di unesistenza che si perde nella notte,Stressed
La fatica diventata il mio respiro quotidiano,Stressed
Non trovo la voglia di sorridere sinceramente,Stressed
Il mondo un libro senza pagine senza capitoli,Stressed
La mia mente un labirinto di specchi distorti,Stressed
Arousal of excitement for an upcoming festival,Stressed
Capture the moments that make your heart smile,Stressed
Compassion in volunteering for a local charity,Stressed
Feeling absolutely amazing and happy right now,Stressed
Feeling like everything is aligned and perfect,Stressed
Filling my life with things that make me happy,Stressed
Happiness is a choice and I say yes every time,Stressed
Happiness is a playlist of your favorite songs,Stressed
Happiness is the best kind of memory to create,Stressed
If happiness is a choice I choose it every day,Stressed
Joy is in the journey not just the destination,Stressed
Just another day of carrying invisible weights,Stressed
Just embracing the simple joys of a happy life,Stressed
Just me my dreams and a whole lot of happiness,Stressed
Living for the moments that make me feel alive,Stressed
Living my best life one happy moment at a time,Stressed
Making today a happy memory to cherish forever,Stressed
Smiling so much my cheeks are starting to hurt,Stressed
Soaking up the happy energy of this experience,Stressed
Sometimes happiness is just a deep breath away,Stressed
Stress isnt just a feeling its a lifestyle now,Stressed
Sunshine happiness and a little bit of sparkle,Stressed
Surround yourself with sunshine and positivity,Stressed
Tenderness in a quiet moment shared with a pet,Stressed
The past haunts me more than I d like to admit,Stressed
Can anyone else feel this deep sense of unease,Stressed
Carrying emotions I do not know how to express,Stressed
Carrying the weight of emotions I cant explain,Stressed
Echoes of laughter drowned in the sea of tears,Stressed
Feeling out of sync with everyone elses energy,Stressed
Finding beauty in the quiet strength of nature,Stressed
Finding beauty in the subtle changes around me,Stressed
Holding onto the memory of feeling truly alive,Stressed
I smile but even the mirror knows its not real,Stressed
Is it okay to just want to disappear sometimes,Stressed
Just taking a step forward no matter how small,Stressed
Just taking it one deliberate moment at a time,Stressed
Just trying to find a reason to get out of bed,Stressed
Just trying to find a small victory in the day,Stressed
Just trying to find my footing on shaky ground,Stressed
Searching for a light to guide me through this,Stressed
Searching for a sign that Im not alone in this,Stressed
Sending affectionate vibes to all my followers,Stressed
Sometimes the quietest battles are the loudest,Stressed
The constant effort of trying to appear normal,Stressed
A little bit of peace a whole lot of gratitude,Stressed
Empowered to make a difference in my community,Stressed
Enjoying this moment nothing more nothing less,Stressed
Feeling happy and grateful for this experience,Stressed
Finding joy in the everyday no pressure needed,Stressed
I just need five minutes of peacemaybe an hour,Stressed
I think I left my patience in another lifetime,Stressed
Juggling too many things dropping most of them,Stressed
Loneliness creeps in as the night grows colder,Stressed
Making today a day filled with good vibes only,Stressed
Mentally exhausted and still nowhere near done,Stressed
Mind racing heart pounding stress level rising,Stressed
My brain is screaming but all I can do is sigh,Stressed
Overflowing with adoration for my adorable pet,Stressed
Overflowing with gratitude for lifes blessings,Stressed
Overloaded overwhelmed and overdue for a break,Stressed
Serenity found in the pages of a favorite book,Stressed
Smiling on the outside spiraling on the inside,Stressed
So much noise in my head silence feels foreign,Stressed
Soaking in the beauty of an ordinary afternoon,Stressed
Someone remind me why I signed up for all this,Stressed
Sometimes even small things feel like too much,Stressed
The most peaceful days are the uneventful ones,Stressed
Theres peace in knowing exactly what to expect,Stressed
Tired of saying œIm fine when Im anything but,Stressed
Today feels like a regular chapter in my story,Stressed
Too tired to be productive too anxious to rest,Stressed
Barely functioning from one moment to the next,Stressed
Feeling completely lost and without any anchor,Stressed
Feeling grateful for the little things in life,Stressed
Feeling like Im a burden on everyone around me,Stressed
Fulfillment in completing a challenging puzzle,Stressed
Hope feels like a cruel and unattainable dream,Stressed
I see the world in color but it all feels gray,Stressed
Just trying to make it through the next minute,Stressed
Just wanting to feel something other than this,Stressed
No rush no fuss just enjoying life as it comes,Stressed
No will left to fight the overwhelming despair,Stressed
Nothing seems to offer any genuine distraction,Stressed
Silence is the only sound that truly resonates,Stressed
Smiling on the outside screaming on the inside,Stressed
Somewhere between here and there just floating,Stressed
The light within me has flickered and gone out,Stressed
All I need is a moment to catch up with myself,Stressed
Anxiety whispering all the worstcase scenarios,Stressed
Can someone turn down the volume on my anxiety,Stressed
Currently running on fumes and good intentions,Stressed
Even when I get things done I dont feel relief,Stressed
Feeling like theres not enough time in the day,Stressed
I dont even know what peace feels like anymore,Stressed
I tell myself Im okay but the words feel empty,Stressed
I want to take a break but my mind wont let me,Stressed
Im one minor inconvenience away from losing it,Stressed
If only my heart could be as light as my words,Stressed
If stress burned calories Id be a ghost by now,Stressed
Just navigating the fog of my overwhelmed mind,Stressed
Just trying to find a moment to breathe deeply,Stressed
Just trying to find a moment to collect myself,Stressed
Laughter fades quickly but the emptiness stays,Stressed
No matter what I do it never feels like enough,Stressed
No one sees how hard Im trying just to keep up,Stressed
Overwhelmed is an understatement at this point,Stressed
Some days I dont even recognize myself anymore,Stressed
Stress is the shadow that never leaves my side,Stressed
Stress is the unwanted guest that never leaves,Stressed
The weight of everything is crushing me slowly,Stressed
Theres no space in my mind for peace right now,Stressed
Trying to be strong but the cracks are showing,Stressed
Trying to hold onto the last threads of myself,Stressed
Walking without a destination but feeling home,Stressed
When sleep doesnt solve the exhaustion anymore,Stressed
Hoy solo acepto cosas buenas y mucha felicidad,Stressed
La felicidad se encuentra en las cosas simples,Stressed
Las mejores historias empiezan con una sonrisa,Stressed
Que la vida siempre me sorprenda con felicidad,Stressed
Las buenas vibras siempre encuentran el camino,Stressed
Que la vida te encuentre bailando de felicidad,Stressed
Cada trae una nueva oportunidad para ser feliz,Stressed
Haz que tu felicidad sea el reflejo de tu alma,Stressed
Nada brilla que una persona llena de felicidad,Stressed
Que tu felicidad sea el reflejo de tu gratitud,Stressed
Haciendo de cada una obra maestra de felicidad,Stressed
Vive el presente con amor y sin preocupaciones,Stressed
La clave para ser feliz es disfrutar el camino,Stressed
La felicidad en apreciar lo que tienes y ahora,Stressed
La vida es demasiado corta para no disfrutarla,Stressed
Disfruta el camino sin preocuparte por la meta,Stressed
La vida es un lienzo en blanco pinta felicidad,Stressed
La vida es demasiado corta para desperdiciarla,Stressed
Vive sin miedo y con muchas ganas de ser feliz,Stressed
Hoy es el mejor para hacer algo extraordinario,Stressed
La felicidad comienza con una actitud positiva,Stressed
Cada es una oportunidad para comenzar de nuevo,Stressed
A veces la calma es un refugio otras una jaula,Stressed
Dejando que las emociones fluyan sin juzgarlas,Stressed
Recordando que la tristeza es parte del camino,Stressed
Dejando que la se filtre aunque sea sutilmente,Stressed
Dejando que la creatividad fluya como un lento,Stressed
Buscando la claridad en los momentos de y duda,Stressed
Algunos son mejores pero otros pesan demasiado,Stressed
Quiero sentir algo que esta constante tristeza,Stressed
No es tristeza profunda pero tampoco felicidad,Stressed
A veces solo quiero dormir y no pensar en nada,Stressed
Siento que todo me cuesta el doble de esfuerzo,Stressed
Quiero llorar pero ni siquiera eso puedo hacer,Stressed
Dejando que la luz se filtre entre las sombras,Stressed
Buscando la belleza en los momentos de quietud,Stressed
Dejando que la creatividad sea un escape suave,Stressed
Aprendo a encontrar la belleza en lo cotidiano,Stressed
Me siento atrapado en mis propios pensamientos,Stressed
No quiero preocupar a nadie pero no estoy bien,Stressed
A veces siento que el mundo sigue adelante sin,Stressed
Buscando claridad en los pensamientos nublados,Stressed
La soledad se siente presente pero busco sutil,Stressed
Me esfuerzo por encontrar sentido en todo esto,Stressed
No si necesito un descanso o un nuevo comienzo,Stressed
Quisiera poder salir de este agujero emocional,Stressed
Me esfuerzo por ver lo positivo pero me cuesta,Stressed
de buscando claridad en mi interior para sanar,Stressed
Buscando momentos de humana para sentirme vivo,Stressed
A veces todo lo que quiero es dormir y olvidar,Stressed
Sigo buscando algo que me haga sentir completo,Stressed
La mente no para un torbellino de pensamientos,Stressed
Siento que voy a explotar en cualquier momento,Stressed
en equilibrio con mis fortalezas y debilidades,Stressed
Viviendo los momentos entre lo bueno y lo malo,Stressed
en paz y libre de resentimientos con el ligero,Stressed
fuerte y resiliente sin sentirme ni vulnerable,Stressed
Disfrutando de la y el arte con y en cada nota,Stressed
A veces la rutina es lo que nos da estabilidad,Stressed
Estable y seguro sin fluctuaciones emocionales,Stressed
Sin prisas sin pausas disfrutando del presente,Stressed
Disfrutando de un buen libro sin distracciones,Stressed
A veces lo mejor es simplemente estar presente,Stressed
Siento la en mis relaciones todo en equilibrio,Stressed
Siento la confianza que viene de confiar en mi,Stressed
No hay grandes lecciones hoy solo tranquilidad,Stressed
No todo tiene que ser perfecto para estar bien,Stressed
Siento la que viene de vivir con y significado,Stressed
Agradezco la calma que encuentro en la soledad,Stressed
Agradezco la claridad que me permite vivir con,Stressed
Agradezco la calma que trae la gratitud diaria,Stressed
No todo tiene que ser intenso para ser valioso,Stressed
Sin preocupaciones innecesarias solo serenidad,Stressed
Hoy no hay emociones extremas solo estabilidad,Stressed
No hay que buscar emociones intensas todos los,Stressed
No siempre hay que estar al 100 hoy estoy bien,Stressed
Estoy atrapado en una vida que no quiero vivir,Stressed
Estoy cansado de luchar contra mi propia mente,Stressed
Hoy el dolor es insoportable tal vez diferente,Stressed
La esperanza es una llama que se ha extinguido,Stressed
La felicidad es una estrella que se ha apagado,Stressed
La vida es un espejo roto que refleja mi dolor,Stressed
La vida sigue pero yo me estancado en el dolor,Stressed
Me esfuerzo en seguir pero cada paso es pesado,Stressed
Me siento como un barco a la deriva sin puerto,Stressed
Me siento como un espectador de mi propia vida,Stressed
Me siento como un espectador en mi propia vida,Stressed
Me siento como un fantasma en mi propio cuerpo,Stressed
Mi mente es un laberinto pero busco una salida,Stressed
Mi mente es un lugar en el que no quiero estar,Stressed
No quiero preocupar a nadie pero estoy cansado,Stressed
Tal vez solo tal vez hay un mejor que este hoy,Stressed
La esperanza es una semilla esperando florecer,Stressed
El silencio grita fuerte que cualquier palabra,Stressed
Perdido en la inmensidad de mi propia tristeza,Stressed
El sufrimiento se ha convertido en mi realidad,Stressed
Me siento atrapado en un limbo de desesperanza,Stressed
La mental me agobia necesito encontrar aliento,Stressed
Claridad mental ver cosas objetivas relaciones,Stressed
Mi cabeza llena de pendientes y preocupaciones,Stressed
Siento que el tiempo se me escapa de las manos,Stressed
Quiero llorar pero no tengo tiempo ni para eso,Stressed
Estoy perdiendo el equilibrio y no recuperarlo,Stressed
Quisiera dormir sin preocupaciones por una vez,Stressed
Mi mente nunca se apaga ni siquiera un segundo,Stressed
No relajarme cuando siempre hay algo pendiente,Stressed
Quisiera desconectar mi cerebro por unas horas,Stressed
No puedo permitirme descansar sin sentir culpa,Stressed
Todo se siente como una carga demasiado pesada,Stressed
Me aprender a soltar lo que no puedo controlar,Stressed
Me siento como un nudo que no se puede desatar,Stressed
Estoy sobreviviendo a base de y preocupaciones,Stressed
Estoy tratando de mantener la calma pero no es,Stressed
Me que alguien entendiera el caos en mi cabeza,Stressed
Quisiera poder detenerme y descansar de verdad,Stressed
Estoy agotado de intentar cumplir expectativas,Stressed
Quisiera desconectarme del mundo por un tiempo,Stressed
No puedo relajarme ni cuando estoy descansando,Stressed
Estoy tan cansado que ni siquiera puedo llorar,Stressed
La ansiedad me mantiene atrapado en un vicioso,Stressed
Me estoy perdiendo en mis propios pensamientos,Stressed
Estoy cansado de este peso invisible que llevo,Stressed
Semplici piaceri della vita un sorriso al sole,Stressed
Vorrei che succedesse qualcosa di interessante,Stressed
Mi sento come se stessi sprecando il mio tempo,Stressed
La vita unavventura e io sono pronto a viverla,Stressed
Ogni passo che faccio un passo verso il futuro,Stressed
La routine una parte importante della mia vita,Stressed
La bellezza nei dettagli non nelle grandi cose,Stressed
Ogni momento per essere presente e consapevole,Stressed
Ogni giorno per creare ricordi indimenticabili,Stressed
La vita unopera darte che si crea con il tempo,Stressed
Apprezzare le piccole conquiste di ogni giorno,Stressed
La gioia nelle piccole cose la calma nel cuore,Stressed
La vita bella soprattutto nei momenti semplici,Stressed
Sentirsi presenti in sintonia con il qui e ora,Stressed
Un momento di calma un pensiero felice e grato,Stressed
La bellezza della la gioia della e dellarmonia,Stressed
La vita un dono prezioso da custodire con cura,Stressed
La vita unarmonia da vivere con calma e grazia,Stressed
Semplicemente felice senza un motivo apparente,Stressed
La vita bella e io sono grato per ogni istante,Stressed
La gioia un sentimento che illumina il cammino,Stressed
Ringrazio per la gioia che riempie la mia vita,Stressed
La unenergia che mi spinge a superare i limiti,Stressed
La unemozione che mi fa sentire giovane dentro,Stressed
Trovo la gioia nella contemplazione silenziosa,Stressed
La unemozione che mi fa sentire parte di tutto,Stressed
Cerco la gioia nei momenti di pura connessione,Stressed
La tensione mi sta consumando mi sento a pezzi,Stressed
Mi sento come se stessi per rinunciare a tutto,Stressed
Vorrei che tutto finisse ma non ho il coraggio,Stressed
La vita un caos ma cerco di mantenere la calma,Stressed
A volte il peso del mondo troppo da sopportare,Stressed
A volte il peso delle aspettative schiacciante,Stressed
A volte mi sento sopraffatto dalle aspettative,Stressed
La sensazione di essere in un vortice di input,Stressed
La mia mente una foresta oscura senza sentieri,Stressed
Le parole sono cenere che si disperde al vento,Stressed
La mia un fiume prosciugato dal sole dellansia,Stressed
A volte mi chiedo se tutto questo mai un senso,Stressed
A volte mi manca lenergia per affrontare tutto,Stressed
Cerco di trovare una scintilla che mi risvegli,Stressed
Cerco un senso di appartenenza ma non lo trovo,Stressed
La sensazione di essere in un ciclo senza fine,Stressed
La sensazione di essere un quadro senza colori,Stressed
La sensazione di essere uneco di unonda spenta,Stressed
La sensazione di essere uneco di una voce muta,Stressed
La stanchezza mentale pesante di quella fisica,Stressed
La tristezza diventata una compagna silenziosa,Stressed
La vita mi sembra uneterna attesa senza arrivo,Stressed
Le parole degli altri sono come un eco lontano,Stressed
Mi sento come se fossi unanima in catene senza,Stressed
Mi sento come se fossi unombra del mio passato,Stressed
Mi sento come se stessi camminando in un sogno,Stressed
Non riesco a trovare la forza di andare avanti,Stressed
Non riesco a trovare la gioia nei miei ricordi,Stressed
Non riesco a vedere la luce in fondo al tunnel,Stressed
Non trovo la motivazione per credere nellamore,Stressed
Spero che il futuro porti qualcosa di migliore,Stressed
Unapatia che mi rende incapace di ricostruirsi,Stressed
Unapatia che mi rende prigionieroa del passato,Stressed
Unaria di nostalgia anche nei momenti presenti,Stressed
Unaria di tristezza anche nei momenti di festa,Stressed
La vita un film triste che non voglio guardare,Stressed
Ogni giorno un promemoria della mia solitudine,Stressed
Sento che il buio sta inghiottendo la mia luce,Stressed
Mi chiedo se qualcuno noterebbe la mia assenza,Stressed
La mia esistenza un tormento unagonia costante,Stressed
Sento di essere un errore un peso per il mondo,Stressed
La mia anima un deserto di rimpianti e rimorsi,Stressed
Il mondo un luogo di indifferenza senza calore,Stressed
La mia esistenza uneco di una guerra interiore,Stressed
La mia esistenza uneco di unanima senza calore,Stressed
Sento di essere in unesistenza senza movimento,Stressed
La mia pace interiore attualmente in arretrato,Stressed
Il silenzio che urla forte di qualsiasi parola,Stressed
Uneco di un sogno che si trasformato in cenere,Stressed
Il mondo un quadro senza cornice senza confini,Stressed
Unassenza di motivazione che mi rende apaticoa,Stressed
La un labirinto senza uscita senza via di fuga,Stressed
Uneco di unanima che si perde nelloblio eterno,Stressed
Uneco di unesistenza che si dissolve nel nulla,Stressed
Uneco di unesistenza che si dissolve come fumo,Stressed
Unassenza di appartenenza come se fossi aliena,Stressed
Anticipating the release of a muchawaited movie,Stressed
Arousal of excitement before a muchawaited trip,Stressed
Arousal of excitement for an upcoming adventure,Stressed
Beneath this smile is a heart full of happiness,Stressed
Enthusiasm for a creative project in the making,Stressed
Every little thing feels overwhelming right now,Stressed
Excitement for a quiet evening with a good book,Stressed
Feeling light feeling bright feeling just right,Stressed
Feeling like Im floating on a cloud of pure joy,Stressed
Feeling so much love and pure unadulterated joy,Stressed
Happiness is the best feeling no doubt about it,Stressed
Happiness is the best journey you can embark on,Stressed
Happiness is the best kind of energy to radiate,Stressed
Happiness is the magic ingredient in everything,Stressed
If happiness had a face it would look like mine,Stressed
If happiness is a choice I choose it every time,Stressed
Joy comes in waves and today Im riding them all,Stressed
Just a little reminder to find your happy today,Stressed
Just celebrating all the happy little victories,Stressed
Let your happiness be as boundless as the ocean,Stressed
Living in a world that feels one shade too dark,Stressed
Living my life with a happy heart and open mind,Stressed
Making today a happy occasion worth celebrating,Stressed
Overwhelmed by grief missing a loved one dearly,Stressed
Smiling because life is actually pretty amazing,Stressed
Smiling my way through the best days of my life,Stressed
Soaking in the happy sounds of laughter and joy,Stressed
Soaking up the happy moments life throws my way,Stressed
Stress the invisible weight no one else can see,Stressed
The best things in life are free like happiness,Stressed
The secret to happiness is to focus on the good,Stressed
Boredom lingers a stagnant pool of indifference,Stressed
Embracing the quiet wisdom that comes with time,Stressed
Envy eats away at me as I see others prosperity,Stressed
Everything feels like a bit of an effort lately,Stressed
Feeling a little lost and unsure of what I want,Stressed
Feeling a low hum of sadness thats always there,Stressed
Feeling emotionally a bit flat and unresponsive,Stressed
Feeling like Im carrying a silent scream inside,Stressed
Feeling like Im walking through a bit of a haze,Stressed
Finding beauty in the subtle colors of twilight,Stressed
Finding calmness amidst the chaos of daily life,Stressed
Finding comfort in the familiar embrace of home,Stressed
Finding comfort in the simple pleasures of life,Stressed
Finding light in the small victories of the day,Stressed
Finding strength in the shared human experience,Stressed
Holding onto the possibility of feeling lighter,Stressed
Is it okay to just need a break from everything,Stressed
Is it okay to just need some extra time to heal,Stressed
Its hard to feel hopeful about things right now,Stressed
Just cant seem to focus or concentrate properly,Stressed
Just feeling a little heavyhearted this evening,Stressed
Just feeling a little out of sorts this morning,Stressed
Just trying to find a moment of peace and quiet,Stressed
Just trying to find a reason to embrace the day,Stressed
Mentally exhausted but still pretending Im fine,Stressed
Nothing feels particularly wrong just not right,Stressed
Searching for a flicker of hope in the darkness,Stressed
Searching for a light at the end of this tunnel,Stressed
Searching for a reason to feel optimistic again,Stressed
Sometimes the emptiness is louder than the pain,Stressed
The art of nodding and pretending to understand,Stressed
The things that usually excite me just feel meh,Stressed
The world feels a bit too bright and loud today,Stressed
An ordinary day made extraordinary by gratitude,Stressed
Brain wont shut up and deadlines wont slow down,Stressed
Cant talk too busy drowning in responsibilities,Stressed
Contentment in the simplicity of a quiet Sunday,Stressed
Everything feels like too much but I keep going,Stressed
Experiencing the beauty of this wonderful world,Stressed
Finding happiness in the middle of the ordinary,Stressed
Happiness is a choice and I choose it every day,Stressed
Here for the good times and even better company,Stressed
I dont know if I need a nap a hug or a new life,Stressed
I miss the days when life felt a little simpler,Stressed
If stress burned calories Id be in shape by now,Stressed
If worrying burned calories Id be in peak shape,Stressed
Living on autopilot because my brain is over it,Stressed
My body is here but my mind is racing elsewhere,Stressed
My mind wont shut up and my body wont slow down,Stressed
No rush no pressure just letting the day unfold,Stressed
Resentment festers a wound that refuses to heal,Stressed
Reverence for the beauty of a historic landmark,Stressed
So much to do yet here I am staring at the wall,Stressed
Some days are just meant to be lived not posted,Stressed
Stressed dressed and barely holding it together,Stressed
The burden of stress is invisible but its there,Stressed
The smallest things feel overwhelming right now,Stressed
The weight of the world feels extra heavy today,Stressed
Too busy to catch a breath but running on empty,Stressed
Trapped in a seemingly endless cycle of despair,Stressed
Anxiety grips my heart worry clouds my thoughts,Stressed
Battling the constant negativity in my thoughts,Stressed
Cant seem to find any lasting source of comfort,Stressed
Dont recognize the person in the mirror anymore,Stressed
Even moments of quiet feel heavy and oppressive,Stressed
Feeling completely adrift and without direction,Stressed
Feeling like a shattered and irreparable vessel,Stressed
Feeling like Im slowly fading away into nothing,Stressed
Hopeful about the potential for personal growth,Stressed
I hope someday my mind becomes a peaceful place,Stressed
I just need one deep breath that actually works,Stressed
Just wanting to feel a moment of genuine relief,Stressed
My mind is a battlefield where Im always losing,Stressed
My thoughts are louder than the world around me,Stressed
No desire to participate in social interactions,Stressed
No motivation to engage with anything or anyone,Stressed
Suffocating under the burden of my own emotions,Stressed
Suffocating under the pressure of just existing,Stressed
Suffocating under the weight of my own thoughts,Stressed
The hardest part is pretending nothing is wrong,Stressed
The silence is a heavy and suffocating presence,Stressed
The weight on my chest makes it hard to breathe,Stressed
Time stretches out endlessly when youre in pain,Stressed
Currently running on fumes and wishful thinking,Stressed
Drowning in stress while pretending Im floating,Stressed
Even the smallest tasks feel overwhelming today,Stressed
Every word I dont say is another burden I carry,Stressed
Everything feels urgent and Im running on empty,Stressed
Feeling like Im on a treadmill that never stops,Stressed
Jealousy gnaws at my confidence a toxic emotion,Stressed
Just trying to find the off switch for my brain,Stressed
Just trying to survive the storm inside my mind,Stressed
My body is tired but my mind refuses to shut up,Stressed
My coping mechanism is currently malfunctioning,Stressed
No one sees how hard Im trying just to function,Stressed
Rainy days call for cozy blankets and hot cocoa,Stressed
Smiling on the outside struggling on the inside,Stressed
Sometimes lifes best moments are the quiet ones,Stressed
Somewhere between functioning and falling apart,Stressed
Sunlight streaming through my window perfection,Stressed
The euphoria of a surprise birthday celebration,Stressed
The pressure to be okay is making me feel worse,Stressed
The stress headaches are becoming a daily thing,Stressed
Theres never a moment where my mind isnt racing,Stressed
Trapped in my own mind trying to find a way out,Stressed
Trying to smile through the weight of the world,Stressed
Wishing for silence in a world that never stops,Stressed
Los mejores recuerdos nacen de momentos felices,Stressed
Las mejores aventuras comienzan con una sonrisa,Stressed
Disfrutando la vida al sin prisa pero sin pausa,Stressed
Un perro acostado sobre las hojas con un frisbi,Stressed
Las mejores historias comienzan con una sonrisa,Stressed
Las mejores cosas pasan cuando menos lo esperas,Stressed
Si la felicidad tuviera un sonido el de mi risa,Stressed
Que tu felicidad se sienta en cada paso que des,Stressed
Las mejores vibras siempre encuentran su camino,Stressed
La felicidad es contagiosa que voy a repartirla,Stressed
Encuentra la felicidad en lo simple y cotidiano,Stressed
Cada instante es una oportunidad para ser feliz,Stressed
La vida es mejor cuando la disfrutas con amigos,Stressed
La felicidad es la mejor en el viaje de la vida,Stressed
Cada es una nueva oportunidad para reinventarte,Stressed
No esperes un motivo para ser feliz feliz ahora,Stressed
No permitas que las preocupaciones roben tu paz,Stressed
La felicidad es un estado mental elige quedarte,Stressed
Un poco de niebla mental pero buscando claridad,Stressed
La vida se siente apagada pero busco una chispa,Stressed
Entre la duda y la fe buscando mi propio camino,Stressed
Me siento desconectado de todo incluso de mismo,Stressed
No quiero preocupar a nadie pero necesito ayuda,Stressed
Quiero hablar pero tengo miedo de ser una carga,Stressed
Siento que me estoy perdiendo de mi propia vida,Stressed
Quiero pedir ayuda pero me da miedo ser juzgado,Stressed
Dejando que la calma me en cada paso del camino,Stressed
Me encontrar algo que encienda mi alma de nuevo,Stressed
Buscando distracciones para aliviar la ansiedad,Stressed
Intentando encontrar en las cosas que me rodean,Stressed
Cada se siente igual sin sorpresas ni emociones,Stressed
Me siento como una sombra de la persona que ser,Stressed
Me poder dormir sin sentirme agotado por dentro,Stressed
Me siento como si estuviera flotando en la nada,Stressed
Me esfuerzo por ver lo positivo pero a veces es,Stressed
Vivir sin expectativas es vivir sin decepciones,Stressed
Busco un refugio un lugar donde encontrar calma,Stressed
Disfrutando de la sin sentirme solo encontrando,Stressed
La vida es una de simples y momentos especiales,Stressed
Disfrutando de la tranquilidad de un cualquiera,Stressed
Hoy es un buen para sentirme bien conmigo mismo,Stressed
Siento la de compartir momentos con quienes amo,Stressed
Mi mente enfocada en el bienestar integral y la,Stressed
Siento paz al aceptar lo que no puedo controlar,Stressed
Agradezco la claridad para vivir con coherencia,Stressed
Disfruto explorando nuevas ideas con curiosidad,Stressed
Disfruto la libertad de seguir mi con confianza,Stressed
Agradezco la claridad para vivir con integridad,Stressed
Siento al conectar con mi y dejar mi huella con,Stressed
Siento la paz que viene de vivir en el presente,Stressed
La rutina a veces es lo mejor que podemos tener,Stressed
A veces la rutina es lo mejor que podemos tener,Stressed
Conectando con la naturaleza conectando conmigo,Stressed
Dejando que la vida me sorprenda con su belleza,Stressed
El dolor me consume por dentro sin dejar rastro,Stressed
Estoy perdiendo la lucha contra mi propia mente,Stressed
La esperanza es un susurro perdido en el viento,Stressed
La felicidad se siente como un recuerdo borroso,Stressed
La oscuridad me envuelve pero busco un destello,Stressed
La soledad me consume lentamente pero anhelo la,Stressed
Me siento como si estuviera al borde del abismo,Stressed
Me siento como si estuviera caminando sin rumbo,Stressed
Me siento como un peso muerto en la vida de los,Stressed
Me siento completamente desconectado de la vida,Stressed
Mi mente es un laberinto de recuerdos dolorosos,Stressed
Necesito encontrar mi paz interior aunque lejos,Stressed
Necesito encontrar un lugar seguro para mi alma,Stressed
No hay palabras suficientes para describir este,Stressed
Siento que mi alma atrapada en un ciclo sin fin,Stressed
Estoy gritando por dentro pero nadie me escucha,Stressed
Me siento como si estuviera muriendo lentamente,Stressed
Me siento como si estuviera muriendo por dentro,Stressed
La mente es un campo de batalla de pensamientos,Stressed
La mente es un de sentimientos sobre relaciones,Stressed
Mi mente no deja de correr necesito un descanso,Stressed
Quisiera dormir sin pensar en todo lo que falta,Stressed
La ansiedad no me deja en paz ni por un momento,Stressed
Me siento sofocado por tantas responsabilidades,Stressed
Estoy colapsando por dentro pero sigo sonriendo,Stressed
Siento que estoy al borde del colapso emocional,Stressed
Estoy atrapado en una rutina que me consumiendo,Stressed
Estoy en una constante batalla contra mi propio,Stressed
Necesito encontrar una manera de sentirme mejor,Stressed
Me siento perdido en mis propias preocupaciones,Stressed
Quisiera poder desconectar mi mente por un rato,Stressed
El haciendo estragos en mi cuerpo y en mi mente,Stressed
Me siento sofocado por mis propias expectativas,Stressed
Me siento atrapado en una rutina de agotamiento,Stressed
No puedo desconectar ni siquiera por un momento,Stressed
No puedo controlar mi ansiedad y eso me frustra,Stressed
A veces el simple hecho de respirar es agotador,Stressed
Quiero paz pero mi mente no me deja encontrarla,Stressed
Estoy saturado de pensamientos y preocupaciones,Stressed
Estoy cargando demasiado peso sobre mis hombros,Stressed
Estoy sobreviviendo pero no disfrutando mi vida,Stressed
Simplemente viviendo sin grandes preocupaciones,Stressed
Siento que me ahogo en mis propios pensamientos,Stressed
La giornata finisce lasciando spazio alla notte,Stressed
La vita un libro e ogni giorno una nuova pagina,Stressed
Ogni passo che faccio mi avvicina ai miei sogni,Stressed
La vita un viaggio che merita di essere vissuto,Stressed
Ogni esperienza contribuisce a formare chi sono,Stressed
Ogni passo conta nel cammino verso i miei sogni,Stressed
Ogni giorno un nuovo inizio una nuova avventura,Stressed
La bellezza della vita si nasconde nei dettagli,Stressed
Momenti di quiete pensieri positivi e rilassati,Stressed
La gioia della gratitudine la calma della mente,Stressed
Momenti di pura gioia pensieri leggeri e felici,Stressed
Momenti di equilibrio pensieri centrati e calmi,Stressed
Sentirsi in sintonia con la natura e le persone,Stressed
Sentirsi centrati in pace con il proprio essere,Stressed
Giornate tranquille mente serena e cuore felice,Stressed
Apprezzo la bellezza dei piccoli gesti di gioia,Stressed
Ringrazio per la gioia che trovo in ogni giorno,Stressed
La unemozione che mi fa sentire parte del tutto,Stressed
La pressione insostenibile mi sento sopraffatto,Stressed
La mia testa sta per esplodere non ce la faccio,Stressed
Mi sento come se stessi annegando in un mare di,Stressed
Non riesco a rilassarmi sono sempre in tensione,Stressed
Mi sento come se stessi per perdere la speranza,Stressed
A volte mi sento bloccato in un ciclo di stress,Stressed
La pressione un peso che non riesco a sollevare,Stressed
La mia mente un campo di battaglia senza tregua,Stressed
La fatica di dover gestire le emozioni negative,Stressed
La fatica di dover prendere decisioni difficili,Stressed
Unangoscia che nasce dalla paura di non farcela,Stressed
La sensazione di essere in un continuo stato di,Stressed
La sensazione di essere in una prigione mentale,Stressed
La sensazione di essere in un labirinto di dati,Stressed
Unangoscia che nasce dalla mancanza di speranza,Stressed
La sensazione di essere unestraneoa a se stessi,Stressed
La mia anima un vaso rotto senza di riparazione,Stressed
Il rumore del silenzio una sinfonia di angoscia,Stressed
I giorni sono come un susseguirsi di ombre cupe,Stressed
La a trovare un senso di speranza per il futuro,Stressed
La mia anima stanca non ha voglia di combattere,Stressed
La mia mente un oceano in tempesta senza quiete,Stressed
La sensazione di essere in un pozzo senza fondo,Stressed
La sensazione di essere in una morsa invisibile,Stressed
La sensazione di essere un giardino senza fiori,Stressed
La tristezza sembra nascosta dietro ogni angolo,Stressed
Le emozioni sono come un giardino senza profumo,Stressed
Le parole degli altri sono come un vento freddo,Stressed
Mi manca la motivazione per fare qualsiasi cosa,Stressed
Mi sento sopraffatto dal peso dei miei pensieri,Stressed
Non ho voglia di niente tutto mi sembra inutile,Stressed
Non riesco a trovare la gioia nei miei successi,Stressed
Non riesco a trovare la luce in fondo al tunnel,Stressed
Oggi ogni passo sembra difficile del precedente,Stressed
Ogni sogno sembra troppo lontano da raggiungere,Stressed
Spero che un giorno tutto questo abbia un senso,Stressed
Troppe emozioni da gestire mi sento sopraffatto,Stressed
Unapatia che mi rende incapace di andare avanti,Stressed
Unaria di malinconia anche nei momenti di gioia,Stressed
Unaria di malinconia anche nei momenti luminosi,Stressed
Uninquietudine che non trova conforto interiore,Stressed
Mi sento come un fantasma nella mia stessa vita,Stressed
La vita un viaggio che non voglio intraprendere,Stressed
Non ricordo lultima volta che sono stato felice,Stressed
La tristezza diventata la mia compagna costante,Stressed
La mia mentale in bilico lansia mi fa impazzire,Stressed
La mia mente un labirinto di pensieri ossessivi,Stressed
La mia esistenza un sogno distorto senza logica,Stressed
Non riesco a sentire niente sono anestetizzatoa,Stressed
La mia mente un campo minato di pensieri oscuri,Stressed
Non riesco a controllare la mia autodistruzione,Stressed
Il mondo un luogo di ingiustizia senza speranza,Stressed
Il mondo un luogo di solitudine senza compagnia,Stressed
Il mondo un palcoscenico vuoto senza spettatori,Stressed
La fatica di ogni respiro un peso insostenibile,Stressed
Uneco di unesistenza che si trasforma in cenere,Stressed
Non trovo la ragione per continuare a respirare,Stressed
Uneco di unesistenza che si dissolve lentamente,Stressed
Non trovo la luce nei miei occhi solo dellanima,Stressed
Collecting happiness like seashells at the beach,Stressed
Collecting smiles like theyre going out of style,Stressed
Every little thing feels like too much right now,Stressed
Excitement building up for the upcoming vacation,Stressed
Feeling grateful for all the little joys in life,Stressed
Feeling like Im floating on a cloud of happiness,Stressed
Feeling like Im surrounded by happiness and love,Stressed
Feeling like my spirit is soaring with happiness,Stressed
Happiness is not a destination its a way of life,Stressed
Happiness is the best kind of adventure to be on,Stressed
Happiness is the path I choose to walk every day,Stressed
Happiness is watching the sunset with no worries,Stressed
Holding onto the good and letting go of the rest,Stressed
Joy is a language that the heart speaks fluently,Stressed
No one prepares you for how heavy sadness can be,Stressed
Political discussions heating up on the timeline,Stressed
Reverence for the artistry displayed in a museum,Stressed
Somewhere between contentment and absolute bliss,Stressed
Stress is making every decision ten times harder,Stressed
Stress is robbing me of the joy in little things,Stressed
Surround yourself with people who make you happy,Stressed
Surround yourself with people who make you smile,Stressed
Taking pictures of my happiness so I dont forget,Stressed
Waking up with a grateful heart and a happy soul,Stressed
Envy poisons my thoughts coveting others success,Stressed
Every laugh feels like an echo of something lost,Stressed
Everything feels like a constant internal battle,Stressed
Feeling like Im constantly secondguessing myself,Stressed
Feeling like Im fading into the background noise,Stressed
Feeling like Im watching my life from a distance,Stressed
Finding strength in the quiet strength of others,Stressed
Floating through the day like a cloud in the sky,Stressed
Holding onto the belief that healing is possible,Stressed
I dont remember the last time I felt truly happy,Stressed
I wish I could hit pause on life just to breathe,Stressed
Just trying to find a moment of quiet reflection,Stressed
Just trying to find a small victory to celebrate,Stressed
Just trying to find my way back to feeling alive,Stressed
Letting go of the things that no longer serve me,Stressed
Still believing in the strength that lies within,Stressed
The future feels a bit daunting and overwhelming,Stressed
The past haunts me more than I had like to admit,Stressed
The quiet moments feel a bit too loud in my head,Stressed
The weight of feeling like Im constantly failing,Stressed
Trying to mend a heart thats been through storms,Stressed
A good book a comfy chair and a peaceful evening,Stressed
Being yourself is the prettiest thing you can be,Stressed
Empowerment through learning and personal growth,Stressed
Empowerment through mentoring and guiding others,Stressed
Every small thing feels like a mountain to climb,Stressed
Experiencing the wonders of the world we live in,Stressed
Functioning on survival mode waiting for a break,Stressed
Gratitude for the supportive community around me,Stressed
Hope feels like an old friend I barely recognize,Stressed
Keeping things simple and appreciating the quiet,Stressed
Lifes been demanding more than I can give lately,Stressed
Living the same day but with a different mindset,Stressed
My heart feels like a puzzle with missing pieces,Stressed
My mind is a battlefield and Im losing the fight,Stressed
Normal days are the ones you miss the most later,Stressed
Nothing extraordinary just a quiet kind of happy,Stressed
Nothing extraordinary yet everything feels right,Stressed
Overthinking every little detail because why not,Stressed
Serenity found in the melody of a peaceful piano,Stressed
Sinking in despair each day darker than the last,Stressed
Tenderness in a heartfelt message to a loved one,Stressed
The best days are the ones where nothing happens,Stressed
The night is quiet but my thoughts are screaming,Stressed
The world is too loud and my thoughts are louder,Stressed
Trying to stay calm when my mind is anything but,Stressed
Everything feels like an insurmountable obstacle,Stressed
Falling apart in the most organized way possible,Stressed
Frustration escalates a thunderstorm of emotions,Stressed
Hard to find any beauty or goodness in the world,Stressed
Holding everything together with sheer willpower,Stressed
I watch the world move but I feel frozen in time,Stressed
I wonder if anyone would notice if I disappeared,Stressed
Jealousy consumes me as I witness others success,Stressed
Just going through the motions hoping for an end,Stressed
Just wanting someone to see the depth of my pain,Stressed
Just wanting the constant mental anguish to stop,Stressed
Just wanting to feel a moment of lightness again,Stressed
Lost the connection to my own sense of selfworth,Stressed
No desire to engage with the world or its people,Stressed
No motivation to pursue any hobbies or interests,Stressed
Suffocating under the weight of my own existence,Stressed
The quiet is a constant reminder of my isolation,Stressed
The weight of responsibility is unbearable today,Stressed
The world continues its vibrant dance without me,Stressed
Time stretches on endlessly each moment a burden,Stressed
Time stretches out each moment heavy with sorrow,Stressed
Trying to keep it together but barely hanging on,Stressed
Wishing for a way to quiet the voices in my head,Stressed
Wishing for peace in a mind that refuses to rest,Stressed
All I want is a break but theres no time to stop,Stressed
Currently running on coffee and wishful thinking,Stressed
Even the air feels heavier when Im this stressed,Stressed
Feeling like stress is permanently wired into me,Stressed
Feeling the weight of responsibility crushing me,Stressed
Holding back tears pretending everything is okay,Stressed
Hopeful about the possibilities of a new journey,Stressed
I dont even have time to process my own emotions,Stressed
If stress had a face Id be looking in the mirror,Stressed
Its not just one thingits everything all at once,Stressed
Just trying to navigate this demanding situation,Stressed
Just trying to navigate this stressful situation,Stressed
No time to catch my breath between all the chaos,Stressed
Pretty sure my blood type is now stress positive,Stressed
Sending affectionate vibes to friends and family,Stressed
Some days feel like a race I never signed up for,Stressed
The mind wont stop running but the body is tired,Stressed
The more I try to relax the more stressed I feel,Stressed
Theres no off switch for this kind of exhaustion,Stressed
Tired of carrying the weight of everything alone,Stressed
El secreto de la felicidad disfrutar el presente,Stressed
No esperes que pase algo especial hazlo especial,Stressed
Las mejores cosas son gratis amor risa y abrazos,Stressed
Recuerda la vida es corta disfruta cada instante,Stressed
La mejor manera de empezar el es con una sonrisa,Stressed
Hoy quiero coleccionar momentos felices no cosas,Stressed
Nunca subestimes el poder de una sonrisa sincera,Stressed
Que la risa sea tu mejor accesorio hoy y siempre,Stressed
Hoy es un buen para hacer algo que me haga feliz,Stressed
La sonrisa es el mejor reflejo de un alma en paz,Stressed
Cuando vives con gratitud todo se vuelve hermoso,Stressed
Cuando amas lo que haces la felicidad llega sola,Stressed
No dejes para la felicidad que puedes sentir hoy,Stressed
La vida es demasiado hermosa para no disfrutarla,Stressed
Recordando que la paciencia es una en los lentos,Stressed
Las noches son cuando los pensamientos no callan,Stressed
Me esfuerzo por seguir adelante pero es agotador,Stressed
A veces me pregunto si la vida siempre se siente,Stressed
No es que no tenga ganas es que no tengo fuerzas,Stressed
Me cuesta disfrutar las cosas que antes me feliz,Stressed
Quisiera sentirme emocionado por algo lo que sea,Stressed
Entre la duda y la fe buscando mi propio sentido,Stressed
Aprendo a cuidar de mi alma con paciencia y amor,Stressed
Busco la en los detalles en los momentos fugaces,Stressed
Quisiera dejar de sentir que todo es un esfuerzo,Stressed
No si me estoy perdiendo o simplemente cambiando,Stressed
Me cuesta encontrar razones para seguir adelante,Stressed
Momentos de pero intentando mantenerme optimista,Stressed
Intentando encontrar la chispa de la creatividad,Stressed
de buscando respuestas en mi interior para sanar,Stressed
No si necesito un cambio o simplemente descansar,Stressed
Me cuesta disfrutar incluso los momentos felices,Stressed
Quiero volver a sentirme feliz de manera genuina,Stressed
Intentando encontrar la calma en el caos interno,Stressed
La esperanza es un hilo delgado pero lo sostengo,Stressed
La mente divaga pero intento traerla al presente,Stressed
Quiero sentir que mi vida tiene sentido otra vez,Stressed
Estoy luchando con algo que ni yo mismo entiendo,Stressed
La vida sigue pero yo no me siento parte de ella,Stressed
Me siento como si estuviera atrapado en un bucle,Stressed
relajado y sereno sin tensiones que me perturben,Stressed
Un agradable y placentero lleno de momentos de y,Stressed
No necesito emociones fuertes para sentirme bien,Stressed
No necesito grandes emociones para sentirme bien,Stressed
No hay que apresurar nada todo llega a su tiempo,Stressed
Aceptando lo que es y soltando lo que no importa,Stressed
A veces estar bien es simplemente estar en calma,Stressed
Siento la de compartir mis talentos con el mundo,Stressed
Encuentro la en la con mi cuerpo en el bienestar,Stressed
Mi mente serena sintiendo la paz que viene de la,Stressed
Siento la paz que viene de cultivar la paciencia,Stressed
Siento la que viene de compartir mi con el mundo,Stressed
Mi mente busca bienestar y equilibrio en mi vida,Stressed
Disfruto de la libertad de explorar mis pasiones,Stressed
Estoy atrapado en un mar de pensamientos oscuros,Stressed
Estoy perdido dentro de mis propios pensamientos,Stressed
Estoy perdiendo la guerra contra mi propia mente,Stressed
La felicidad se siente como un recuerdo distante,Stressed
La oscuridad es densa pero la esperanza es densa,Stressed
La tristeza es un pero quiero aprender a navegar,Stressed
La vida es un camino sin estrellas que mis pasos,Stressed
Me siento como si estuviera cayendo en un abismo,Stressed
Me siento como un eco sin respuesta en un eterno,Stressed
Me siento como un fantasma en mi propia historia,Stressed
Mi alma grita en silencio pero Âalguien escucha,Stressed
Mi es un seco donde las flores se han marchitado,Stressed
No hay nadie a quien pueda decirle lo que siento,Stressed
No quiero preocupar a nadie pero estoy sufriendo,Stressed
No tengo ganas de hacer nada ni siquiera existir,Stressed
Siento que mi alma atrapada en un ciclo de dolor,Stressed
Perdido en pensamientos buscando un camino claro,Stressed
Me siento como si estuviera perdiendo la cordura,Stressed
Busco un momento de soledad mental para recargar,Stressed
Busco un momento de mental para olvidar el mundo,Stressed
La mente es un enjambre de pensamientos ansiosos,Stressed
Busco un momento de mental para olvidar el ruido,Stressed
La ansiedad me nubla la necesito claridad mental,Stressed
No tengo espacio mental para pensar en otra cosa,Stressed
Estoy haciendo de lo que realmente puedo manejar,Stressed
Me siento atrapado en mis propias preocupaciones,Stressed
Me siento atrapado en una espiral de agotamiento,Stressed
Estoy en un punto donde cualquier cosa me irrita,Stressed
Me que alguien entendiera lo que estoy sintiendo,Stressed
Siento que no tengo control sobre mi propia vida,Stressed
Me siento atrapado en un bucle de preocupaciones,Stressed
Quisiera que mi cabeza se apagara por un momento,Stressed
Es un ciclo sin fin de preocupaciones y ansiedad,Stressed
Me cuesta incluso disfrutar de las cosas simples,Stressed
Necesito encontrar una manera de sentirme en paz,Stressed
Necesito un respiro antes de que todo me consuma,Stressed
La ansiedad me roba cada momento de tranquilidad,Stressed
Necesito descanso pero mi mente no me lo permite,Stressed
Necesito un descanso antes de que todo me supere,Stressed
Estoy tratando de mantenerme fuerte pero cada es,Stressed
Estoy en una lucha constante con mi propia mente,Stressed
No puedo escapar de mi propio agotamiento mental,Stressed
Me estoy perdiendo a mismo en este torbellino de,Stressed
Necesito un descanso pero el mundo no se detiene,Stressed
Siento que estoy fallando en todo lo que intento,Stressed
Quisiera poder desconectarme de todo por un rato,Stressed
La ansiedad no me deja en paz ni un solo momento,Stressed
Una giornata come tante senza particolari picchi,Stressed
Unaltra giornata che passa senza grandi emozioni,Stressed
Mi sento come se stessi invecchiando velocemente,Stressed
Ogni esperienza un insegnamento che porto con me,Stressed
La vita un viaggio che si vive giorno per giorno,Stressed
La gioia nei piccoli dettagli la calma nel cuore,Stressed
La bellezza della gratitudine la calma del cuore,Stressed
La bellezza della gratitudine la calma dellanima,Stressed
Sentirsi centrati in pace con il proprio cammino,Stressed
Giornate tranquille anime in pace e cuori sereni,Stressed
Sentirsi in equilibrio come una danza silenziosa,Stressed
Momenti di interiore pensieri leggeri come piume,Stressed
Momenti di pura gioia pensieri chiari e luminosi,Stressed
La bellezza della gioia la calma della interiore,Stressed
Momenti di gratitudine profonda pensieri sinceri,Stressed
Giornata perfetta con amici cuore pieno di gioia,Normal
La vita una danza e io voglio ballare senza fine,Normal
Sorridere il miglior modo per affrontare la vita,Normal
Sento la gioia come una danza di emozioni che mi,Normal
Sento la gioia come unonda di energia universale,Normal
Troppi impegni e poco tempo non so dove iniziare,Normal
Respira un passo alla volta ma la tensione tanta,Normal
Spero che domani sia meglio oggi stato difficile,Normal
Ho bisogno di una pausa ma non riesco a trovarla,Normal
La vita una montagna russa non riesco a scendere,Normal
Non riesco a trovare un motivo per andare avanti,Normal
Non riesco a gestire il mio isolamento sono solo,Normal
A volte la vita sembra un labirinto senza uscita,Normal
La mia mente un turbine di emozioni contrastanti,Normal
La vita un caos e io cerco di mantenere la calma,Normal
La giornata troppo corta per tutto che devo fare,Normal
La sensazione di non avere controllo sulla mente,Normal
La sensazione di essere intrappolato in un ciclo,Normal
La sensazione di essere in un vortice di impegni,Normal
La a trovare un momento di calma tra le scadenze,Normal
Le dinamiche relazionali che pesano come macigni,Normal
La sensazione di essere giudicatoa costantemente,Normal
La sensazione di essere in un labirinto di dubbi,Normal
La sensazione di essere in un vortice di domande,Normal
La sensazione di non trovare un senso nella vita,Normal
Unoppressione che nasce dalla routine soffocante,Normal
Unangoscia che nasce dalla mancanza di chiarezza,Normal
La a trovare la forza per affrontare la giornata,Normal
La mia resilienza un filo sottile teso al limite,Normal
Sento il peso delle nuvole scure nella mia mente,Normal
La mia anima una casa vuota senza mobili ricordi,Normal
La mia chiarezza un vetro sporco che distorce la,Normal
La mia mente un bosco oscuro senza sentieri luci,Normal
A volte mi sembra che il mondo mi stia sfuggendo,Normal
A volte la solitudine lunica cosa che mi capisce,Normal
Giornate che si confondono in un grigio uniforme,Normal
La leggerezza unutopia un ideale irraggiungibile,Normal
La sensazione di essere uneco di un cuore spento,Normal
La sensazione di essere uneco di unanima perduta,Normal
La tristezza mi avvolge come una coperta pesante,Normal
La voglia di vivere un fuoco che si affievolisce,Normal
Le cose che mi rendevano felice ora non lo fanno,Normal
Non riesco a trovare la gioia nelle piccole cose,Normal
Non riesco a vedere la luce alla fine del tunnel,Normal
Non trovo pace la mia mente un tormento costante,Normal
Non trovo la motivazione per credere nella umana,Normal
Tutto mi sembra difficile anche le cose semplici,Normal
Unassenza di entusiasmo senza una ragione chiara,Normal
Unassenza di scintilla senza un motivo apparente,Normal
Non luce solo infinita che mi consuma lentamente,Normal
Ogni giorno una ripetizione della mia sofferenza,Normal
Non vedo alcuna via duscita da questa sofferenza,Normal
La mia vita un susseguirsi di attacchi di panico,Normal
Sento di essere un fantasma unombra di me stesso,Normal
Sento di essere in un film dellorrore senza fine,Normal
Non conforto solo uneco di disperazione assoluta,Normal
Sento di essere unanima dannata senza di perdono,Normal
Sento di essere uneco di unesistenza senza senso,Normal
Sento di essere uneco di unesistenza senza amore,Normal
Il mondo un luogo di disprezzo senza compassione,Normal
Il mondo un luogo di ingiustizia senza giustizia,Normal
Sento di essere unimmagine sbiadita senza colore,Normal
Sento di essere un riflesso opaco senza sostanza,Normal
Sento di essere un puzzle incompleto senza pezzi,Normal
Sento di essere in un circolo vizioso senza fine,Normal
Sento di essere in un vortice di autodistruzione,Normal
Il peso di ancore invisibili e la marea che sale,Normal
Solo a cercare di navigare in una nebbia mentale,Normal
Il mondo un abisso senza fondo senza di risalita,Normal
Uneco di unanima che si perde nel nulla assoluto,Normal
Uneco di domande che non troveranno mai risposta,Normal
Uneco di unanima che si arresa alla disperazione,Normal
La unombra che si allunga inghiottendo ogni luce,Normal
Il mondo un deserto senza oasi senza di salvezza,Normal
Uneco di unanima che si perde nel nulla infinito,Normal
Non trovo la mia voce in questo coro di silenzio,Normal
Non trovo il mio posto in questo scenario alieno,Normal
Non sento il mio corpo come se fossi un fantasma,Normal
Unassenza di come se stessi fluttuando nel vuoto,Normal
Il mondo un film in bianco e nero senza emozioni,Normal
Il mondo unimmagine statica senza movimento vita,Normal
A pocket full of sunshine and a heart full of joy,Normal
Elation after a surprise reunion with old friends,Normal
Elation over discovering a hidden gem in the city,Normal
Enjoying a quiet evening with a book and some tea,Normal
Enjoying every moment of this trip pure enjoyment,Normal
Feeling like Im walking on sunshine and happiness,Normal
Happiness is homemade and Im baking a whole batch,Normal
Happiness is the best thing you can give yourself,Normal
Juggling too many things and dropping all of them,Normal
Just a little dose of happy to share with you all,Normal
Just spreading happy thoughts and positive energy,Normal
Lifes too short to rush through the little things,Normal
Making today a happy adventure filled with smiles,Normal
No one prepared me for how overwhelming life gets,Normal
Pouring happiness into my life like its unlimited,Normal
Searching for a light that seems to have gone out,Normal
Surrounding myself with things that make me smile,Normal
Feeling like Im just existing not really engaging,Normal
Finding beauty in the quiet moments of reflection,Normal
Finding comfort in the simple routines of the day,Normal
Finding light in the small acts of selfcompassion,Normal
Finding solace in the comforting embrace of music,Normal
Hoping for a better tomorrow amidst todays storms,Normal
Is it okay to just feel overwhelmed by everything,Normal
Just trying to find a little bit of comfort today,Normal
Just trying to find a small moment of peace today,Normal
Just trying to find a small reason to smile today,Normal
Just trying to keep showing up even when its hard,Normal
Not sure how much more I can handle at this point,Normal
Searching for a moment of genuine peace and quiet,Normal
Searching for a reason to believe in myself again,Normal
The constant battle against feelings of isolation,Normal
A little bit of sunlight a little bit of serenity,Normal
A little progress each day adds up to big results,Normal
A moment of tenderness connecting with loved ones,Normal
A normal day is underrated but deeply appreciated,Normal
Breathing in the good vibes exhaling the bad ones,Normal
Everything feels like its spinning out of control,Normal
Gratitude for the small joys that each day brings,Normal
I tell myself Im fine so much I almost believe it,Normal
If stress had a leaderboard Id be in the top five,Normal
Its exhausting pretending to be okay all the time,Normal
Lifes not always exciting but its always worth it,Normal
Living with love laughter and a grateful attitude,Normal
Living without expectations makes the day lighter,Normal
Meditating by the serene lake finding inner peace,Normal
My todo list is just laughing at me at this point,Normal
Someone send me a manual on how to deal with this,Normal
Tenderness in the warmth of a cozy winter evening,Normal
The sky is blue the air is crisp and thats enough,Normal
The weight of everything is getting hard to carry,Normal
Worrying about things I havent even messed up yet,Normal
Difficult to find any beauty or hope in the world,Normal
Drowning in a sea of people yet feeling invisible,Normal
Even simple conversations feel like a huge effort,Normal
Feeling disconnected from everything and everyone,Normal
I am trapped in my own head and theres no way out,Normal
If hearts could shatter silently mine already has,Normal
Just going through the motions hoping for release,Normal
Longing for something to ignite a spark within me,Normal
No desire for anything the apathy is overwhelming,Normal
The darkness has become an inseparable part of me,Normal
The days are a monotonous and draining repetition,Normal
The fear of the unknown is keeping me up at night,Normal
The loudest cries are often the quietest whispers,Normal
The smallest things feel like mountains right now,Normal
Wishing for a way to silence the noise in my head,Normal
Balancing on the edge of burnout like its a sport,Normal
Carrying too much but letting go feels impossible,Normal
Currently running on caffeine and a silent scream,Normal
Currently running on the fumes of sheer willpower,Normal
Even when I have nothing to do I feel overwhelmed,Normal
Every little thing feels like a mountain to climb,Normal
Feeling like a ticking time bomb ready to explode,Normal
I dont even know what relaxing feels like anymore,Normal
I miss the days when I didnt have to fake a smile,Normal
I need time to breathe but I cant seem to find it,Normal
I wish I could pause life just to catch my breath,Normal
Im mentally drained but still expected to show up,Normal
Just need a day to unplug and recharge completely,Normal
Just trying to find the CtrlAltDelete for my life,Normal
Just trying to keep everything from falling apart,Normal
Just trying to navigate this overwhelming feeling,Normal
Life feels like a neverending list of obligations,Normal
My brain is a battlefield and Im losing the fight,Normal
My inner compass is currently spinning in circles,Normal
My mind is like a browser with too many tabs open,Normal
My thoughts are moving too fast for me to keep up,Normal
No matter how much I try I cant get ahead of this,Normal
Overloaded with everything and running on nothing,Normal
Pretty sure my stress level is visible from space,Normal
Running on empty but still expected to keep going,Normal
Running on fumes but still expected to keep going,Normal
Surrounded by people yet feeling completely alone,Normal
The world is spinning too fast and I cant keep up,Normal
Theres never enough time no matter how hard I try,Normal
Too many tabs openboth in my brain and my browser,Normal
Too much to do too little time and no energy left,Normal
Trapped between what I want and what I have to do,Normal
Trying to push through but my mind is fighting me,Normal
Wishing I could disappear just for a little while,Normal
La sonrisa es el idioma universal de la felicidad,Normal
La clave de la felicidad es disfrutar el presente,Normal
Viviendo con gratitud y disfrutando cada instante,Normal
Hoy vivo sin preocupaciones y con muchas sonrisas,Normal
porque la vida siempre tiene algo hermoso para ti,Normal
Que la vida siempre te sorprenda con razones para,Normal
La clave de la felicidad en disfrutar el presente,Normal
Hoy voy a ser tan feliz que la tristeza se asuste,Normal
Las mejores cosas de la vida no se ven se sienten,Normal
Viviendo sin preocupaciones y con muchas sonrisas,Normal
Que la vida siempre me sorprenda con razones para,Normal
Hoy me despierto con ganas de conquistar el mundo,Normal
Viviendo cada instante con una sonrisa en el alma,Normal
No dejes que los problemas nublen tu sol interior,Normal
Hoy me permito disfrutar cada instante sin prisas,Normal
La felicidad se encuentra en los momentos simples,Normal
Buscando el equilibrio entre el silencio y la voz,Normal
No quiero rendirme pero me cuesta seguir adelante,Normal
Buscando la claridad en los pensamientos confusos,Normal
Dejo que la gratitud sea mi refugio en los grises,Normal
Dejo que la creatividad sea mi escape mi forma de,Normal
Sigo esperando que algo dentro de se arregle solo,Normal
Me esfuerzo por no preocupar a los pero me cuesta,Normal
La mente se siente pesada pero intento despejarla,Normal
La rutina se siente opresiva pero busco escapadas,Normal
La mente se siente cansada pero intento encontrar,Normal
Hay en los que simplemente no tengo ganas de nada,Normal
Quiero sentirme libre de mis propios pensamientos,Normal
Cada es una lucha contra mis propios pensamientos,Normal
Quisiera poder volver a emocionarme por las cosas,Normal
No si estoy avanzando o simplemente sobreviviendo,Normal
Me siento como si estuviera en un limbo emocional,Normal
Todo lo que antes me motivaba ahora no me importa,Normal
No si estoy mejorando o simplemente sobreviviendo,Normal
A veces siento que me estoy perdiendo poco a poco,Normal
Buscando la en los logros diarios que me impulsan,Normal
Buscando momentos de alivio en el a para respirar,Normal
Un a la vez intentando encontrarle sentido a todo,Normal
de buscando claridad en mis pensamientos confusos,Normal
en paz sin resentimientos ni rencores encontrando,Normal
Encuentro la de vivir con de hacer una diferencia,Normal
Agradezco la calma que encuentro en la naturaleza,Normal
Disfrutando de la libertad de seguir mi y interna,Normal
Encuentro belleza en la autenticidad y honestidad,Normal
Sin sorpresas sin complicaciones solo estabilidad,Normal
Encuentro en mi comunidad y en algo grande que yo,Normal
Sin expectativas sin preocupaciones solo viviendo,Normal
Me gusta cuando no hay preocupaciones en mi mente,Normal
Estoy perdiendo la batalla contra mi propia mente,Normal
La oscuridad me paraliza pero busco el movimiento,Normal
La soledad es un abrazo que me congela por dentro,Normal
La tristeza es pesada pero la esperanza es ligera,Normal
La tristeza es un manto que me cubre por completo,Normal
La vida es un espejo roto que refleja mi tristeza,Normal
Las palabras son pesadas como cadenas que me atan,Normal
Me duele estar solo pero me duele estar con gente,Normal
Necesito encontrar la fuerza para seguir luchando,Normal
Necesito encontrar un lugar donde sentirme seguro,Normal
Siento que estoy atrapado en un agujero sin fondo,Normal
Siento que me estoy hundiendo en arenas movedizas,Normal
Siento que mi alma atrapada en un invierno eterno,Normal
Siento que mi se ha roto en mil pedazos diminutos,Normal
Tal vez solo tal vez hay una para seguir adelante,Normal
Quisiera sentir algo cualquier cosa pero solo hay,Normal
Buscando un lugar donde la tristeza no pese tanto,Normal
El sufrimiento es una carga que no puedo soportar,Normal
Estoy tratando de mantener la calma pero no puedo,Normal
Necesito aprender a respirar sin sentirme ahogado,Normal
Estoy en un punto donde cualquier cosa me estresa,Normal
Quisiera poder relajarme pero mi mente no me deja,Normal
Me poder delegar algunas de mis responsabilidades,Normal
Estoy sobrepasado por todo lo que tengo que hacer,Normal
Me pesa la vida y las responsabilidades que tengo,Normal
Mi mente en constante alerta y no puedo descansar,Normal
No encontrar un equilibrio entre todo lo que hago,Normal
Estoy atrapado en mi propio y no encuentro salida,Normal
Estoy cansado de que mi mente nunca me un respiro,Normal
Conectado con mis emociones sin sentirme abrumado,Normal
Siento que me ahogo en mis propias preocupaciones,Normal
La vita di tutti i giorni con le sue piccole cose,Normal
La vita un viaggio che vale la pena intraprendere,Normal
Ogni momento un dono che merita di essere vissuto,Normal
Ogni giorno per scoprire il mondo che mi circonda,Normal
Giornate luminose di gratitudine mente tranquilla,Normal
Momenti di armonia pensieri positivi e bilanciati,Normal
La vita un momento da vivere con calma e presenza,Normal
La vita un dono da vivere con calma e gratitudine,Normal
Momenti di pensieri positivi e leggeri come piume,Normal
Un attimo di pace un pensiero di amore universale,Normal
Momenti di pace profonda pensieri chiari e sereni,Normal
Giornate di quiete anime in armonia con luniverso,Normal
Gli amici sono il miglior antidoto alla tristezza,Normal
Con voi anche le cose semplici diventano speciali,Normal
Ridendo fino alle lacrime momenti indimenticabili,Normal
Cantando a squarciagola la musica mi rende felice,Normal
Oggi un giorno speciale pieno di sorprese e gioia,Normal
La unemozione che voglio condividere con il mondo,Normal
Oggi mi sento come se tutto andasse per il meglio,Normal
Sorridere il miglior modo per affrontare le sfide,Normal
La vita unopera darte dipingila con colori vivaci,Normal
La gioia di creare ricordi con chi mi sta a cuore,Normal
La gioia di avere persone speciali nella mia vita,Normal
Trovo la gioia in un giardino fiorito di emozioni,Normal
La gratitudine trasforma ogni giorno in una festa,Normal
Cerco la gioia nei momenti di pura spensieratezza,Normal
Non riesco a concentrarmi su niente la mente vaga,Normal
Non riesco a trovare un equilibrio nella mia vita,Normal
La vita una corsa continua non tempo per fermarsi,Normal
Non riesco a gestire la mia rabbia sono frustrato,Normal
Non riesco a gestire la mia ansia sono spaventato,Normal
Non riesco a gestire il mio dolore sono disperato,Normal
La pressione di dover essere forte insopportabile,Normal
La vita un continuo rincorrere senza mai fermarsi,Normal
La sensazione di essere in una tempesta interiore,Normal
La sensazione di essere in un vortice di pensieri,Normal
La a trovare un momento di pace nelle interazioni,Normal
La a trovare un momento di calma tra le incognite,Normal
La a trovare un momento di pace tra le incertezze,Normal
La a trovare un momento di con il proprio passato,Normal
La sensazione di muri invisibili che mi stringono,Normal
Unoppressione che nasce dalla mancanza di energia,Normal
Unoppressione che nasce dalla mancanza di fiducia,Normal
Unansia che nasce dalla paura di essere ignoratoa,Normal
Unangoscia che nasce dalla mancanza di importanza,Normal
Unansia che nasce dalla paura di non riconoscersi,Normal
La mia anima un albero spoglio senza foglie fiori,Normal
Mi sento come un ramo spezzato lontano dallalbero,Normal
La mia mente uneco di uneco senza suono originale,Normal
Sento leco di un addio silenzioso che mi tormenta,Normal
Le parole sono foglie morte che cadono senza vita,Normal
A volte la solitudine confortante della compagnia,Normal
A volte la tristezza troppo difficile da ignorare,Normal
Focusing on Feeling Disconnected from the Present,Normal
I giorni sono come un susseguirsi di ombre grigie,Normal
La leggerezza un ricordo uneco di un tempo felice,Normal
La mia mente un labirinto senza uscita senza luce,Normal
La sensazione di essere in una stanza senza porte,Normal
La sensazione di essere intrappolatoa nel passato,Normal
La sensazione di essere soloa in mezzo alla folla,Normal
La sensazione di essere uneco di un tempo perduto,Normal
La sensazione di essere uneco di unanima smarrita,Normal
La sensazione di essere una canzone senza melodia,Normal
La tristezza mi soffoca senza che possa far nulla,Normal
La vita un libro senza copertina una storia senza,Normal
Le parole degli altri sono come un brusio lontano,Normal
Mi sento come se fossi in balia dei miei pensieri,Normal
Mi sento come se fossi rotto senza di riparazione,Normal
Non gioia da nessuna parte solo un vuoto profondo,Normal
Non riesco a trovare la forza di accettare la mia,Normal
Non riesco a trovare la gioia nei miei momenti di,Normal
Non riesco a trovare la pace nella mia solitudine,Normal
Non riesco a trovare un senso nella mia esistenza,Normal
Oggi una di quelle giornate in cui niente va bene,Normal
Ogni giorno una battaglia persa la speranza morta,Normal
Spero che domani sia meglio ma non ne sono sicuro,Normal
Tutto sembra senza senso non trovo un significato,Normal
Unassenza di ispirazione senza una ragione chiara,Normal
Uneco di disconnessione anche in mezzo alla folla,Normal
Uneco di distacco anche tra le braccia di chi amo,Normal
Uneco di distanza anche tra le braccia di chi amo,Normal
Mi sento come se stessi morendo dentro lentamente,Normal
La mia anima in cerca di conforto ma non lo trovo,Normal
Mi chiedo se qualcuno si accorgerebbe se sparissi,Normal
La mia mente una gabbia da cui non posso scappare,Normal
Sento di essere in un limbo sospeso tra due mondi,Normal
Sento di essere unanomalia un errore della natura,Normal
Sento di essere una voce nel vuoto senza risposta,Normal
Sento di essere uneco di unanima senza redenzione,Normal
Sento di essere uneco di unesistenza senza radici,Normal
Sento di essere uneco di unesistenza senza calore,Normal
Sento di essere in un freddo interiore senza fine,Normal
Quando il silenzio urla forte di qualsiasi rumore,Normal
Solo a costruire una fortezza con cuscini e ansie,Normal
Un paesaggio interiore fatto di nebbia e silenzio,Normal
Unassenza di connessione che mi rende trasparente,Normal
Unassenza di appartenenza che mi rende stranieroa,Normal
Non trovo la voglia di lottare contro la corrente,Normal
Uneco di unanima che si perde nel dolore profondo,Normal
Non sento la magia che una volta riempiva la vita,Normal
Non trovo la strada che porta alla pace interiore,Normal
La un sogno lucido da cui non riesco a svegliarmi,Normal
Uneco di unisola deserta nel cuore di una deserta,Normal
A little gratitude turns every day into a good day,Normal
A pocket full of sunshine and a heart full of love,Normal
Enthusiasm for a new artistic project in the works,Normal
Feeling absolutely fantastic and full of happiness,Normal
Feeling like the human version of a sunshine emoji,Normal
Feeling so much love and light and happiness today,Normal
Feeling so much peace and happiness within my soul,Normal
Feeling so much peace and utter joy in this moment,Normal
Happiness is the best kind of magic you can create,Normal
Happiness is the best reward you can give yourself,Normal
Jumping into happiness like its a pool of sunshine,Normal
Just a little bit of happy to brighten up your day,Normal
Just a little bit of happy to brighten your screen,Normal
Just a little bit of happy to share with the world,Normal
Reflecting on the beauty of diversity in our world,Normal
Regret for decisions that led to a painful present,Normal
Soaking in the happy vibes of these amazing people,Normal
The secret to happiness Enjoying the little things,Normal
This smile is powered by good vibes and positivity,Normal
Drifting between who I was and who I pretend to be,Normal
Embracing the quiet courage to face whatever comes,Normal
Feeling a bit disconnected from my usual interests,Normal
Feeling like Im carrying a lead weight in my chest,Normal
Feeling like Im stuck in a Groundhog Day situation,Normal
Holding onto the hope of feeling like myself again,Normal
Holding onto the memory of feeling truly connected,Normal
Just cant seem to shake this feeling of inadequacy,Normal
Just going through the motions Not much excitement,Normal
Just trying to find a tiny bit of light in the day,Normal
Just trying to find my own way to cope with it all,Normal
Revisiting old memories feeling a sense of elation,Normal
Searching for a guiding star in my darkest moments,Normal
Searching for a moment of clarity in the confusion,Normal
Searching for a reason to smile that feels genuine,Normal
Smiling because its easier than explaining why not,Normal
Still looking for the silver linings in the clouds,Normal
The constant effort of trying to maintain a facade,Normal
The struggle to find meaning in daily interactions,Normal
Tired of being tired stressed about being stressed,Normal
Contentment in the simplicity of a homecooked meal,Normal
Drifting through the quiet moments like a daydream,Normal
Feeling like a stretched rubber band about to snap,Normal
I used to laugh at stress Now it just laughs at me,Normal
If overthinking was a sport Id be a world champion,Normal
Is it normal to feel this overwhelmed all the time,Normal
Life is moving not too fast not too slowjust right,Normal
Making today a day filled with sunshine and smiles,Normal
Mentally packing my bags for an imaginary vacation,Normal
My thoughts wont quiet down long enough to breathe,Normal
No pause button no rewind just endless fastforward,Normal
Not everything needs a reason some things just are,Normal
Nothing major happening just appreciating the calm,Normal
Overthinking every conversation from the past week,Normal
Sharing a little piece of my world and my thoughts,Normal
Sitting still and letting the world move around me,Normal
Sometimes an ordinary day is exactly what you need,Normal
The only thing I have under control is my playlist,Normal
The weight of it all is a little too much to carry,Normal
Too many tabs openboth in my mind and on my laptop,Normal
Wishing I could feel things as deeply as I used to,Normal
Battling the constant barrage of negative thoughts,Normal
Behind the smile theres a girl with a broken heart,Normal
Cant imagine a future where Im free from this pain,Normal
Cant seem to find any lasting moments of happiness,Normal
Feeling like Im slowly disappearing from existence,Normal
Hope feels like a distant and unattainable concept,Normal
If pain is temporary why does it feel so permanent,Normal
Just going through the motions hoping for oblivion,Normal
Just going through the motions hoping to disappear,Normal
Longing for something to pull me out of this abyss,Normal
Some days the weight of the world feels unbearable,Normal
Struggling to find the energy for even basic tasks,Normal
The darkness has become my most familiar companion,Normal
The light within me has been extinguished entirely,Normal
Theres something special about a day with no plans,Normal
Trapped in the space between sadness and emptiness,Normal
Trying to juggle it all dropping more than I catch,Normal
Wishing for a moment of true inner quiet and peace,Normal
Anxious about things that havent even happened yet,Normal
Balancing too many things and its starting to show,Normal
Currently fueled by the faint hope of a future nap,Normal
Drowning in responsibilities no life raft in sight,Normal
Even the things I love feel overwhelming right now,Normal
Even when Im resting my mind is running in circles,Normal
Everything is piling up and I cant catch my breath,Normal
Feeling like I have a million tabs open in my mind,Normal
Feeling like Im carrying the world on my shoulders,Normal
Feeling like Im constantly putting out small fires,Normal
Feeling like Im running a race with no finish line,Normal
Feeling like Im trying to catch water with a sieve,Normal
Feeling stuck in a loop of stress and overthinking,Normal
Hopeful for a brighter tomorrow despite challenges,Normal
Im mentally at capacity and life keeps adding more,Normal
If only I could pause life until I felt okay again,Normal
It feels like Im constantly walking on a tightrope,Normal
Its exhausting trying to act like everythings fine,Normal
Juggling life like a circus act with no safety net,Normal
Just trying to find a moment of quiet in the chaos,Normal
Just trying to navigate this overwhelming workload,Normal
Life doesnt slow down no matter how exhausted I am,Normal
My brain feels like a broken record stuck on worry,Normal
My brain feels like a hard drive thats almost full,Normal
My brain feels like a pinball machine on overdrive,Normal
My brain feels like a shaken snow globe of worries,Normal
My brain feels like a washing machine on high spin,Normal
My mental reserves are currently at an alltime low,Normal
My stress is my unwelcome and persistent companion,Normal
No matter how much I do it never feels like enough,Normal
One more thing added to my plate and I might break,Normal
The smallest things feel like the biggest problems,Normal
The todo list keeps growing and so does my anxiety,Normal
The weight of the world feels like its on my chest,Normal
The world keeps spinning but I feel stuck in place,Normal
Theres never enough time and Im always running out,Normal
They say this too shall pass but what if it doesnt,Normal
Wishing I could fastforward past this part of life,Normal
No hace falta un motivo para ser feliz simplemente,Normal
Que tu felicidad sea tan grande que contagie a los,Normal
Que tu felicidad sea grande que tus preocupaciones,Normal
Hoy me abrazo a la felicidad con todas mis fuerzas,Normal
La gratitud transforma lo que tienes en suficiente,Normal
Hoy me enfoco en lo bueno y dejo ir lo que no suma,Normal
La mejor medicina es una dosis de felicidad diaria,Normal
La felicidad se construye con momentos de gratitud,Normal
Encuentra la felicidad en lo simple y lo cotidiano,Normal
La clave para ser feliz en disfrutar lo que tienes,Normal
Vive con gratitud y amor y la felicidad inevitable,Normal
No permitas que las preocupaciones te roben la paz,Normal
La clave de la felicidad es disfrutar cada momento,Normal
Recordando que la esperanza es un que se fortalece,Normal
Buscando la en los momentos cotidianos y sencillos,Normal
Recordando que incluso las nubes grises se disipan,Normal
Buscando la fuerza en la vulnerabilidad compartida,Normal
No necesito soluciones solo que alguien me escuche,Normal
Me esfuerzo por ser positivo pero mi mente me gana,Normal
Busco la calma en el caos aunque sea por instantes,Normal
Busco la claridad en la niebla de mis pensamientos,Normal
Aprendo a encontrar en las victorias en los logros,Normal
La vida sigue su curso pero yo me siento estancado,Normal
Estoy rodeado de gente pero me siento desconectado,Normal
Estoy perdiendo el entusiasmo por todo poco a poco,Normal
Buscando gestos de amabilidad para alegrar el y el,Normal
No quiero preocupar a nadie pero no me siento bien,Normal
Me esfuerzo por mantenerme en pie pero me tambaleo,Normal
Me encontrar algo que me haga sentir vivo otra vez,Normal
Todo lo que antes me feliz ahora me es indiferente,Normal
No si me estoy aislando o simplemente necesito paz,Normal
Es explicar lo que siento cuando ni yo lo entiendo,Normal
La vida se siente gris buscando destellos de color,Normal
Quisiera que alguien entendiera sin que yo hablara,Normal
Fluyendo con la vida sin resistirme a lo que viene,Normal
pleno y completo sin ni carencias que me perturben,Normal
Momentos de silencio que se sienten como un abrazo,Normal
Mi lleno de gratitud por las y grandes bendiciones,Normal
Siento la confianza que viene de conocerme a mismo,Normal
Agradezco la paz que encuentro en la soledad en la,Normal
Siento la paz que viene de cultivar la resiliencia,Normal
Agradezco la calma que encuentro en la de la plena,Normal
Disfruto la libertad de agradecer cada experiencia,Normal
No todo tiene que ser emocionante para ser valioso,Normal
Mi mente busca aprendizaje y crecimiento constante,Normal
La oscuridad es fuerte pero la esperanza es fuerte,Normal
La oscuridad me ciega pero quiero encontrar la luz,Normal
La vida sigue pero yo ya no quiero seguir con ella,Normal
Mi alma es un libro cerrado cuyas nadie puede leer,Normal
Nadie realmente entiende lo que pasa por mi cabeza,Normal
Necesito encontrar mi paz interior aunque lejos de,Normal
solo hay una para seguir adelante aunque no la vea,Normal
Siento que estoy atrapado en un laberinto de dolor,Normal
Tal vez sea un poco mejor aunque hoy no lo parezca,Normal
Un alma cansada pero con un susurro de resistencia,Normal
La oscuridad es densa pero busco una grieta de luz,Normal
Encontrando fuerza en la vulnerabilidad compartida,Normal
Me siento como si estuviera perdiendo la esperanza,Normal
Siento que la mental me aplasta necesito liberarme,Normal
Busco calma mental encontrar equilibrio relaciones,Normal
Busco tranquilidad mental encontrar paz relaciones,Normal
Siento que la mente se satura necesito descargarla,Normal
Busco un escape creativo para liberar la acumulada,Normal
No puedo permitirme un descanso aunque lo necesito,Normal
Siento que me ahogo en un mar de responsabilidades,Normal
Quisiera poder tomarme un descanso sin preocuparme,Normal
Me siento agotado antes de que el siquiera empiece,Normal
Me abruma la cantidad de cosas que tengo que hacer,Normal
Me siento abrumado por todo lo que tengo que hacer,Normal
Mi cuerpo pide descanso pero mi mente sigue activa,Normal
Quisiera aprender a vivir sin este constante miedo,Normal
Estoy mentalmente agotado y emocionalmente drenado,Normal
Siento que todo se acumulando y no puedo manejarlo,Normal
Siento que mi cabeza va a explotar de tanto pensar,Normal
Me esfuerzo demasiado por todo y sigo insuficiente,Normal
Estoy agotado de estar siempre preocupado por todo,Normal
Quisiera poder dejar de preocuparme tanto por todo,Normal
Me cuesta disfrutar porque mi mente nunca descansa,Normal
Me cuesta concentrarme en lo que realmente importa,Normal
Disfrutando del tiempo libre sin sentirme culpable,Normal
Passeggiando per le senza meta osservando il mondo,Normal
La vita un viaggio che si vive un passo alla volta,Normal
La routine la mia ancora in un mare di cambiamenti,Normal
Sentirsi a proprio agio in equilibrio con il mondo,Normal
Momenti di gratitudine pensieri positivi e sinceri,Normal
Momenti di apprezzamento pensieri positivi e caldi,Normal
Momenti di apprezzamento pensieri positivi e grati,Normal
Sentirsi in sintonia con la natura e con se stessi,Normal
Giornate tranquille anime in pace e cuori in festa,Normal
Giornate di armonia anime in pace e cuori in festa,Normal
Pensieri leggeri come nuvole che danzano nel cielo,Normal
Giornate tranquille anime in pace e cuori colmi di,Normal
Lavora per i tuoi sogni non per quelli degli altri,Normal
Non aspettare il momento perfetto rendilo perfetto,Normal
Oggi il sole splende che mai una giornata perfetta,Normal
Mi sento come se fossi circondato da amore e gioia,Normal
La gioia un sentimento che si nutre di gratitudine,Normal
La gioia un viaggio che vale la pena intraprendere,Normal
Ogni tramonto porta la promessa di un nuovo inizio,Normal
La freschezza della pioggia una rinascita di gioia,Normal
Cerco la gioia nei momenti di pura improvvisazione,Normal
Sento la gioia come uneco della mia determinazione,Normal
Mi sento perso in un labirinto non trovo la strada,Normal
La vita troppo stressante non riesco a sopportarla,Normal
Non riesco a gestire il mio vuoto sono senza anima,Normal
Non riesco a trovare un significato nella mia vita,Normal
La mia mente un campo di battaglia senza vincitori,Normal
La tensione che si manifesta con problemi di sonno,Normal
Unansia che nasce dalla paura di essere rifiutatoa,Normal
La a trovare un momento di nelle dinamiche sociali,Normal
La a trovare un momento di calma nelle interazioni,Normal
La sensazione di essere in un vortice di conflitti,Normal
La sensazione di essere in balia delle circostanze,Normal
Unoppressione che nasce dalla mancanza di certezze,Normal
Unoppressione che nasce dalla paura di non farcela,Normal
La sensazione di essere unombra nella propria vita,Normal
Unansia che nasce dalla paura di essere confinatoa,Normal
La mia mente un teatro vuoto senza attori pubblico,Normal
La mia anima un dipinto sbiadito senza colori vita,Normal
Sento il peso di un silenzio carico che mi soffoca,Normal
La mia mente una montagna di dubbi che mi sovrasta,Normal
La mia mente un teatro vuoto senza applausi risate,Normal
Ho bisogno di un e poi forse anche unaltra vacanza,Normal
I giorni sono come un susseguirsi di ombre pesanti,Normal
La mia mente un labirinto oscuro senza via duscita,Normal
La sensazione di essere in un labirinto senza fine,Normal
La sensazione di essere uneco di un sogno infranto,Normal
La sensazione di essere uneco di unesistenza vuota,Normal
La speranza un filo derba che lotta contro il gelo,Normal
La vita mi sembra un peso insostenibile da portare,Normal
La vita mi sembra unagonia costante senza sollievo,Normal
La vita mi sembra una condanna senza di redenzione,Normal
La vita sembra solo un susseguirsi di giorni grigi,Normal
Le parole degli altri sono come un rumore di fondo,Normal
Non riesco a trovare la forza di alzarmi dal letto,Normal
Non trovo motivazione per fare nulla tutto mi pesa,Normal
Spero che tutto finisca presto ma non vedo la fine,Normal
Unindifferenza che una richiesta silenziosa daiuto,Normal
Non riesco a connettermi con niente tutto distante,Normal
Non riesco a sentire il mio corpo sono distaccatoa,Normal
La mia esistenza un fallimento unagonia senza fine,Normal
Sento di essere unombra senza di tornare alla luce,Normal
Sento di essere uneco di unesistenza senza fiducia,Normal
Sento di essere uneco di unesistenza senza bussola,Normal
La mia lista da fare ora una lista da sopravvivere,Normal
Unassenza di significato che mi consuma lentamente,Normal
Non trovo la forza di credere in qualcosa di buono,Normal
La un palcoscenico vuoto senza spettatori applausi,Normal
Focusing on Inability to Cope Exhaustion Continued,Normal
La mia mente un caleidoscopio di immagini distorte,Normal
Amused by the antics of my petal its pure amusement,Normal
Catching happiness like fireflies on a summer night,Normal
Feeling grateful feeling joyful feeling unstoppable,Normal
Feeling like my heart is doing a happy dance of joy,Normal
Feeling so much joy in the simple pleasures of life,Normal
Good vibes big smiles and a heart full of happiness,Normal
Happiness is the best feeling hands down no contest,Normal
Happiness is the best kind of memory you can create,Normal
Happiness is the ultimate goal and Im getting there,Normal
Just a little bit of happy to brighten your evening,Normal
Just a little reminder that happiness is all around,Normal
Living for the moments that make me smile like this,Normal
Pride in completing a challenging fitness challenge,Normal
Pure happiness celebrating a loved ones achievement,Normal
Smiling my way through every little joy life offers,Normal
Soaking in the happy glow of these precious moments,Normal
Stress turns even the smallest tasks into mountains,Normal
The best things in life arent things theyre moments,Normal
Dreaming of a day where my mind isnt my worst enemy,Normal
Embracing the quiet strength that comes from within,Normal
Embracing the quiet understanding of my own journey,Normal
Everything feels like an obligation Id rather avoid,Normal
Feeling a bit aimless and without a clear direction,Normal
Feeling a bit numb to things that usually bother me,Normal
Feeling emotionally a bit distant and hard to reach,Normal
Feeling like Im carrying a heavy cloud over my head,Normal
Finding acceptance in the midst of lifes challenges,Normal
Finding peace in the quiet beauty that surrounds me,Normal
Finding solace in the quiet beauty of the night sky,Normal
Holding onto the belief that things will get better,Normal
Holding onto the possibility of feeling whole again,Normal
Is it okay to just need to lean on others sometimes,Normal
Just cant seem to feel like my usual energetic self,Normal
Just trying to find my way back to feeling grounded,Normal
Pretending to be okay takes more energy than I have,Normal
Searching for a safe harbor in the storm of my mind,Normal
The way the breeze carries storieslistening closely,Normal
The weight of thoughts is heavier than it should be,Normal
A regular day can be a reminder that life is stable,Normal
Adulting is basically just being tired all the time,Normal
Beauty is everywhere if you take a moment to see it,Normal
Every minute feels like a deadline Im about to miss,Normal
Feeling thankful for the beauty of this amazing day,Normal
I dont fear the dark I fear the emptiness it brings,Normal
Juggling life with one hand and dropping everything,Normal
Just nodding and hoping everything sorts itself out,Normal
Laughter used to be effortless now it feels foreign,Normal
Maybe if I ignore my problems theyll ignore me back,Normal
My mind is a tangled mess of todo lists and worries,Normal
My mind is racing but my bodys too tired to keep up,Normal
Not everything needs a purpose some things just are,Normal
Regret over missed opportunities haunts my thoughts,Normal
Serenity found in the beauty of a sunset by the sea,Normal
Sipping coffee watching the world go bylife is okay,Normal
Sometimes the pressure feels like it might break me,Normal
Too many thoughts too little time too much pressure,Normal
Cant imagine a future where Im not consumed by this,Normal
Disappointed with the service at a local restaurant,Normal
Even in the brightest sunlight my shadows follow me,Normal
Feeling a sense of fulfillment after helping others,Normal
Feeling like Im a disappointment to everyone I know,Normal
Holding onto dreams that slipped through my fingers,Normal
In a room full of people Im lost in my own thoughts,Normal
Just going through the motions hoping for an escape,Normal
Just trying to make it through the next few moments,Normal
Just wanting someone to see the pain behind my eyes,Normal
Just wanting someone to understand without judgment,Normal
Like Im watching my own life unfold from a distance,Normal
Longing for something to break through the numbness,Normal
My thoughts are heavy dragging me down like anchors,Normal
Silence is the only language I understand right now,Normal
The quiet holds so much pain so many unspoken tears,Normal
The shadows feel like the only place I truly belong,Normal
The weight of expectations is heavier than it looks,Normal
Trapped within these four walls and my own thoughts,Normal
Trying to stay afloat when everything pulls me down,Normal
Anxiety and stress go hand in hand and Im exhausted,Normal
Cant believe the injustice happening in our society,Normal
Constantly running on fumes but somehow still going,Normal
Counting down the minutes until I can breathe again,Normal
Counting down the minutes until I can just be still,Normal
Currently running on the fumes of past productivity,Normal
Drowning in deadlines but still pretending to float,Normal
Exhausted from worrying about things I cant control,Normal
I cant remember the last time I truly felt at peace,Normal
I dont know how to slow down without feeling guilty,Normal
I wish I could pack my bags and escape my own brain,Normal
Im one inconvenience away from a complete breakdown,Normal
Its hard to look forward when all I see is darkness,Normal
Just surviving the day feels like an accomplishment,Normal
My brain feels like a broken record stuck on repeat,Normal
My inner child is currently hiding under the covers,Normal
My inner critic is having a field day thanks stress,Normal
No one sees the battle I fight in my mind every day,Normal
Overflowing happiness welcoming a new family member,Normal
Pretty sure my stress level is a national emergency,Normal
Stress has become my shadowit follows me everywhere,Normal
The chaos inside is louder than the silence outside,Normal
The pressure to be okay all the time is suffocating,Normal
The smallest tasks feel like mountains I cant climb,Normal
Trying to balance it all but something always slips,Normal
Trying to outrun my stress but it always catches up,Normal
El secreto de la felicidad en disfrutar el presente,Normal
Las mejores historias empiezan con una gran sonrisa,Normal
Que la vida nos sorprenda con momentos de felicidad,Normal
No busques razones para ser feliz simplemente feliz,Normal
La mejor forma de vivir es con una actitud positiva,Normal
No busques la felicidad en el futuro en el presente,Normal
La felicidad no es un destino es una forma de vivir,Normal
No busques la felicidad en el exterior dentro de ti,Normal
Momentos de tristeza pero buscando instantes de paz,Normal
A veces el silencio es una pausa otras una ausencia,Normal
Recordando que la calma es un proceso no un destino,Normal
Entre el pasado y el futuro encontrando el presente,Normal
A veces el silencio es un refugio otras una llamada,Normal
Recordando que incluso los grises tienen su belleza,Normal
Quisiera sentirme como antes cuando todo era ligero,Normal
Aprendiendo a encontrar en las cosas que nos rodean,Normal
Dejo que la esperanza sea un faro guiando mis pasos,Normal
Me duele saber que me estoy alejando de lo que amar,Normal
La tristeza es una sombra pero busco la luz del sol,Normal
Me esfuerzo por ser fuerte pero a veces me derrumbo,Normal
Me esfuerzo en seguir adelante pero me pesa el alma,Normal
Todo lo que antes me daba ahora me deja indiferente,Normal
Me siento como un rompecabezas con piezas faltantes,Normal
No quiero preocupar a nadie pero no si puedo seguir,Normal
Intentando encontrar la fuerza en la vulnerabilidad,Normal
Me siento atrapado entre la nostalgia y la ansiedad,Normal
Intentando encontrar la belleza en los detalles del,Normal
A veces quiero desaparecer y ver si alguien lo nota,Normal
La vida se siente un poco borrosa buscando claridad,Normal
Me siento como si estuviera en una niebla constante,Normal
A veces siento que estoy desapareciendo poco a poco,Normal
Disfrutando de la calma del a sin prisas ni agobios,Normal
Disfrutando de la serenidad que me rodea sin prisas,Normal
satisfecho y pleno con lo que tengo y con quien soy,Normal
Un tranquilo y reflexivo lleno de momentos de y paz,Normal
Un relajado y divertido lleno de momentos de risa y,Normal
Disfrutando de la libertad de ser en mis relaciones,Normal
Disfruto de la de las conversaciones significativas,Normal
La claridad mental me permite apreciar cada detalle,Normal
Estoy cansado de estar atrapado en mis pensamientos,Normal
Hoy el dolor es insoportable pero tal vez diferente,Normal
La oscuridad me rodea pero busco una estrella fugaz,Normal
La vida es un eco que resuena en mi soledad sin fin,Normal
Me siento atrapado en un cuerpo que ya no reconozco,Normal
Me siento como si estuviera en una jaula sin salida,Normal
Me siento como si estuviera en una tormenta sin fin,Normal
Mi mente es un laberinto oscuro sin salida a la luz,Normal
Necesito encontrar la fuerza para seguir respirando,Normal
Siento que me estoy ahogando y no puedo pedir ayuda,Normal
Siento que mi alma atrapada en un laberinto sin luz,Normal
La mental agota mis relaciones necesito encontrar y,Normal
Todo parece ir demasiado y no puedo seguir el ritmo,Normal
Sigo sonriendo pero por dentro me estoy derrumbando,Normal
Me siento como si estuviera cargando demasiado peso,Normal
Estoy cansado de esta de no tener suficiente tiempo,Normal
Todo lo que necesito es un respiro pero nunca llega,Normal
Estoy en una constante lucha contra mi propia mente,Normal
Mi mente no se detiene incluso cuando estoy agotado,Normal
Estoy buscando un poco de paz en medio de este caos,Normal
Estoy cansado de estar siempre al borde del colapso,Normal
Me esfuerzo demasiado y siento que no es suficiente,Normal
Quisiera poder desconectarme de todo por un momento,Normal
Estoy abrumado por responsabilidades y expectativas,Normal
Mi mente nunca se detiene ni siquiera cuando duermo,Normal
Conectado con mis valores viviendo con autenticidad,Normal
agradecido por las oportunidades y los aprendizajes,Normal
Conectado con mi creatividad sin sentirme bloqueado,Normal
Un altro giorno che inizia senza grandi aspettative,Normal
La gratitudine trasforma che abbiamo in sufficienza,Normal
Ogni passo conta nel cammino verso i miei obiettivi,Normal
La vita un mosaico di esperienze che mi definiscono,Normal
Ogni passo che faccio mi avvicina ai miei obiettivi,Normal
La vita un viaggio che si vive un giorno alla volta,Normal
Le cose migliori accadono quando meno te lo aspetti,Normal
Momenti di mindfulness pensieri positivi e presenti,Normal
Momenti di pensieri limpidi come lacqua di sorgente,Normal
Un attimo di pace un pensiero di dolcezza interiore,Normal
Sentirsi grati come un albero che ringrazia il sole,Normal
Gli amici trasformano i giorni normali in avventure,Normal
Oggi mi sento leggero come una piuma pieno di gioia,Normal
Un sorriso che illumina il volto la gioia nel cuore,Normal
Ogni giorno ha il potenziale per essere il migliore,Normal
Ringrazio per la gioia che trovo nelle piccole cose,Normal
Unaltra giornata frenetica non ho un attimo di pace,Normal
Unaltra scadenza da rispettare la pressione aumenta,Normal
La pressione insostenibile non vedo una via duscita,Normal
Mi sento come se stessi per ammalarmi per lo stress,Normal
Non riesco a gestire le mie aspettative sono deluso,Normal
Non riesco a gestire le mie paure sono terrorizzato,Normal
Non riesco a gestire la mia tristezza sono depresso,Normal
A volte mi sento come se stessi correndo in cerchio,Normal
La vita un caos e io cerco di trovare un po di pace,Normal
Unangoscia che nasce dalla paura di essere traditoa,Normal
Unansia che nasce dalla paura di non avere risposte,Normal
Unansia che nasce dalla paura di rimanere bloccatoa,Normal
La sensazione di essere bombardatoa da informazioni,Normal
Unangoscia che nasce dalla mancanza di comprensione,Normal
Unansia che nasce dalla paura di non ritrovarsi mai,Normal
La sensazione di essere uneco lontana di chi si era,Normal
Mi sento come una foglia secca trascinata dal vento,Normal
Il sole della mia calma oscurato da nuvole di ansia,Normal
Sento leco di una promessa infranta che mi persegue,Normal
La mia mente un deserto di silenzio senza orizzonte,Normal
Sento il peso di un silenzio denso che mi schiaccia,Normal
Sento il rumore di un vuoto eterno che mi inghiotte,Normal
Sento il rumore di unassenza che mi isola dal mondo,Normal
Sento leco di una voce che non riesco a riconoscere,Normal
Il mio riposo un miraggio in un deserto di pensieri,Normal
Sento il peso dellinvisibile che mi schiaccia senza,Normal
La mia una goccia di pioggia in un oceano di dolore,Normal
La mia un albero senza radici che oscilla nel vento,Normal
La mia gioia un fiore appassito in un vaso di spine,Normal
La mia un fiume prosciugato dove la vita non scorre,Normal
A volte la tristezza sembra prendere il sopravvento,Normal
Cerco un luogo dove sentirmi a casa ma non lo trovo,Normal
I giorni sono come un susseguirsi di ombre sbiadite,Normal
Il silenzio uneco di rimpianti un lamento interiore,Normal
La sensazione di essere uneco di unemozione svanita,Normal
La tristezza difficile da ignorare in questi giorni,Normal
Le cose che mi rendevano felice ora non hanno senso,Normal
Mi sento come se fossi unanima in agonia senza fine,Normal
Mi sento come se fossi unanima in fuga da me stesso,Normal
Mi sento come se fossi unanima in pena senza riposo,Normal
Mi sento come se fossi unanima persa senza una meta,Normal
Mi sento come se non fossi abbastanza per gli altri,Normal
Mi sento come se stessi perdendo pezzi di me stesso,Normal
Mi sento perso in una routine che non mi appartiene,Normal
Non trovo la motivazione per credere nella speranza,Normal
Oggi una di quelle giornate in cui niente va giusto,Normal
Ogni respiro una fatica non so continuare a lottare,Normal
Ogni giorno una battaglia che non voglio combattere,Normal
La mia mente una prigione da cui non posso scappare,Normal
Sento il cuore martellarmi nel petto la fine vicina,Normal
Non ce la faccio sono al limite della sopportazione,Normal
Sento di essere uneco di unesistenza senza speranza,Normal
Perso nella camera delleco delle mie preoccupazioni,Normal
Il mio cervello sta funzionando a vapori e caffeina,Normal
Attualmente esisto in uno stato di caos controllato,Normal
Quando il peso del mondo sembra uno zaino personale,Normal
Il mio cervello un browser con troppe schede aperte,Normal
Non trovo la mia voce in questo silenzio assordante,Normal
Uneco di un sogno che diventato un ricordo doloroso,Normal
Il mondo unimmagine sbiadita priva di vita e colore,Normal
Non trovo la luce che mi guida sono persoa nel buio,Normal
Admiring the beauty of nature during a peaceful hike,Normal
Compassion towards those in need during the holidays,Normal
Excitement building up for a surprise birthday party,Normal
Feeling like everything is just right in this moment,Normal
Happiness is a warm cup of coffee on a sunny morning,Normal
Happiness is the best revenge but kindness is better,Normal
Just trying to get through the day without losing it,Normal
Living in a state of joy no matter what comes my way,Normal
My heart is overflowing with happiness and gratitude,Normal
Soaking in the happy glow of these beautiful moments,Normal
Surround yourself with people who feel like sunshine,Normal
The happiest moments in life are the unexpected ones,Normal
The todo list keeps growing but time keeps shrinking,Normal
Echoes of sadness linger in the corridors of my mind,Normal
Feeling a bit passive and just letting things happen,Normal
Feeling like Im living in a muted version of reality,Normal
Feeling like Im walking through a neverending tunnel,Normal
Finding solace in the quiet companionship of animals,Normal
Is it okay to just need some space to process things,Normal
Just cant seem to find any real peace of mind lately,Normal
Just cant seem to shake this underlying blah feeling,Normal
Just trying to find my way back to feeling connected,Normal
My energy levels are at an alltime low Send caffeine,Normal
Navigating with a resilient and understanding spirit,Normal
Searching for a glimmer of hope to hold onto tightly,Normal
Searching for a guiding hand to help me through this,Normal
Still believing in the enduring power of inner peace,Normal
Still looking for the silver linings in the everyday,Normal
The simplest decisions feel overwhelmingly difficult,Normal
Cant tell if Im pushing through or barely holding on,Normal
Feeling bitter about the unfairness in the workplace,Normal
Feeling like a machine thats overdue for maintenance,Normal
Finding happiness in the predictable moments of life,Normal
Functioning on autopilot but the fuel is almost gone,Normal
I dont know if Im stressed or just permanently tense,Normal
Intimidation by the challenges ahead fear takes hold,Normal
Just waiting for the moment when I can finally relax,Normal
Life is moving too fast and Im struggling to keep up,Normal
Lifes a whirlwind and Im struggling to stay grounded,Normal
Not waiting for the next big thing just enjoying now,Normal
On the verge of either a breakdown or a breakthrough,Normal
Searching for meaning in a world that moves too fast,Normal
The euphoria of a live music concert under the stars,Normal
The hardest battles are the ones no one else can see,Normal
The rhythm of routine can be its own kind of comfort,Normal
Trying to be productive but my brain has other plans,Normal
Battling the constant onslaught of negative selftalk,Normal
Drowning in despair hope slipping through my fingers,Normal
Everything feels like a lead weight dragging me down,Normal
Feeling profoundly disconnected from everyone I know,Normal
If I had a choice Id choose to disappear for a while,Normal
Just going through the motions hoping no one notices,Normal
Just wanting the relentless ache in my heart to stop,Normal
Just wanting the relentless ache in my soul to cease,Normal
Like Im watching the world through a foggedup window,Normal
Longing for something to pull me back into the light,Normal
My heart beats but it doesnt really feel like living,Normal
My mind is a tangled web of negativity and selfdoubt,Normal
Navigating through the challenges with determination,Normal
The light within me has been completely extinguished,Normal
The quiet is a constant reminder of my inner turmoil,Normal
The victory of our team brought euphoria to the city,Normal
The weight of what ifs crushes me more than the past,Normal
The weight of my thoughts is slowly pulling me under,Normal
The world feels like a hostile and unwelcoming place,Normal
Trying to keep the fragile pieces of myself together,Normal
Bitter experience at the customer service department,Normal
Every morning feels like a fight I didnt sign up for,Normal
Everything feels overwhelming even the things I love,Normal
Everything feels urgent yet I have no energy to move,Normal
Feeling like a machine that never gets to power down,Normal
Feeling like Im being pulled in a million directions,Normal
I just need a break that actually feels like a break,Normal
Its like Im trapped in a neverending cycle of stress,Normal
Juggling responsibilities and dropping all the balls,Normal
Just navigating the obstacle course of my daily life,Normal
Just trying to navigate this period of high pressure,Normal
Laughter is the best medicine enjoying a comedy show,Normal
Living in a constant state of just get through today,Normal
My brain keeps making lists of things I forgot to do,Normal
No one sees how much effort it takes to just be here,Normal
Pain isnt just a feeling sometimes its a way of life,Normal
Pretty sure my stress has its own gravitational pull,Normal
Pretty sure my stress level could power a small city,Normal
Some days I just want to turn off the world and rest,Normal
Some nights I wonder if morning is worth waiting for,Normal
The smallest mistakes feel like the end of the world,Normal
The weight of expectations is heavier than I thought,Normal
The weight of my emotions is physically debilitating,Normal
Torn between doing what I have to and what I want to,Normal
Trying to be present but my mind is always elsewhere,Normal
Too much on my plate and not enough hours in the day,Normal
Las sonrisas son el idioma universal de la felicidad,Normal
No esperes el momento perfecto hazlo perfecto con tu,Normal
Brillando con luz propia porque la vida es un regalo,Normal
Nada como un buen y una gran sonrisa para empezar el,Normal
Hoy decido ser feliz sin importar las circunstancias,Normal
Me siento como si estuviera atrapado en una tormenta,Normal
Me esfuerzo por encontrar belleza en la vida pero es,Normal
Entre la rutina y la sorpresa buscando un equilibrio,Normal
Recordando que la resiliencia se construye con pasos,Normal
Recordando que la calma siempre llega de la tormenta,Normal
Intentando encontrar la en el ruido constante de los,Normal
Aprendiendo a navegar las olas de la con paciencia y,Normal
Me siento atrapado en una rutina que no puedo romper,Normal
Quiero hablar pero las palabras no encuentran salida,Normal
A veces solo quiero estar solo sin dar explicaciones,Happy
A veces el silencio es reconfortante otras agobiante,Happy
La esperanza es un susurro pero intento amplificarlo,Happy
Intentando encontrar la calma en la tormenta interna,Happy
Buscando momentos de humana que me hagan sentir vivo,Happy
de buscando la claridad en mis pensamientos confusos,Happy
Estoy en una llena de gente pero me siento invisible,Happy
La tristeza es una sombra pasajera pero busco el sol,Happy
Buscando la paz en los momentos de quietud y soledad,Happy
La esperanza es un susurro intentando escucharlo con,Happy
Un normal lleno de momentos de felicidad encontrando,Happy
Disfrutando de la y la con apertura y escucha activa,Happy
Siento la que viene de la con mi vital y mi al mundo,Happy
Disfruto de la paz que encuentro en la soledad en la,Happy
Agradezco la paz que encuentro en la con lo esencial,Happy
El dolor es un fuego pero quiero aprender a apagarlo,Happy
La esperanza es un hilo delgado que apenas puedo ver,Happy
La esperanza es un que se ha convertido en pesadilla,Happy
La vida es un libro sin final feliz solo de tristeza,Happy
Las palabras son pesadas como piedras en mi garganta,Happy
Me siento como si estuviera en el fondo del sin aire,Happy
Mi mente es un campo de batalla y necesito un aliado,Happy
Siento que mi alma cubierta de cicatrices invisibles,Happy
Siento que mi se ha convertido en un desierto helado,Happy
La vida se ha convertido en una sombra de lo que era,Happy
Me siento como si estuviera perdiendo la fe en mismo,Happy
Busco un momento de silencio mental para escuchar mi,Happy
La ansiedad me bloquea mentalmente necesito claridad,Happy
La ansiedad me paraliza mentalmente necesito avanzar,Happy
Ansiedad bloquea mental relaciones necesito claridad,Happy
No quiero decepcionar a nadie pero me estoy agotando,Happy
Siento que llevo un peso invisible sobre mis hombros,Happy
Necesito aprender a soltar lo que no puedo controlar,Happy
Estoy intentando mantenerme a flote pero cada vez es,Happy
Estoy intentando encontrar paz en medio de este caos,Happy
Necesito un descanso pero siento que no tengo tiempo,Happy
Quiero apagar mi mente por un momento y solo existir,Happy
Estoy en un punto en el que cualquier cosa me abruma,Happy
Solo quiero descansar sin sentirme culpable por ello,Happy
Conectado con el presente sin preocupaciones futuras,Happy
Estoy desesperado por un momento de silencio y calma,Happy
La routine essere bella se la guardi con occhi nuovi,Happy
La vita un viaggio e ogni giorno una nuova avventura,Happy
La bellezza della vita nelle piccole cose quotidiane,Happy
Ogni passo che faccio un passo verso la mia crescita,Happy
La vita unopera darte che si crea giorno dopo giorno,Happy
Sentirsi radicati nel presente in pace con se stessi,Happy
La gioia nei dettagli la calma nel cuore e nellanima,Happy
Sentirsi leggeri pronti a spiccare il volo con gioia,Happy
Sentirsi in pace pronti a nuove avventure e scoperte,Happy
Apprezzando ogni momento ogni respiro e ogni sorriso,Happy
Un attimo di pace un pensiero di amore e gratitudine,Happy
Momenti di pensieri leggeri come il soffio del vento,Happy
Sentirsi presenti in armonia con che in ogni istante,Happy
Il miglior amico quello che resta quando tutti vanno,Happy
La gioia di condividere momenti speciali con chi amo,Happy
Sento la gioia come una bolla di sapone che vola via,Happy
La vita troppo frenetica non riesco a stare al passo,Happy
Non riesco a godermi la vita sono sempre preoccupato,Happy
Vorrei che tutto finisse ma non vedo una via duscita,Happy
La pressione di dover essere perfetto insopportabile,Happy
Non riesco a gestire la mia apatia sono indifferente,Happy
La pressione di dover essere qualcuno insopportabile,Happy
La pressione mi fa sentire come se stessi affondando,Happy
La mia mente un campo di battaglia e io sono esausto,Happy
La pressione mi fa sentire come se fossi in trappola,Happy
A volte mi sento come se stessi vivendo in un incubo,Happy
La tensione che si manifesta con problemi di stomaco,Happy
La sensazione di essere in un labirinto senza uscita,Happy
La sensazione di non avere abbastanza ore nel giorno,Happy
La sensazione di essere in una corsa contro il tempo,Happy
La a trovare un momento di connessione con se stessi,Happy
Unoppressione che nasce dalla mancanza di attenzione,Happy
Unansia che nasce dalla paura di essere dimenticatoa,Happy
La sensazione di essere unombra di quello che si era,Happy
Sento il peso dellinvisibile un fardello senza forma,Happy
Sento il rumore di unassenza che riempie ogni spazio,Happy
Le parole sono foglie secche che cadono senza rumore,Happy
Sento il peso di un silenzio che mi rende invisibile,Happy
La mia calma uneco di una che non riesco a ritrovare,Happy
La mia anima un puzzle incompleto con pezzi mancanti,Happy
Il silenzio una prigione con muri di pensieri oscuri,Happy
La mia unombra che si allontana nel buio della notte,Happy
Cerco un rifugio ma non lo trovo un nomade dellanima,Happy
Il mondo un palcoscenico vuoto senza attori pubblico,Happy
La speranza un filo sottile che si spezza facilmente,Happy
La vita una melodia stonata che non riesco a seguire,Happy
La vita mi sembra unagonia senza fine senza sollievo,Happy
Le emozioni sono come foglie morte senza vita colore,Happy
Mi sento come se fossi un fiore appassito senza vita,Happy
Mi sento intrappolato nella mia mente non trovo pace,Happy
Non riesco a concentrarmi su niente la mente confusa,Happy
Non riesco a trovare la forza di perdonare gli altri,Happy
Non riesco a trovare la forza di perdonare me stesso,Happy
Non trovo la motivazione per perseguire i miei sogni,Happy
Ogni giorno sembra un copia e incolla del precedente,Happy
Unaltra giornata passata senza riuscire a fare nulla,Happy
La tristezza un abbraccio che non riesco a scacciare,Happy
Sento di essere in un vicolo cieco senza via duscita,Happy
Sento limpulso di distruggere tutto anche me stessoa,Happy
La mia anima un deserto di solitudine e disperazione,Happy
Il mondo un luogo in cui non appartengo un estraneoa,Happy
Sento di essere in un vicolo cieco senza via di fuga,Happy
Cerco linterruttore di spegnimento ma sembra sparito,Happy
Trovo nuovi e creativi modi per tenere tutto insieme,Happy
Uneco di un sogno che diventato un incubo senza fine,Happy
Unassenza di speranza che mi avvolge come un sudario,Happy
Uneco di unanima che si isola nel silenzio nel vuoto,Happy
Compassion in action supporting a local charity event,Happy
Feeling so much gratitude and pure happiness for this,Happy
Feeling so much love and pure unadulterated happiness,Happy
Gratitude for the support received during tough times,Happy
Happiness is the best feeling in the whole wide world,Happy
Just a little dose of happy to brighten your timeline,Happy
Making today a happy chapter in my lifes amazing book,Happy
Surrounding myself with people who bring me happiness,Happy
The secret to happiness is enjoying the little things,Happy
Can anyone else feel this constant underlying sadness,Happy
Everything feels a bit muted and lacking in intensity,Happy
Feeling a heavy weight on my shoulders that wont lift,Happy
Feeling a persistent low mood thats hard to shake off,Happy
Feeling like Im navigating a storm within my own soul,Happy
Finding beauty in the quiet resilience of wildflowers,Happy
Finding beauty in the quiet solitude of nature trails,Happy
Finding beauty in the quiet strength of ancient trees,Happy
Finding beauty in the quiet strength of the mountains,Happy
Finding strength in the unwavering support of friends,Happy
Just cant seem to feel fully present in what Im doing,Happy
Just riding the gentler waves of emotion as they come,Happy
Lost in thought searching for a light in the darkness,Happy
Optimism for a bright future amidst challenging times,Happy
Reverence for the wonders of nature on a hiking trail,Happy
The art of navigating social situations while hurting,Happy
The constant battle against feelings of worthlessness,Happy
A regular day with no surprisessometimes thats a gift,Happy
Carrying stress like its an accessory I cant take off,Happy
Enjoying the little moments that make up a simple day,Happy
Feeling happy and content with this feeling right now,Happy
Feeling like an exhausted iPhone at 1 with no charger,Happy
Feeling the weight of a million things I cant control,Happy
I feel like Im running a marathon with no finish line,Happy
I feel like Im running in circles and getting nowhere,Happy
Its not procrastination if I physically cant function,Happy
Just a day like any other moving through it with ease,Happy
Just another day to be grateful for the simple things,Happy
Just appreciating the beauty that surrounds me always,Happy
Sometimes I miss who I was before the world got to me,Happy
Spinning too many plates and theyre all about to fall,Happy
The chaos in my mind is louder than the world outside,Happy
Trying to be positive but life is making it difficult,Happy
Trying to stay positive but the stress is creeping in,Happy
When youre too exhausted to sleep that kind of stress,Happy
Drowning in sorrow as memories of lost love resurface,Happy
Every morning feels like starting over with no energy,Happy
Feeling like Im disappearing bit by bit into the void,Happy
Feeling profoundly alienated from the world around me,Happy
Feeling utterly numb and disconnected from everything,Happy
Feeling utterly overwhelmed by everything and nothing,Happy
Happiness feels like a foreign language Ive forgotten,Happy
Just want the suffering to end in whatever way it can,Happy
Longing for something to pull me out of this darkness,Happy
No will to do anything even the things I used to love,Happy
The worlds vibrancy only highlights my own lack of it,Happy
Time moves with agonizing slowness when youre in pain,Happy
Whimsical delight in a world of whimsical fairy tales,Happy
Currently powered by the dream of a stressfree future,Happy
Currently running on caffeine and sheer force of will,Happy
Even when Im doing my best it never feels like enough,Happy
Feeling guilty for taking a break even when I need it,Happy
Feeling like Im carrying a weight no one else can see,Happy
Helplessness engulfs me drowning in a sea of problems,Happy
Hopeful about the prospects of a new business venture,Happy
I dont even have the energy to be overwhelmed anymore,Happy
I dont know how to explain this feeling but its heavy,Happy
I just want to wake up and not feel stressed for once,Happy
I wish I could turn my thoughts off for just a moment,Happy
If overthinking was a sport Id be an Olympic champion,Happy
Just need a moment to breathe that doesnt feel rushed,Happy
Just trying to find a little bit of order in the mess,Happy
Living off caffeine and sheer willpower at this point,Happy
Lost in a cycle of stress exhaustion and overthinking,Happy
My inner organizer has officially thrown in the towel,Happy
My temper is shorter than my attention span right now,Happy
No matter how much I do the list keeps getting longer,Happy
Pretty sure my stress has started dictating my dreams,Happy
So many things are pulling me in different directions,Happy
Some days I feel like Im falling apart in slow motion,Happy
Stress is the one thing I can count on to never leave,Happy
The harder I try to keep up the further behind I feel,Happy
The thought of slowing down stresses me out even more,Happy
The world feels alien like I dont belong here anymore,Happy
Theres a storm inside my head and I cant calm it down,Happy
Trying to stay afloat in an ocean of responsibilities,Happy
Wishing I could borrow someone elses calm for a while,Happy
No esperes a que la felicidad llegue Âsal a buscarla,Happy
Que la felicidad sea tu bandera en este viaje de vida,Happy
No hay mejor plan que disfrutar de la vida sin prisas,Happy
La risa es la mejor respuesta ante cualquier problema,Happy
No dejes que lo negativo opaque lo hermoso de la vida,Happy
Dejando que la calma me envuelva como una manta suave,Happy
Me esfuerzo por ser fuerte pero me quiebro por dentro,Happy
Me esfuerzo por ser quien ser pero ya no lo reconozco,Happy
Mi mente me dice que no valgo aunque que no es cierto,Happy
La vida sigue pero yo me siento detenido en el tiempo,Happy
Quisiera descansar de todo aunque sea por un instante,Happy
Dejando que la calma me envuelva como un abrazo suave,Happy
Buscando la paz en los momentos de silencio y soledad,Happy
Busco la paz en el silencio en la quietud de la mente,Happy
Me esfuerzo por ser positivo pero no siempre funciona,Happy
Me esfuerzo por ser positivo pero no siempre lo logro,Happy
A veces solo quiero estar solo y no dar explicaciones,Happy
Me esfuerzo por seguir adelante pero cada paso cuesta,Happy
Intentando encontrarle sentido a los lentos y pesados,Happy
Buscando momentos de en el para recordar la felicidad,Happy
A veces todo lo que quiero es desaparecer por un rato,Happy
sereno sin preocupaciones excesivas encontrando calma,Happy
Conectado con mi y viviendo con sentido y significado,Happy
La rutina se siente como un refugio llena de placeres,Happy
Siento la paz que viene de aceptar las cosas como son,Happy
Mi mente enfocada sintiendo claridad en mis objetivos,Happy
Disfrutando de la libertad de ser creativo y original,Happy
Encuentro la belleza en la diversidad de experiencias,Happy
Disfrutando de la libertad de ser agradecido por cada,Happy
Siento la paz que viene de cultivar la paciencia y la,Happy
Siento la paz que viene de cultivar la y la hacia los,Happy
Encuentro belleza en la en la autenticidad de la vida,Happy
Sin grandes expectativas solo disfrutando el presente,Happy
Estoy cansado de dar explicaciones que nadie entiende,Happy
Estoy cansado de vivir en un mundo que no me entiende,Happy
La oscuridad me asusta pero busco la para enfrentarla,Happy
La tristeza es mi sombra pero quiero encontrar la luz,Happy
La tristeza es profunda pero la esperanza es profunda,Happy
Me miro al espejo y no reconozco a la persona que veo,Happy
No hay nada en este mundo que me haga sentir completo,Happy
No tengo fuerzas para seguir fingiendo que estoy bien,Happy
Siento que me estoy hundiendo pero busco una tabla de,Happy
Siento que me estoy perdiendo pero quiero encontrarme,Happy
Siento que mi se ha convertido en una piedra e inerte,Happy
La de estar atrapado en un del que no puedo despertar,Happy
Me siento como si estuviera atrapado en una pesadilla,Happy
La mental me agobia sentimentalmente necesito aliento,Happy
Siento vuelvo loco mental relaciones necesito cordura,Happy
Busco silencio mental escuchar voz interna relaciones,Happy
La mente es una orquesta desafinada de preocupaciones,Happy
Busco un descanso reparador para revitalizar mi mente,Happy
La mente es un campo minado de pensamientos negativos,Happy
Me siento sobrepasado por todo lo que tengo que hacer,Happy
La es tanta que me cuesta incluso pensar con claridad,Happy
Siento que no puedo seguir adelante con este nivel de,Happy
Estoy luchando por encontrar un equilibrio en mi vida,Happy
Me cuesta disfrutar el presente con tanto en mi mente,Happy
Estoy tratando de respirar profundo y seguir adelante,Happy
Estoy agotado pero sigo adelante porque no tengo otra,Happy
No quiero decepcionar a nadie pero me estoy rompiendo,Happy
Me estoy exigiendo demasiado y lo pero no puedo parar,Happy
Estoy tan agotado mentalmente que mi cuerpo lo siente,Happy
Estoy luchando por mantener la calma pero es agotador,Happy
Siento que me estoy perdiendo en el caos necesito una,Happy
Ogni giorno un regalo che merita di essere apprezzato,Happy
La vita un mosaico di esperienze che mi arricchiscono,Happy
Ogni passo un passo verso la mia evoluzione personale,Happy
Vivere il momento presente con calma e consapevolezza,Happy
La bellezza del momento presente la calma della mente,Happy
La vita un regalo da scartare con calma e gratitudine,Happy
Un ringraziamento sincero un sorriso di apprezzamento,Happy
Sentirsi grati come un fiore che ringrazia la pioggia,Happy
Sentirsi presenti come un albero radicato nella terra,Happy
Un respiro di gratitudine un sorriso di gioia sincera,Happy
Ridendo con gli amici creando ricordi indimenticabili,Happy
Sii felice la vita troppo breve per essere altrimenti,Happy
La un profumo che si sprigiona quando viene condiviso,Happy
La unesperienza che mi rende consapevole del presente,Happy
Non riesco a gestire le mie emozioni sono sopraffatto,Happy
Unoppressione che nasce dalle aspettative degli altri,Happy
Unansia che nasce dalla paura di perdere il controllo,Happy
Unangoscia che nasce dalla mancanza di concentrazione,Happy
Unansia che nasce dalla paura di non trovare un senso,Happy
Le radici della mia sono state scosse da una tempesta,Happy
Il vento dei pensieri mi trascina via senza controllo,Happy
La mia calma un sussurro lontano quasi impercettibile,Happy
Sento il rumore di un vuoto che si espande senza fine,Happy
I miei pensieri sono ombre che si aggirano senza pace,Happy
Il mio coraggio una candela che lotta contro il vento,Happy
La mia calma uneco di un ricordo lontano che svanisce,Happy
La mia una goccia di pioggia in un oceano di tempesta,Happy
La mia armonia una melodia distorta che suona stonata,Happy
La mia mente un bosco intricato senza sentieri chiari,Happy
Sento leco di domande che non troveranno mai risposta,Happy
La mia un vaso fragile che si frantuma al minimo urto,Happy
La mia un fiume in secca che non scorre verso la luce,Happy
Cerco un orizzonte ma i miei occhi vedono solo nebbia,Happy
I giorni sono come pagine vuote senza parole emozioni,Happy
La sensazione di essere uneco di un sogno dimenticato,Happy
La sensazione di essere uneco di unesistenza in pausa,Happy
La speranza un filo derba che si piega sotto il vento,Happy
La vita un puzzle senza pezzi un enigma irrisolvibile,Happy
Mi manca lenergia per fare qualcosa mi sento svuotato,Happy
Mi sento come se fossi unanima in esilio senza patria,Happy
Mi sento come se fossi unanima in fuga senza una meta,Happy
Mi sento perso ma sto cercando di ritrovare me stesso,Happy
Non riesco a sentire niente sono solo un guscio vuoto,Happy
Non riesco a trovare la forza di credere in me stesso,Happy
Non trovo la speranza nel futuro tutto mi sembra buio,Happy
Un desiderio di qualcosa di diverso senza sapere cosa,Happy
Vorrei solo dormire per sempre per non sentire niente,Happy
Cerco di sciogliere un nodo che sembra non avere fine,Happy
Gli ingranaggi stridono e il motore sta per bloccarsi,Happy
Vivo in uno stato costante di quasi ma non arrivo mai,Happy
Cerco di trovare il mio centro ma continua a muoversi,Happy
Attualmente operativo su una frequenza non disturbare,Happy
Uneco di un sogno che si trasformato in cenere fredda,Happy
La un sipario che si chiude lentamente senza applausi,Happy
Non sento il calore del sole solo il freddo interiore,Happy
Non trovo il sentiero che porta a casa mi sono persoa,Happy
Unassenza di legami come se fossi unombra senza corpo,Happy
Anticipating a thrilling adventure in the coming weeks,Happy
Feeling utterly blessed and completely filled with joy,Happy
Feeling utterly blessed and completely happy right now,Happy
Feeling utterly blessed and incredibly overjoyed today,Happy
Feeling utterly blessed and overflowing with happiness,Happy
Just embracing the beautiful and happy journey of life,Happy
Laughing at the little things because they matter most,Happy
Lets turn ordinary moments into extraordinary memories,Happy
Living proof that small joys create the biggest smiles,Happy
Pride in accomplishing personal and professional goals,Happy
Some days are just meant for cozy corners and warm tea,Happy
Some days are just pure magic and today is one of them,Happy
Stressed to the point where I cant even think straight,Happy
Surround yourself with positivity and see what happens,Happy
Can anyone else feel this overwhelming sense of apathy,Happy
Can anyone else feel this profound sense of detachment,Happy
Everything feels a little more overwhelming than usual,Happy
Feeling a deep weariness that sleep doesnt seem to fix,Happy
Feeling like Im navigating a ship through a stormy sea,Happy
Finding peace in the quiet solitude of my own thoughts,Happy
Finding solace in the gentle rhythm of the ocean waves,Happy
Holding onto the memories that bring a sense of warmth,Happy
Just cant seem to find the energy to pursue my hobbies,Happy
Just cant seem to shake this heavy feeling in my chest,Happy
Just trying to find a quiet corner to escape for a bit,Happy
Just trying to find my smile in the mirrors reflection,Happy
Loneliness is the only thing that truly understands me,Happy
Nothing beats the feeling of fresh air and an open sky,Happy
Searching for a moment of respite from my own thoughts,Happy
Silence has become more comfortable than conversations,Happy
Sometimes I wish I could disappear without explanation,Happy
The art of navigating conversations when youre hurting,Happy
The best moments are the ones that happen unexpectedly,Happy
The weight of feeling misunderstood by those around me,Happy
Trying to breathe but the weight keeps getting heavier,Happy
Trying to get through the day Coffee is my best friend,Happy
Breathing in breathing out letting life flow naturally,Happy
Embracing the beauty of nature a moment of contentment,Happy
Every email feels like a personal attack at this point,Happy
Frustration boils over a volcanic eruption of emotions,Happy
Just one day without feeling overwhelmed would be nice,Happy
Letting my thoughts race while my body refuses to move,Happy
Making today a day to be truly thankful for everything,Happy
Not every day is a movie some are just a still picture,Happy
Nothing brings joy no matter how hard I try to find it,Happy
Pushing through even when my mind is screaming to stop,Happy
So tired of feeling this way When will the weight lift,Happy
Staring at my todo list like it personally offended me,Happy
Waking up already exhausted  that cant be normal right,Happy
Another day just passed another day I didnt truly live,Happy
Even getting out of bed feels like climbing a mountain,Happy
Every day is a battle between pretending and giving up,Happy
Feeling utterly detached from my own life and emotions,Happy
I am tired of pretending everythings fine when its not,Happy
Im not searching for happiness just an absence of pain,Happy
The days blur together a monotonous cycle of emptiness,Happy
The state of the worlds environment is just disgusting,Happy
Wishing for a moment of genuine peace and quiet within,Happy
Currently powered by the desperate need for a vacation,Happy
Even on good days the stress lingers in the background,Happy
Every morning starts with exhaustion instead of energy,Happy
Everything feels urgent yet I feel too drained to move,Happy
I cant escape my own thoughts no matter how hard I try,Happy
I dont even know what Im worried aboutI just know I am,Happy
I wake up exhausted and the day hasnt even started yet,Happy
I wish I could hit reset on everything and start fresh,Happy
Im running on fumes and theres no gas station in sight,Happy
Its like my mind is a battlefield and Im always at war,Happy
Jealousy poisons my thoughts resentment brewing within,Happy
Kindness witnessed today restored my faith in humanity,Happy
My brain feels like a computer with too many tabs open,Happy
My mind is exhausted but my todo list wont let me rest,Happy
Nothing ever feels truly finished and thats exhausting,Happy
Overthinking every little thing until I exhaust myself,Happy
Pretending I have everything under control when I dont,Happy
Pretending to be fine because explaining is exhausting,Happy
Pretty sure my spirit animal is a tightly wound spring,Happy
Pretty sure my stress has its own frequent flyer miles,Happy
Sending love to all my followers on this beautiful day,Happy
Smiling through the storm but the thunder is deafening,Happy
Some days I feel like a rubber band stretched too thin,Happy
Some nights I cant even remember what peace feels like,Happy
The stress keeps coming and I dont know how to stop it,Happy
The weight of the world feels like its on my shoulders,Happy
Tired of explaining why Im stressedjust know that I am,Happy
Tired of feeling like I have to be strong all the time,Happy
Too much on my mind and too little energy to handle it,Happy
Trying to balance everything but Im about to fall over,Happy
Trying to hold it together but the cracks keep showing,Happy
Trying to keep it together but the glue is running out,Happy
When your mind is a tornado and your body is exhausted,Happy
No esperes el momento perfecto haz perfecto el momento,Happy
Los mejores son aquellos que te sacan una gran sonrisa,Happy
No necesitas razones para ser feliz solo decides serlo,Happy
La clave en disfrutar cada instante sin preocupaciones,Happy
Si tienes amor tienes todo lo necesario para ser feliz,Happy
La gratitud es la puerta a una vida llena de felicidad,Happy
La clave para una vida plena es encontrar en lo simple,Happy
Entre la realidad y los buscando un punto de encuentro,Happy
A veces solo quiero que alguien note que no estoy bien,Happy
Las noches son largas cuando los pensamientos no paran,Happy
La vida sigue pero siento que estoy perdiendo el ritmo,Happy
Recordando que la esperanza es una luz en la oscuridad,Happy
Dejo que la me aceptando lo que es lo que fue y lo que,Happy
A veces me siento como un espectador de mi propia vida,Happy
Quisiera disfrutar las cosas sin este peso en el pecho,Happy
Quiero encontrar algo que me haga sentir vivo de nuevo,Happy
Me pierdo en mis pensamientos y no encuentro la salida,Happy
Intentando encontrar la paz en el silencio de la noche,Happy
Buscando la en los recuerdos felices que me dan fuerza,Happy
Todo lo que antes me motivaba ahora se siente distante,Happy
Quiero encontrar algo que me haga sentir vivo otra vez,Happy
Me siento como si estuviera viendo mi vida desde lejos,Happy
No quiero preocupar a nadie pero tampoco quiero seguir,Happy
Me esfuerzo por encontrar sentido pero no lo encuentro,Happy
Me esfuerzo por encontrar razones para seguir adelante,Happy
Agradecido por la serenidad que encuentro en lo simple,Happy
libre y sin ataduras ni limitaciones que me restrinjan,Happy
Hoy no hubo fuegos artificiales pero tampoco tormentas,Happy
Algunas cosas no necesitan ser entendidas solo vividas,Happy
Mi mente enfocada en el crecimiento personal sintiendo,Happy
Disfrutando de la libertad de expresar mi autenticidad,Happy
Siento la paz que viene de cultivar la gratitud diaria,Happy
Mi mente enfocada en el crecimiento personal constante,Happy
Agradezco la calma que encuentro en la del autocuidado,Happy
Siento la libertad de ser yo mismo sin ni pretensiones,Happy
Agradezco la paz que encuentro en la con la naturaleza,Happy
Disfruto de la libertad de ser de vivir con integridad,Happy
El dolor es un monstruo pero quiero aprender a domarlo,Happy
La esperanza es una luz que se ha apagado para siempre,Happy
Las sonrisas son ajenas a mi rostro un idioma olvidado,Happy
Me siento como si estuviera desapareciendo poco a poco,Happy
Me siento como un prisionero dentro de mi propia mente,Happy
Mi alma es un lienzo en blanco sin colores para pintar,Happy
Mi mente es un torbellino de emociones contradictorias,Happy
Necesito encontrar un lugar seguro para mi alma herida,Happy
No quiero preocupar a nadie pero me estoy desmoronando,Happy
No seguir adelante pero que debo intentarlo aunque sea,Happy
Siento que mi alma atrapada en un laberinto sin salida,Happy
Siento que mi se ha convertido en un desierto de hielo,Happy
Siento que mi se ha convertido en una jaula de sombras,Happy
Siento que me vuelvo loco mentalmente necesito cordura,Happy
Busco un remanso de paz en medio de la tormenta mental,Happy
Siento que pierdo el rumbo necesito encontrar mi norte,Happy
Me siento sobrecargado con todo lo que tengo que hacer,Happy
Me encontrar un poco de tranquilidad en medio del caos,Happy
Me siento tan agotado que no tengo ganas de hacer nada,Happy
Me siento atrapado en una lista interminable de tareas,Happy
Me siento como si estuviera cargando el peso del mundo,Happy
Mis pensamientos no me dejan en paz ni un solo segundo,Happy
Quisiera poder disfrutar de algo sin sentirme culpable,Happy
Mi cabeza llena de pensamientos que no me dejan en paz,Happy
Estoy luchando por mantenerme firme pero es complicado,Happy
No si necesito dormir llorar o simplemente desaparecer,Happy
Un pensiero di gratitudine un sorriso di apprezzamento,Happy
La bellezza di un momento di calma un respiro di gioia,Happy
La vita unavventura serena da vivere con calma e gioia,Happy
Momenti di pace interiore pensieri limpidi come lacqua,Happy
Momenti di pura armonia pensieri positivi e bilanciati,Happy
La gioia un raggio di sole che illumina il mio cammino,Happy
La bellezza dei colori autunnali una sinfonia di gioia,Happy
Sento la gioia come un viaggio interiore verso la pace,Happy
Non riesco a trovare un momento di pace nella mia vita,Happy
La pressione mi fa sentire come se stessi per crollare,Happy
La a trovare un equilibrio tra lavoro e vita personale,Happy
Unoppressione che nasce dalla pressione delle scadenze,Happy
Unangoscia che nasce dalla paura di deludere gli altri,Happy
Unansia che nasce dalla paura di non essere allaltezza,Happy
Unansia che nasce dalla paura di non lasciare un segno,Happy
Unangoscia che nasce dalla paura di essere dimenticati,Happy
Unangoscia che nasce dalla sensazione di essere vuotoa,Happy
Le crepe nellanima si allargano un terremoto interiore,Happy
Il mio equilibrio una statua di sabbia pronta a cedere,Happy
La mia anima un giardino incolto pieno di spine e rovi,Happy
I miei pensieri sono sussurri che si perdono nel vuoto,Happy
Il silenzio un abisso che inghiotte ogni suono di pace,Happy
Sento il peso di un silenzio assordante che mi opprime,Happy
La mia gioia un fiore reciso che appassisce lentamente,Happy
La mia un vaso fragile che si frantuma al minimo tocco,Happy
Le onde delle ansie mi trascinano in senza di risalita,Happy
La mia pace un fiore appassito in un giardino di spine,Happy
La mia anima un dipinto sbiadito senza colori emozioni,Happy
La mia gioia un canto lontano che non riesco a sentire,Happy
La mia speranza una luce fioca in una notte senza fine,Happy
A volte la mente non si ferma mai e il corpo ne soffre,Happy
La sensazione di essere uneco di unesistenza senza eco,Happy
La voglia di sentire un fuoco che si spegne lentamente,Happy
Non trovo la speranza solo un senso di vuoto interiore,Happy
Spero che il tempo cambi le cose ma non ne sono sicuro,Happy
Unindifferenza che un grido silenzioso di disperazione,Happy
Unombra di apatia anche nella che mi ha sempre guidato,Happy
Non ho voglia di niente tutto mi sembra inutile e vano,Happy
Sento il mondo come unimmagine sbiadita senza contorni,Happy
Non riesco a trovare un motivo per continuare a vivere,Happy
Sento limpulso di farla finita di porre fine al dolore,Happy
Non riesco a trovare un barlume di speranza tutto buio,Happy
Sento di essere uneco di unesistenza senza significato,Happy
Sento di essere in un pozzo senza fondo senza speranza,Happy
Solo a cercare di ricordare come respirare normalmente,Happy
Non riconosco il mio riflesso nello specchio dellanima,Happy
La mia mente un labirinto di pensieri che mi soffocano,Happy
Non riconosco il mio riflesso in questo specchio opaco,Happy
Uneco di unanima che si allontana sempre verso lignoto,Happy
Non trovo la strada che porta alla ho perso la bussola,Happy
A smile can change everythingstarting with your own day,Happy
Amused by the antics of playful kittens during playtime,Happy
Arousal of excitement as I await a special announcement,Happy
Feeling like all is right with the world in this moment,Happy
Feeling like everything is falling into place perfectly,Happy
Feeling so much gratitude for this happiness in my life,Happy
Feeling so much gratitude for this incredible happiness,Happy
Savoring the little things because they matter the most,Happy
Shattered by betrayal trust crumbles like fragile glass,Happy
Soaking up the happy atmosphere of this wonderful place,Happy
Can anyone else feel this deep and persistent weariness,Happy
Can anyone else feel this overwhelming sense of fatigue,Happy
Can anyone else feel this persistent sense of emptiness,Happy
Everything feels a bit pointless and lacking in meaning,Happy
Everything feels like a bigger effort than it should be,Happy
Feeling a sense of inner conflict thats hard to resolve,Happy
Feeling a sense of inner unease that I cant quite place,Happy
Feeling like Im navigating a maze with no exit in sight,Happy
Finding solace in the quiet beauty of a single raindrop,Happy
Holding onto the vision of a healthier and happier self,Happy
Just feeling a little off today Hoping tomorrows better,Happy
Just trying to find a reason to get up and face the day,Happy
Just trying to keep myself busy so I dont have to think,Happy
Searching for a moment of calm amidst the inner turmoil,Happy
The weight of feeling like Im living someone elses life,Happy
A moment of shame for not speaking up against injustice,Happy
A normal day doesnt mean a bad dayit just means balance,Happy
Cheers to the good times and the even better ones ahead,Happy
Feeling like Im being pulled in 10 different directions,Happy
Finding peace and happiness in the small things of life,Happy
Harmony resonates as musicians play a symphony of unity,Happy
Holding it all together with caffeine and good lighting,Happy
Hoping the stress disappears if I ignore it long enough,Happy
I used to think stress was temporary Now Im not so sure,Happy
Its been a long day and tomorrow is looking even longer,Happy
Juggling life responsibilities and the urge to run away,Happy
Just trying to stay afloat in a sea of responsibilities,Happy
Not every moment needs to be sharedsome are just for me,Happy
One thing at a time but everything is happening at once,Happy
Some of the best moments happen when nothing is planned,Happy
The kind of day where you dont check the time too often,Happy
A moment of shame for not standing up against injustice,Happy
Anxiety grips my chest a relentless grip on my thoughts,Happy
Every day is a battle I dont have the strength to fight,Happy
Feeling a sense of fear after watching a thriller movie,Happy
Feeling like Im slowly disappearing into the background,Happy
Fulfillment in completing a challenging workout routine,Happy
Just wanting someone to truly understand my inner world,Happy
No will left to fight the overwhelming sense of sadness,Happy
Currently fluent in the language of sighs and eye rolls,Happy
Drowning in responsibilities and no one seems to notice,Happy
Every deep breath feels like a battle Im barely winning,Happy
Everything hurts even the things that used to bring joy,Happy
Feeling guilty for resting even though I know I need it,Happy
I keep telling myself Ill be fine but I dont believe it,Happy
I tell myself Im fine so often that I almost believe it,Happy
I want to pause the world for a second and just breathe,Happy
I wish I could hit the pause button on life for a while,Happy
Just trying to hold it together until things get better,Happy
Just trying to navigate this period of intense pressure,Happy
My brain is always in overdrive and I cant slow it down,Happy
My capacity to handle one more thing is officially zero,Happy
My stress is my unwanted shadow following me everywhere,Happy
Pretending Im fine so I dont have to explain why Im not,Happy
Pushing through exhaustion like its a personality trait,Happy
Reverence for the historical significance of a landmark,Happy
Sometimes I dont even know why I feel this wayI just do,Happy
Stuck between wanting to rest and needing to keep going,Happy
The mirror reflects a version of me I dont know anymore,Happy
The weight of expectations feels heavier than I thought,Happy
The weight of responsibility feels like its crushing me,Happy
Thrilled to witness the grandeur of a cultural festival,Happy
Una mujer moviendo una raqueta de tenis hacia la pelota,Happy
Una mujer golpeando una pelota de tenis con una raqueta,Happy
Un trozo de comida que parece pizza con varias verduras,Happy
No necesitas grandes cosas para ser feliz solo gratitud,Happy
A veces el silencio es una respuesta otras una pregunta,Happy
Recordando que la paciencia es una virtud en los lentos,Happy
Aprendiendo a encontrar paz en los momentos de silencio,Happy
Dejando que la esperanza florezca aunque sea lentamente,Happy
Recordando que la resiliencia se construye con actos de,Happy
Recordando que la paciencia es una fiel en los lentos y,Happy
Aprendo a encontrar la calma de la tormenta encontrando,Happy
No es que no me importe es que a veces no tengo fuerzas,Happy
Quisiera encontrar algo que encienda mi chispa de nuevo,Happy
Intentando encontrar la belleza en los momentos simples,Happy
Me siento como si estuviera atrapado en mi propia mente,Happy
Me siento como si estuviera viendo mi vida desde afuera,Happy
Intentando encontrar en las cosas reconociendo su valor,Happy
Conectado con mis emociones sin reprimirlas ni negarlas,Happy
Todo en orden y organizado sin ni caos que me perturben,Happy
Encuentro la belleza en la vulnerabilidad y la apertura,Happy
Encuentro la belleza en la autenticidad y la honestidad,Happy
Agradezco la claridad para vivir con resiliencia y amor,Happy
Sin presiones innecesarias solo disfrutando del momento,Happy
La es una palabra que ya no entiendo un idioma olvidado,Happy
La soledad es un abrazo que me envuelve en la oscuridad,Happy
La soledad me asfixia pero quiero encontrar aire fresco,Happy
La vida es un camino oscuro sin estrellas que mis pasos,Happy
Mi roto en mil pedazos pero quiero aprender a repararlo,Happy
Siento que mi alma atrapada en un invierno interminable,Happy
Busco un momento de paz mental para encontrar serenidad,Happy
Siento que me pierdo en el laberinto sentimental mental,Happy
Siento que la mente se desmorona necesito reconstruirla,Happy
Siento que me ahogo en un mar de pensamientos negativos,Happy
Busco un momento de soledad consciente para recargar mi,Happy
Estoy atrapado en una espiral de pensamientos negativos,Happy
No puedo dejar de pensar en todo lo que tengo que hacer,Happy
Me cuesta pedir ayuda porque no quiero molestar a nadie,Happy
Quisiera que alguien me dijera que todo va a estar bien,Happy
La vita un viaggio e io sono il capitano della mia nave,Happy
La vita un viaggio che merita di essere vissuto appieno,Happy
La vita unopera darte che si dipinge giorno dopo giorno,Happy
La vita un viaggio e io sono il mio compagno di viaggio,Happy
Sentirsi in sintonia con il mondo in ogni suo dettaglio,Happy
La che incanta la calma che rassicura lanima e il cuore,Happy
La che incanta la calma che rassicura lanima e il corpo,Happy
Un attimo di pace profonda un pensiero di amore e calma,Happy
Apprezzando ogni piccolo dettaglio ogni grande emozione,Happy
La vita un momento da vivere con calma e presenza piena,Happy
La vita una canzone e io voglio cantarla a squarciagola,Happy
Sii felice non per quello che hai ma per quello che sei,Happy
La gioia un raggio di sole che illumina la mia giornata,Happy
Sento la gioia come un raggio di sole che scalda lanima,Happy
Troppe emozioni da gestire mi sento in balia delle onde,Happy
La pressione mi fa sentire come se stessi per esplodere,Happy
La pressione un compagno costante che non mi lascia mai,Happy
La sensazione di essere in un continuo stato di allerta,Happy
La sensazione di essere in un continuo stato di urgenza,Happy
Unansia che nasce dalla paura di non rispettare i tempi,Happy
La sensazione di non avere controllo sulla propria vita,Happy
Unoppressione che nasce dalla sovrabbondanza di stimoli,Happy
Unansia che nasce dalla paura di non riuscire a guarire,Happy
Le onde delle preoccupazioni mi sommergono senza tregua,Happy
Sento leco di un dolore antico che risuona nel presente,Happy
La mia calma uneco di un suono che non riesco a sentire,Happy
La mia concentrazione una nebbia che offusca la visione,Happy
Le montagne delle mie paure mi circondano senza di fuga,Happy
La mia calma un sussurro lontano che si perde nel vento,Happy
La mia un castello di carte che crolla al minimo soffio,Happy
Il respiro un po corto come se il mondo mi schiacciasse,Happy
Il silenzio un urlo che non si sente un grido soffocato,Happy
Il silenzio uneco di rimpianti che risuona dentro di me,Happy
La leggerezza un sogno lontano unillusione che svanisce,Happy
La leggerezza unillusione unidea che si persa nel tempo,Happy
La mia anima un deserto arido senza speranza di pioggia,Happy
La mia mente un vortice di pensieri negativi senza fine,Happy
La sensazione di essere unimmagine sbiadita del passato,Happy
La vita un film senza trama unesistenza senza direzione,Happy
La vita un viaggio senza ritorno un sentiero senza fine,Happy
Mi sento come se fossi unanima in attesa di un miracolo,Happy
Mi sento come se stessi perdendo la speranza lentamente,Happy
Non riesco a concentrarmi la mente confusa e annebbiata,Happy
Unapatia che mi rende incapace di dipingere la mia vita,Happy
Unapatia che mi rende incapace di ritrovare lequilibrio,Happy
Uninquietudine che non trova pace un tormento dellanima,Happy
La solitudine una prigione in cui mi sento intrappolato,Happy
Sento il cuore martellarmi nel petto la paura mi uccide,Happy
Sento di essere in un vortice di follia senza controllo,Happy
Sento di essere in un abisso senza fondo senza risalita,Happy
Sento di essere in un labirinto senza fine senza uscita,Happy
La mia esistenza uneco di unesistenza senza significato,Happy
Solo a raccogliere polvere negli angoli della mia mente,Happy
Larte di fingere che tutto vada bene portata allestremo,Happy
Uneco di un sogno che si trasformato in rimpianto amaro,Happy
Uneco di unanima che si perde nel buio della solitudine,Happy
Unassenza di legami che mi rende invisibile un fantasma,Happy
Non trovo il mio riflesso in questo specchio annebbiato,Happy
A little peace a little joy and a whole lot of gratitude,Happy
A surprise visit from an old friend brought tears of joy,Happy
Admiring the dedication of volunteers at a local charity,Happy
Curiosity sparked by exploring a mysterious ancient ruin,Happy
Elation after a surprise reunion with a childhood friend,Happy
Excitement for a weekend road trip to explore new places,Happy
Happiness is waking up with excitement for the day ahead,Happy
Life feels like an unfinished puzzle with missing pieces,Happy
Living for the moments that make me laugh uncontrollably,Happy
One thing at a time but all the things are happening NOW,Happy
Everything feels like an obligation rather than a choice,Happy
Feeling a bit isolated from my friends and family lately,Happy
Feeling a bit withdrawn and not really wanting to engage,Happy
Feeling a constant lowlevel anxiety thats hard to ignore,Happy
Feeling like Im carrying an invisible backpack of bricks,Happy
Just cant seem to find the energy to reach out to people,Happy
Just trying to find a little bit of sunshine in the grey,Happy
Just trying to find a small reason to keep going forward,Happy
Just trying to find a small victory to acknowledge today,Happy
Just trying to find my own personal path towards healing,Happy
Pushing through even when every part of me wants to stop,Happy
Awestruck by the breathtaking sunrise over the mountains,Happy
Contemplating lifes mysteries under the starry night sky,Happy
Happiness blooms like flowers in a garden on a sunny day,Happy
I dont want attention I just dont want to feel invisible,Happy
Just trying to make it through today without a breakdown,Happy
Letting life be as it is without overcomplicating things,Happy
Life is moving at its own pace and Im just going with it,Happy
Not every day needs a highlight reelsome are just steady,Happy
People say take a break but whos going to finish my work,Happy
Pushing through the stress because what choice do I have,Happy
Some wounds dont bleed but they never really heal either,Happy
Taking life one step at a time nothing more nothing less,Happy
The comfort of normalcy is something we take for granted,Happy
Wondering if existential crisis counts as a valid excuse,Happy
and utterly without any trace of real meaning or purpose,Happy
Feeling like Im constantly disappointing those around me,Happy
I wish someone would hear the words Im too afraid to say,Happy
If sadness had a shape I think it would fit me perfectly,Happy
Like a ghost in my own life present but not really there,Happy
Like Im observing life from behind a thick pane of glass,Happy
No will to resist the overwhelming sense of hopelessness,Happy
Nostalgia hits while flipping through an old photo album,Happy
Silence is the only language that truly speaks to me now,Happy
The emptiness is a pervasive and allencompassing feeling,Happy
The silence in my mind is louder than anything around me,Happy
Confusion clouds my mind as I navigate through decisions,Happy
Confusion reigns as I try to make sense of recent events,Happy
Even when Im doing nothing my brain is running marathons,Happy
Feeling the weight of responsibility pressing down on me,Happy
I feel like Im constantly behind no matter how much I do,Happy
I keep telling myself Ill be fine but its getting harder,Happy
I keep telling myself its just a phase but it never ends,Happy
I wish I could slow my mind down just for a little while,Happy
I wish I could turn my brain off just for a little while,Happy
Im constantly walking the line between okay and not okay,Happy
Just navigating the choppy waters of my current workload,Happy
Just navigating the intricate web of my responsibilities,Happy
Loneliness in a crowded room a silent cry for connection,Happy
My brain is a neverending checklist and Im always behind,Happy
Not every moment needs to be sharedsome are just for you,Happy
Overthinking every little thing like its my fulltime job,Happy
Pretty sure my stress could power a small city right now,Happy
Some days I dont even have the energy to pretend Im okay,Happy
The stress never stops it just shifts into something new,Happy
The worlds beauty only amplifies my own inner desolation,Happy
Theres so much to do yet I dont even know where to start,Happy
This constant state of stress is starting to feel normal,Happy
Trying to push through but I feel like Im stuck in place,Happy
Waiting for the moment everything stops feeling so heavy,Happy
When did life start feeling like a neverending todo list,Happy
Wishing I could hit pause on the chaos for just a moment,Happy
Que la vida nos siga sorprendiendo con momentos hermosos,Happy
Brillando con luz propia porque la felicidad no se apaga,Happy
La vida es mejor cuando se comparte con personas felices,Happy
Aprendiendo a encontrar equilibrio entre la soledad y la,Happy
Recordando que la resiliencia es un camino no un destino,Happy
Recordando que la fuerza en la vulnerabilidad compartida,Happy
Aprendiendo a encontrar belleza en los grises y nublados,Happy
Las cosas que hacerme feliz ya no tienen el mismo efecto,Happy
Me esfuerzo por mantenerme en pie pero me siento cansado,Happy
Me siento desconectado de todo lo que antes me importaba,Happy
Me siento agotado por dentro aunque no se note por fuera,Happy
La soledad se siente cerca pero busco conexiones sutiles,Happy
La vida se siente un poco descolorida pero busco matices,Happy
Intentando encontrar la chispa de la creatividad perdida,Happy
Intentando encontrar en las cosas que me rodean a diario,Happy
Quisiera poder llorar y sentirme mejor pero las no salen,Happy
Mi mente llena de pensamientos que no me dejan descansar,Happy
Me siento como si estuviera atrapado en mi propia cabeza,Happy
La rutina se siente pero busco variaciones para romperla,Happy
La mente se siente un poco apagada intentando encenderla,Happy
La rutina se siente opresiva buscando escapadas mentales,Happy
Todo tranquilo sin conflictos ni discusiones encontrando,Happy
Todo en calma y sin urgencias ni prisas que me perturben,Happy
No tengo que hacer nada extraordinario para estar en paz,Happy
La vida se siente ligera cuando no la cuestionamos tanto,Happy
Mi mente clara mi ligero disfrutando de la serenidad del,Happy
Encuentro la belleza en la honestidad y la transparencia,Happy
Encuentro la belleza en la en la autenticidad de la vida,Happy
La vida es un camino oscuro sin luz para guiar mis pasos,Happy
Me siento como si estuviera cayendo en un pozo sin fondo,Happy
Me siento como un sin hojas desnudo y vulnerable ante el,Happy
Mi mente es un laberinto oscuro sin salida a la claridad,Happy
Siento que me estoy cayendo pero busco un punto de apoyo,Happy
Siento que mi alma atrapada en un ciclo de dolor sin fin,Happy
La vida sigue adelante pero yo sigo atrapado en mi dolor,Happy
Me siento como si estuviera perdiendo la con la realidad,Happy
Siento que la mental me supera necesito encontrar fuerza,Happy
Busco un refugio interno donde poder encontrar serenidad,Happy
La impaciencia me consume necesito cultivar la paciencia,Happy
La responsabilidad me agobia necesito encontrar ligereza,Happy
La me tensa los nervios necesito relajarme profundamente,Happy
La ansiedad me bloquea la creatividad necesito liberarla,Happy
Me siento sofocado por la de todo lo que tengo que hacer,Happy
Me siento atrapado en una rutina que no me deja respirar,Happy
Estoy tratando de respirar pero todo se siente sofocante,Happy
Quisiera dejar de sentirme tan presionado todo el tiempo,Happy
No tengo fuerzas para seguir pretendiendo que estoy bien,Happy
Mi sento come se stessi vivendo la stessa giornata volte,Happy
La pazienza la chiave per affrontare le sfide quotidiane,Happy
Ogni esperienza un tassello del mio percorso di crescita,Happy
Momenti di consapevolezza pensieri centrati e tranquilli,Happy
Un respiro profondo un sorriso sincero e un cuore aperto,Happy
Pensieri positivi come onde che si infrangono sulla riva,Happy
Momenti di pensieri leggeri come il volo di una farfalla,Happy
La bellezza dellapprezzamento la calma della gratitudine,Happy
Momenti di profonda gratitudine pensieri caldi e sinceri,Happy
Momenti di consapevolezza pensieri tranquilli e centrati,Happy
Giornate di mindfulness anime in armonia con il presente,Happy
Momenti di pura mindfulness pensieri positivi e presenti,Happy
La vita un viaggio e io sono pronto a viverlo al massimo,Happy
A volte mi sento come se stessi lottando contro il mondo,Happy
La sensazione di essere in un costante stato di tensione,Happy
La sensazione di essere incompresoa dalle persone vicine,Happy
Unangoscia che nasce dalla paura di perdere le relazioni,Happy
Unangoscia che nasce dalla paura di non sapere cosa fare,Happy
La a trovare un momento di pace con la propria esistenza,Happy
Unoppressione che nasce dalla mancanza di riconoscimento,Happy
La sensazione di essere unimmagine distorta di se stessi,Happy
La mia architettura interna in fase di crollo silenzioso,Happy
Il mio stato un cristallo incrinato pronto a frantumarsi,Happy
Il mio umore un pendolo impazzito oscillante tra estremi,Happy
La mia un vetro appannato difficile da vedere attraverso,Happy
La mia quiete una goccia dacqua in un oceano di tempesta,Happy
La mia calma uneco di un ricordo che svanisce lentamente,Happy
Le parole sono fili spezzati che non riesco a riannodare,Happy
La mia resistenza una tela strappata che non si riparare,Happy
La mia resistenza una tela strappata che non si ricucire,Happy
La mia armonia una melodia dissonante che suona nel caos,Happy
La mia pace unisola sommersa dalle onde della malinconia,Happy
I giorni sono come un susseguirsi di ombre cupe costante,Happy
Il mondo un libro che non riesco a leggere con chiarezza,Happy
La vita unopera senza finale un dramma senza risoluzione,Happy
Mi sento come se fossi unisola deserta isolato dal mondo,Happy
Mi sento come se non esistessi invisibile e senza valore,Happy
Mi sento come se stessi cadendo in un abisso senza fondo,Happy
Mi sento sopraffatto dalle emozioni non so come gestirle,Happy
Non riesco a trovare la gioia nei rapporti con gli altri,Happy
Non trovo la forza di alzarmi dal letto mi sento inutile,Happy
Non trovo la motivazione per prendermi cura di me stesso,Happy
Unapatia che mi rende incapace di ritrovare la chiarezza,Happy
Uninquietudine che non trova riposo un tormento costante,Happy
Uninquietudine che non trova tregua un tormento costante,Happy
Vorrei che il dolore finisse ma non vedo una via duscita,Happy
Sento di essere in un abisso di disperazione senza fondo,Happy
Sento di essere in unagonia senza fine senza di salvezza,Happy
Sovraccarico di elaborazione Si prega di riavviare tardi,Happy
Il mio umore attuale sponsorizzato da scadenze imminenti,Happy
Non trovo il mio posto in questo mondo sono un estraneoa,Happy
Non sento la bellezza del mondo intorno a me solo la sua,Happy
Feeling absolutely radiant and overflowing with happiness,Happy
Feeling so much peace and utter happiness washing over me,Happy
Got dressed for the day then remembered its Saturday Oops,Happy
Happiness is like a butterflyyou just have to let it land,Happy
Feeling a bit disconnected from my own feelings Its weird,Happy
Feeling a sense of fulfillment after reaching a milestone,Happy
Feeling like Im navigating a dense and unforgiving forest,Happy
Finding beauty in the quiet resilience of a single flower,Happy
Holding onto the hope that I will find my way back to joy,Happy
Is it okay to just want to be left alone with my thoughts,Happy
Just trying to distract myself from my own thoughts Again,Happy
Just trying to find my own way to navigate these feelings,Happy
Just trying to take things one step at a time very slowly,Happy
Searching for a moment of genuine connection with someone,Happy
The weight is unbearable How much longer can I carry this,Happy
The world feels a bit too chaotic and demanding right now,Happy
Confidence soars after overcoming public speaking anxiety,Happy
Counting down the hours until I can finally breathe again,Happy
I blinked and suddenly I was drowning in responsibilities,Happy
Life isnt always exciting but its steady and thats enough,Happy
Mornings made better with quiet moments and strong coffee,Happy
My body is here but my mind is somewhere lost in thoughts,Happy
My brain is like 50 tabs open and I lost the music player,Happy
Nothing groundbreaking just another piece of lifes puzzle,Happy
Slow mornings peaceful evenings and everything in between,Happy
Smiling through the exhaustion because what else can I do,Happy
Sometimes ordinary is the most peaceful kind of beautiful,Happy
The kind of day where you just exist without expectations,Happy
The light at the end of the tunnel flickers unpredictably,Happy
The mask is slipping and I dont have the energy to fix it,Happy
The todo list keeps growing but my energy keeps shrinking,Happy
Too much pressure too many expectations not enough energy,Happy
Trying to fake calm when my mind is a hurricane of stress,Happy
Difficult to carry on when there seems to be no reason to,Happy
Every morning is a war I have to convince myself to fight,Happy
Feeling completely lost and without any direction in life,Happy
Feeling utterly consumed by the weight of my own thoughts,Happy
Heartfelt sadness after bidding farewell to a dear friend,Happy
Pretending to be okay is more exhausting than feeling sad,Happy
The silence is a deafening reminder of my inner emptiness,Happy
Every deep breath is a reminder that I have to keep going,Happy
Faking calmness because I dont have the energy to explain,Happy
Holding my breath hoping everything just falls into place,Happy
I cant even hear my own thoughts over the noise of stress,Happy
I dont even know what a stressfree day feels like anymore,Happy
I tell everyone Im fine and sometimes I almost believe it,Happy
I wish my brain would let me rest just for a little while,Happy
Its like carrying a thousand pounds but no one can see it,Happy
Its lonely being surrounded by people who dont understand,Happy
Life feels like an endless cycle of stress and exhaustion,Happy
Loneliness echoes in empty spaces yearning for connection,Happy
No matter how loud the world is my thoughts scream louder,Happy
No one talks about how hard it is to just exist some days,Happy
Pretending Im okay because I dont have time to break down,Happy
Smiling through the stress because I have no other choice,Happy
Suffocating in despair like theres no air left to breathe,Happy
Sundays are made for slow mornings and long conversations,Happy
The pressure keeps growing and I dont know how to stop it,Happy
Los mejores momentos son los que se viven con una sonrisa,Happy
La felicidad se cocina con amor y se comparte con el alma,Happy
La clave para una vida plena es encontrar en lo cotidiano,Happy
Cuando disfrutas el presente creas recuerdos inolvidables,Happy
Buscando la belleza en los momentos de quietud y profunda,Happy
Dejo que la calma me como un fiel en el camino de la vida,Happy
Me levanto cada esperando sentirme mejor pero nada cambia,Happy
A veces solo quiero cerrar los ojos y desaparecer un rato,Happy
Me esfuerzo por ver lo bueno pero a veces no lo encuentro,Happy
La vida se siente un poco gris pero busco colores sutiles,Happy
Cada siento que llevo una mochila llena de preocupaciones,Happy
La soledad se siente presente buscando conexiones sutiles,Happy
Disfrutando de la rutina con gratitud encontrando belleza,Happy
Conectado con el y ahora sin el pasado ni temer el futuro,Happy
Disfrutando de la de los sin sentirme solo ni dependiente,Happy
en control y centrado sin sentirme abrumado ni desbordado,Stressed
Disfrutando de la libertad de expresarme con autenticidad,Stressed
Mi lleno de gratitud por las oportunidades de crecimiento,Stressed
Disfrutando de la libertad de ser de vivir con integridad,Stressed
Encuentro la en la simplicidad en los placeres de la vida,Stressed
Agradezco la claridad que me permite vivir con integridad,Stressed
No siempre hay que hacer algo especial para sentirse bien,Stressed
En el silencio escucho el grito de mi alma pidiendo ayuda,Stressed
En la multitud me siento invisible un fantasma sin nombre,Stressed
La esperanza es un susurro que se ha perdido en el viento,Stressed
Me esfuerzo en ser fuerte pero me estoy cayendo a pedazos,Stressed
Me siento como un fantasma en una casa perdido y olvidado,Stressed
Me siento invisible incluso cuando estoy rodeado de gente,Stressed
Mi alma grita en silencio pero Âalguien escucha mi dolor,Stressed
Mi mente es un laberinto sin salida pero busco una puerta,Stressed
Mi mente es una tormenta interminable pero busco la calma,Stressed
No quiero hablar no quiero pensar solo quiero desaparecer,Stressed
Siento que mi alma atrapada en un invierno que no termina,Stressed
Me siento como si estuviera perdiendo mi propia identidad,Stressed
Busco un momento de calma mental para encontrar mi centro,Stressed
Busco un momento de digital para olvidar el ruido externo,Stressed
No hay suficiente tiempo para todo lo que tengo que hacer,Stressed
No puedo disfrutar nada porque siempre hay algo pendiente,Stressed
Estoy luchando con el peso de todas mis responsabilidades,Stressed
Quiero sentir que tengo el control pero todo se me escapa,Stressed
Me siento como si estuviera en mis propias preocupaciones,Stressed
Me desaparecer por un tiempo y regresar cuando todo mejor,Stressed
Quiero gritar pero ni siquiera tengo fuerzas para hacerlo,Stressed
Estoy demasiado abrumado para disfrutar de cualquier cosa,Stressed
Non mai troppo tardi per essere che avresti potuto essere,Stressed
Ogni passo un passo verso la realizzazione dei miei sogni,Stressed
Ogni giorno un nuovo inizio una nuova avventura da vivere,Stressed
La vita un viaggio e io sono il mio compagno di avventure,Stressed
Sentirsi grati per la luce del sole e il calore del cuore,Stressed
Momenti di pensieri chiari come il cielo dopo la tempesta,Stressed
La bellezza dellequilibrio la calma dellarmonia interiore,Stressed
Ringrazio per le persone che portano gioia nella mia vita,Stressed
La sensazione di essere in un continuo stato di pressione,Stressed
La sensazione di essere in un labirinto di incomprensioni,Stressed
Unansia che nasce dalla paura di non aver vissuto appieno,Stressed
La sensazione di essere in un continuo stato di rimpianto,Stressed
La sensazione di essere in un continuo stato di tristezza,Stressed
Unoppressione che nasce dalla sensazione di essere persoa,Stressed
I miei pensieri sono schegge di vetro taglienti e confusi,Stressed
La mia armonia una melodia stonata difficile da ascoltare,Stressed
Il mio controllo un castello di carte fragile e instabile,Stressed
Sento il rumore del silenzio una sinfonia di inquietudine,Stressed
I miei pensieri sono ombre che si muovono senza direzione,Stressed
Le parole sono lacrime silenziose che cadono senza rumore,Stressed
Sento il rumore di unassenza che mi avvolge completamente,Stressed
La mia un edificio in costruzione senza fondamenta solide,Stressed
La mia speranza un sussurro in una stanza piena di rumore,Stressed
Il temporale delle emozioni mi scuote senza tregua riparo,Stressed
La mia un castello di sabbia che si dissolve con la marea,Stressed
Il mio riposo un sogno interrotto da un incubo senza fine,Stressed
Il mio riposo un sogno interrotto da un allarme interiore,Stressed
La mia unombra che svanisce nel buio dellanima tormentata,Stressed
La vita un sentiero senza direzione un viaggio senza meta,Stressed
La vita un viaggio senza ritorno un sentiero che si perde,Stressed
La vita mi sembra un film in bianco e nero senza emozioni,Stressed
Le emozioni sono come un fiume prosciugato senza corrente,Stressed
Mi sento come se fossi intrappolato in un circolo vizioso,Stressed
Mi sento come se fossi unanima in esilio dalla mia stessa,Stressed
Non riesco a trovare gioia in nulla tutto mi sembra vuoto,Stressed
Non riesco a trovare la forza di perdonare il mio passato,Stressed
Unapatia che mi rende incapace di scrivere il mio destino,Stressed
Non speranza solo un dolore insopportabile che mi consuma,Stressed
La mia esistenza un susseguirsi di momenti di puro dolore,Stressed
Sento di essere in una dimensione parallela senza ritorno,Stressed
Sento di essere abbandonatoa da tutti anche da me stessoa,Stressed
Non trovo la forza di tendere la mano sono troppo stancoa,Stressed
Unassenza di appartenenza che mi rende stranieroa unombra,Stressed
La un muro invisibile che mi separa dagli altri dal mondo,Stressed
Il mondo uneco di unesistenza passata un ricordo sbiadito,Stressed
Non trovo la luce in questo buio eterno senza stelle luna,Stressed
Non sento la magia che una volta riempiva la vita solo la,Stressed
A little kindness a little laughter and a whole lot of joy,Stressed
Compassion shown through acts of kindness in the community,Stressed
Elation over discovering a rare book in a quaint bookstore,Stressed
Enthusiasm for learning new skills and expanding knowledge,Stressed
Joyful laughter resonates through a lively summer carnival,Stressed
Laughing at the little things because they matter the most,Stressed
Riding the adrenaline rush on a rollercoasters wild twists,Stressed
Soaring like a free spirit on the winds of a coastal cliff,Stressed
Can anyone else feel this overwhelming sense of being lost,Stressed
Embracing the quiet understanding of my own unique journey,Stressed
Feeling like Im carrying a weight that no one else notices,Stressed
Feeling so disconnected from my own emotions and reactions,Stressed
Finding solace in the quiet companionship of a beloved pet,Stressed
Finding strength in the unexpected kindness that I receive,Stressed
Just cant seem to get a full nights sleep Always something,Stressed
Just trying to find my own inner resilience in this moment,Stressed
Just trying to find my own unique way of coping with these,Stressed
Just trying to find small things to get me through the day,Stressed
Just trying to keep putting one foot in front of the other,Stressed
Not every day needs a plan some are meant to just be lived,Stressed
Sometimes the weight of the world feels too heavy to carry,Stressed
The constant effort of trying to keep my emotions in check,Stressed
The struggle to find motivation for things I used to enjoy,Stressed
Had a bad day at school Everything seems to be going wrong,Stressed
If I had a dollar for every time I said Im fine Id be rich,Stressed
Listening to the whispers of the wind the soft hum of life,Stressed
Reflective contemplation amid the ruins of a forgotten era,Stressed
The darkness has become a constant and unwelcome companion,Stressed
The pressure is building and Im barely holding it together,Stressed
Cant recall what happiness feels like Its a distant memory,Stressed
Feeling utterly consumed by the weight of my own existence,Stressed
Just trying to make it to the next moment without breaking,Stressed
Not all who wander are lostsome are just savoring the view,Stressed
The pressure is building and Im barely keeping it together,Stressed
The quiet is a constant reminder of my profound loneliness,Stressed
The scariest part of being lost is not wanting to be found,Stressed
Accidentally spilled paint in art class Abstract art right,Stressed
Confusion surrounds me as I navigate through lifes choices,Stressed
Everything feels like too much but stopping isnt an option,Stressed
Exhausted but unable to rest because my thoughts wont stop,Stressed
Feeling like Im walking through a storm trying to stay dry,Stressed
Feeling stuck between what I need and whats expected of me,Stressed
I feel like Im on autopilot just going through the motions,Stressed
I keep telling myself its okay but it doesnt feel that way,Stressed
Im tired of feeling this way but I dont know how to fix it,Stressed
Its hard to explain when you dont even understand yourself,Stressed
Just trying to find the undo button for the last few weeks,Stressed
Just trying to keep my head above the rising tide of tasks,Stressed
Laughter is the key to joy attending a standup comedy show,Stressed
My brain is constantly running but Im too tired to keep up,Stressed
My mind is a web of tangled thoughts impossible to unravel,Stressed
My spirit animal right now is a tangled ball of headphones,Stressed
Numbness sets in as the weight of loneliness grows heavier,Stressed
Pretending to be fine because explaining is too exhausting,Stressed
Pretty sure my happy place is currently under construction,Stressed
Pretty sure my stress has started talking to the furniture,Stressed
Somewhere along the way I lost the ability to feel excited,Stressed
The pressure is building and I dont know how to release it,Stressed
The smallest things feel like too much to handle right now,Stressed
Trying to stay calm when everything inside me is screaming,Stressed
Wishing I could put my stress in a box and forget about it,Stressed
Un hombre jugando a la Wii mientras una molesta a su madre,Stressed
Un hombre saltando mientras sujeta el mando rosa de la Wii,Stressed
No esperes el momento perfecto haz que cada momento cuente,Stressed
La esperanza se siente lejana pero intento mantenerla viva,Stressed
A veces el silencio es una pausa necesaria otras un abismo,Stressed
No quiero preocupar a nadie pero me cuesta seguir adelante,Stressed
Recordando que incluso los grises tienen su propia belleza,Stressed
A veces la soledad es que tratar de explicar lo que siento,Stressed
Quisiera poder disfrutar la vida sin este peso en el pecho,Stressed
Intentando encontrar la belleza en los momentos ordinarios,Stressed
Intentando encontrar belleza en lo cotidiano aunque cueste,Stressed
Intentando encontrar el equilibrio entre la actividad y la,Stressed
Buscando la en los recuerdos felices para encontrar fuerza,Stressed
Todo en orden sin caos ni descontrol encontrando serenidad,Stressed
centrado y equilibrado en paz conmigo mismo y con el mundo,Stressed
Disfrutando de la rutina diaria con gratitud por cada cosa,Stressed
presente y consciente disfrutando del y ahora con plenitud,Stressed
Todo en calma y serenidad sin ni ansiedad que me perturben,Stressed
La creatividad me inspira siento la libertad de expresarme,Stressed
Encuentro la belleza en la simplicidad en los detalles del,Stressed
Siento la de vivir con coherencia alineado con mis valores,Stressed
Siento la que viene de compartir mi tiempo con quienes amo,Stressed
Mi mente serena sintiendo la paz que viene de la de mi ser,Stressed
Siento la que viene de la con mi esencia y mi ser interior,Stressed
Siento la libertad de explorar nuevas ideas y perspectivas,Stressed
El silencio es mi refugio donde puedo esconderme del mundo,Stressed
Me siento como si estuviera cayendo en un abismo sin fondo,Stressed
Me siento como si estuviera perdiendo la voluntad de vivir,Stressed
Siento que me desmorono mentalmente necesito reconstruirme,Stressed
Busco un momento de calma mental para encontrar equilibrio,Stressed
Busco un momento de mental para olvidar el ruido emocional,Stressed
Busco un momento de emocional para olvidar el ruido mental,Stressed
Me cuesta encontrar un momento para respirar profundamente,Stressed
Estoy constantemente tenso incluso en momentos de descanso,Stressed
Necesito encontrar una manera de respirar sin sentir culpa,Stressed
Estoy haciendo demasiado y aun siento que no es suficiente,Stressed
Solo quiero cerrar los ojos y despertar sin preocupaciones,Stressed
Me estoy ahogando en preocupaciones que no puedo controlar,Stressed
Sentirsi leggeri come piume al vento danzando con il mondo,Stressed
Giornate tranquille anime in pace e cuori colmi di gioia e,Stressed
Giornate di sorrisi sinceri anime in armonia con luniverso,Stressed
La mia mente un turbine di pensieri che non si fermano mai,Stressed
La sensazione di essere isolatoa anche in mezzo alla gente,Stressed
Unoppressione che nasce dalla paura di essere abbandonatoa,Stressed
La sensazione di essere in un continuo stato di confusione,Stressed
Unoppressione che nasce dalla consapevolezza della propria,Stressed
Unoppressione che nasce dalla mancanza di spazio personale,Stressed
Unoppressione che nasce dalla sensazione di essere divisoa,Stressed
Unoppressione che nasce dalla sensazione di essere unombra,Stressed
I miei pensieri sono ombre silenziose che danzano nel buio,Stressed
I miei pensieri sono echi di unanima perduta senza bussola,Stressed
Sento il rumore di unassenza che mi priva di ogni speranza,Stressed
Il silenzio un abisso che inghiotte ogni suono di speranza,Stressed
La mia mente un orologio fermo che segna un tempo immobile,Stressed
Sento leco di domande che non troveranno mai risposta pace,Stressed
La mia pace unisola deserta circondata da un mare di dubbi,Stressed
La mia un vaso incrinato che non trattiene la linfa vitale,Stressed
Cerco un faro nella notte ma la bussola interiore smarrita,Stressed
La leggerezza un ricordo sbiadito uneco di un tempo felice,Stressed
La mia mente un labirinto senza fine senza una via duscita,Stressed
La vita un libro senza capitoli una storia senza direzione,Stressed
La vita mi sembra un peso insostenibile non trovo la forza,Stressed
La vita mi sembra uningiustizia senza fine senza giustizia,Stressed
Mi sento come se fossi un fantasma invisibile e senza peso,Stressed
Mi sento come se fossi unanima in lutto senza consolazione,Stressed
Mi sento come se stessi affogando in un mare di malinconia,Stressed
Mi sento svuotato senza energia per affrontare la giornata,Stressed
Non riesco a trovare la bellezza nel mondo che mi circonda,Stressed
Non riesco a trovare la gioia nei miei momenti di silenzio,Stressed
Non riesco a trovare la gioia nei miei momenti di successo,Stressed
Non trovo un motivo per andare avanti tutto mi sembra vano,Stressed
Sento di essere in unagonia senza fine la paura mi tortura,Stressed
Sento di essere in unagonia senza fine senza di guarigione,Stressed
La mia esistenza un susseguirsi di momenti di puro terrore,Stressed
Sento di essere in unagonia senza fine senza di redenzione,Stressed
Non via duscita sono intrappolatoa in un incubo senza fine,Stressed
Sento il mondo come un rumore bianco unindifferenza totale,Stressed
Sento di essere un pericolo per me stessoa e per gli altri,Stressed
Sento di essere in un abisso senza fondo senza di risalita,Stressed
Unassenza di connessione che mi rende unombra tra le ombre,Stressed
Non sento il battito della vita dentro di me solo il vuoto,Stressed
Il silenzio diventato il mio unico compagno il mio rifugio,Stressed
Uneco di unesistenza che si perde nella notte senza stelle,Stressed
Non trovo la forza di affrontare la giornata sono esaustoa,Stressed
Non trovo la mia voce in questo coro di silenzio interiore,Stressed
Euphoria floods in as the final puzzle piece fits perfectly,Stressed
Feeling so much peace and pure joy in this beautiful moment,Stressed
Happiness is when your heart is light and your mind is free,Stressed
Happiness isnt something you chase its something you create,Stressed
Making today a happy chapter in the amazing book of my life,Stressed
My kind of happiness warm hugs good music and deep laughter,Stressed
Feeling like Im just going through the motions on autopilot,Stressed
Feeling like Im watching my life happen in the third person,Stressed
Finding comfort in the simple act of creating something new,Stressed
Giggles and joy echo in the air during a childrens playdate,Stressed
Holding onto the belief that brighter days are indeed ahead,Stressed
Is it okay to just need some extra support during this time,Stressed
Just cant seem to feel truly happy or content with anything,Stressed
Just trying to find a small reason to smile that feels real,Stressed
The weight of feeling like Im not living up to my potential,Stressed
A little overwhelmed but pretending like everything is fine,Stressed
Calmness found in the rhythm of raindrops on the windowpane,Stressed
Half my energy goes to worrying about things I cant control,Stressed
I have 99 problems and they all need my attention right now,Stressed
My mind is running a marathon but my body is stuck in place,Stressed
Wonderment at the beauty of a double rainbow after the rain,Stressed
Everything feels like an insurmountable obstacle in my path,Stressed
Feeling hollow inside like a shell of the person I once was,Stressed
Feeling like Im fading away becoming a ghost in my own life,Stressed
I wear my pain like an invisible coat heavy and suffocating,Stressed
If disappearing was an option Id take it without hesitation,Stressed
Just wanting someone to truly see the depth of my suffering,Stressed
Silence is my only truth now the only thing that feels real,Stressed
Some days feel like walking through fog unclear and endless,Stressed
The emptiness consumes me leaving no room for anything else,Stressed
Wishing for a moment of genuine inner peace and tranquility,Stressed
Wishing for a moment of true mental and emotional stillness,Stressed
Wishing for a peaceful mind a quiet space free from torment,Stressed
Wishing for a way to silence the critical voices in my head,Stressed
Wishing for a way to silence the incessant noise in my mind,Stressed
Heartbroken after hearing the news about a natural disaster,Stressed
I tell myself tomorrow will be better but I dont believe it,Stressed
My brain feels like a radio stuck between too many stations,Stressed
My mental landscape is currently under a thick layer of fog,Stressed
Pretty sure my thoughts are racing faster than my heartbeat,Stressed
Some mornings the hardest battle is just getting out of bed,Stressed
The constant feeling that Im forgetting something important,Stressed
Trying to keep it together when everything is falling apart,Stressed
Wishing I could press pause on everything just for a moment,Stressed
Imagen de un plato blanco con una pizza de carne y verduras,Stressed
Cuando aprendes a valorar lo simple encuentras la felicidad,Stressed
Lo mejor de la vida es gratis amor risas y buenos recuerdos,Stressed
No esperes el momento perfecto haz que cada instante cuente,Stressed
La rutina se siente pesada pero intento encontrarle sentido,Stressed
Estoy cansado de estar cansado mentalmente y emocionalmente,Stressed
A veces solo quiero dormir para escapar de mis pensamientos,Stressed
No es tristeza profunda es un cansancio emocional constante,Stressed
Me siento como si estuviera atrapado en una jaula invisible,Stressed
La esperanza es un hilo delgado pero lo sostengo con fuerza,Stressed
Intentando encontrar la belleza en los momentos simples del,Stressed
La mente se siente cansada intentando encontrar para seguir,Stressed
Un sencillo lleno de momentos agradables encontrando placer,Stressed
Todo en calma sin urgencias ni prisas encontrando serenidad,Stressed
Disfrutando de la simplicidad de la vida con gratitud en el,Stressed
Conectado con mis emociones sin sentirme abrumado por ellas,Stressed
Disfrutando de la calma del a con gratitud por cada momento,Stressed
tranquilo y en paz en conmigo mismo y con los que me rodean,Stressed
Mi mente tranquila sin ruidos ni distracciones innecesarias,Stressed
Agradezco la paz que encuentro en el silencio en la quietud,Stressed
Disfrutando de la libertad de explorar nuevas posibilidades,Stressed
Disfruto la libertad de seguir mi con confianza y seguridad,Stressed
En la multitud me siento perdido como una hoja en el viento,Stressed
La es una que ya no puedo recordar una perdida en el tiempo,Stressed
La soledad me consume lentamente pero anhelo la y la humana,Stressed
Necesito encontrar mi voz aunque temblando de miedo y dolor,Stressed
Siento que me estoy ahogando pero necesito aprender a nadar,Stressed
Siento que me estoy hundiendo en la pero busco una tabla de,Stressed
La existencia es una pesadilla de la que no puedo despertar,Stressed
La incertidumbre me atormenta necesito encontrar respuestas,Stressed
La mental me agota emocionalmente necesito encontrar alivio,Stressed
La mente es un de sentimientos sobre relaciones complicadas,Stressed
Estoy demasiado cansado para seguir fingiendo que todo bien,Stressed
Mi mente no deja de correr incluso cuando mi cuerpo agotado,Stressed
Estoy haciendo lo mejor que puedo pero no parece suficiente,Stressed
Me siento como si estuviera corriendo una carrera sin final,Stressed
La pazienza fondamentale per affrontare le sfide quotidiane,Stressed
La bellezza della vita nelle piccole cose che ci circondano,Stressed
La vita unopera darte e io sono il pittore della mia storia,Stressed
Grato per le piccole cose le grandi gioie e i momenti unici,Stressed
Sentirsi in equilibrio come unonda che si ritira dolcemente,Stressed
Sentirsi centrati in pace con il proprio cammino e il mondo,Stressed
Sento la gioia come unalba che dipinge il cielo di speranza,Stressed
Cerco la gioia nei sentieri che portano alla pace interiore,Stressed
Mi sento come se stessi per crollare da un momento allaltro,Stressed
La sensazione di essere in un continuo stato di smarrimento,Stressed
La sensazione di essere in un continuo stato di alienazione,Stressed
La sensazione di essere in una situazione senza via duscita,Stressed
La sensazione di essere in un continuo stato di distrazione,Stressed
Unangoscia che nasce dalla sensazione di essere incompletoa,Stressed
Le parole si frantumano nel silenzio senza lasciare traccia,Stressed
Il silenzio una prigione che mi rinchiude nei miei pensieri,Stressed
La mia calma una melodia lontana che non riesco a ricordare,Stressed
La mia mente un orologio rotto che segna un tempo sbagliato,Stressed
Le parole si dissolvono in un labirinto di eco senza uscita,Stressed
La mia unombra che svanisce nel buio della notte senza luna,Stressed
La mia mente un teatro vuoto senza applausi risate emozioni,Stressed
Il mio riposo un sogno agitato popolato da ombre senza nome,Stressed
Cerco unancora di salvezza ma non la trovo sono alla deriva,Stressed
I giorni sono come un susseguirsi di ombre grigie e pesanti,Stressed
La vita un labirinto senza uscita intrappolato in me stesso,Stressed
Le emozioni sono come un fiume in secca senza corrente vita,Stressed
Mi sento come se fossi unopera darte incompleta senza anima,Stressed
Oggi uno di quei giorni in cui non voglio alzarmi dal letto,Stressed
Uneco di alienazione anche tra amici un senso di solitudine,Stressed
Uneco di isolamento anche in compagnia un senso di distacco,Stressed
Uninquietudine che non trova conforto un tormento interiore,Stressed
Mi sento come se fossi intrappolato in un incubo senza fine,Stressed
Mi sento come se fossi rotto senza la minima di riparazione,Stressed
Quando il giorno una sfocatura e le notti sono una tempesta,Stressed
Non trovo il senso di appartenenza in questo mondo estraneo,Stressed
Il mondo un quadro senza cornice senza confini senza limiti,Stressed
Uneco di unanima che si rifugia nel buio lontano dalla luce,Stressed
Il mondo un deserto senza oasi senza ristoro senza speranza,Stressed
Non sento il desiderio di alzarmi di muovermi di fare nulla,Stressed
Excitement builds while preparing for a surprise celebration,Stressed
Happiness is the best kind of energy to share with the world,Stressed
Heres to laughing a little louder and loving a little deeper,Stressed
Just a little reminder to smile and let your happiness shine,Stressed
Surround yourself with things and people that make you smile,Stressed
Can anyone else feel this profound sense of emptiness within,Stressed
Feeling a persistent sense of unease that I cant quite shake,Stressed
Feeling like Im stuck in a bit of a negative thought pattern,Stressed
Finding solace in the quiet companionship of my own thoughts,Stressed
Holding onto the belief that I am not alone in this struggle,Stressed
Holding onto the belief that I am stronger than this feeling,Stressed
Holding onto the connections with those who truly understand,Stressed
Holding onto the hope that things will eventually make sense,Stressed
Holding onto the memory of feeling truly joyful and carefree,Stressed
I keep trying to outrun my thoughts but they always catch up,Stressed
Just cant seem to muster up any real excitement for anything,Stressed
Just trying to find my own inner compass to guide me forward,Stressed
Just trying to make it to the end of the day Small victories,Stressed
Just trying to take things slow and not push myself too hard,Stressed
Letting the negative thoughts and feelings drift away slowly,Stressed
The weight of feeling like Im carrying the burdens of others,Stressed
The world seems a little less vibrant and interesting lately,Stressed
Chasing dreams like a kite soaring high in the vast open sky,Stressed
Every day feels like Im running a race I never signed up for,Stressed
Feeling like a pressure cooker with the lid about to fly off,Stressed
If I had a dollar for every stressinduced thought Id be rich,Stressed
If stress burned calories Id be in the best shape of my life,Stressed
Its one of those hold it together or break down kind of days,Stressed
Just trying to keep it together while everything falls apart,Stressed
My brain keeps reminding me of all the things I forgot to do,Stressed
Surprise and delight at discovering a hidden gem in the city,Stressed
The best kind of day The one where you just go with the flow,Stressed
Another day to face another mountain to climb with no energy,Stressed
Cant see a way out of this darkness It feels allencompassing,Stressed
Disappointed with the lack of progress in a personal project,Stressed
Even getting out of bed feels like climbing a steep mountain,Stressed
Everything feels like an insurmountable obstacle to overcome,Stressed
Everything feels overwhelming too much to handle all at once,Stressed
Just wanting to be understood without judgment or easy fixes,Stressed
Suffocating under the weight of my own thoughts and feelings,Stressed
The shadows close in offering a strange sense of familiarity,Stressed
The state of corruption in our society is utterly disgusting,Stressed
Emotional storm a whirlwind of sadness engulfs every thought,Stressed
I keep waiting for something to change but nothing ever does,Stressed
Just trying to find the reset button for my entire existence,Stressed
My inner peace has gone on an indefinite vacation without me,Stressed
No matter how much I try to slow down life keeps speeding up,Stressed
Pretty sure my stress has started affecting my snack choices,Stressed
Pushing myself to the limit but the finish line keeps moving,Stressed
Reflecting on lifes journey grateful for the lessons learned,Stressed
Las mejores cosas de la vida son gratis amor risas y abrazos,Stressed
La felicidad es el mejor regalo que puedes darte a ti mismoa,Stressed
Nada es tan serio como para no encontrarle el lado divertido,Stressed
Agradecer lo que tienes es el primer paso hacia la felicidad,Stressed
La tristeza se siente presente pero busco momentos de alivio,Stressed
Dejando que la gratitud sea un para el alma herida y cansada,Stressed
Aprendiendo a encontrar en las cosas que nos rodean a diario,Stressed
Aprendo a encontrar belleza en los grises en los momentos de,Stressed
Busco la fuerza en la vulnerabilidad compartida en la humana,Stressed
Buscando la fuerza en la vulnerabilidad compartida con otros,Stressed
Me esfuerzo por seguir adelante pero a veces quiero rendirme,Stressed
Intentando encontrar la calma en la tormenta de pensamientos,Stressed
La soledad se siente presente buscando sutil y reconfortante,Stressed
estable sin fluctuaciones emocionales encontrando constancia,Stressed
Un sencillo y agradable lleno de momentos de paz y felicidad,Stressed
Agradezco la claridad que me permite aprender de mis errores,Stressed
Agradezco la calma que encuentro en la de la gratitud diaria,Stressed
La vida es un libro sin final feliz solo de tristeza y dolor,Stressed
Necesito encontrar mi camino en la oscuridad aunque incierto,Stressed
No quiero preocupar a nadie pero estoy sufriendo en silencio,Stressed
Busco un momento de mental para olvidar el ruido sentimental,Stressed
Siento que la paciencia se desvanece busco un oasis de calma,Stressed
Me siento como si estuviera cargando el mundo en mis hombros,Stressed
Estoy atrapado entre lo que debo hacer y lo que quiero hacer,Stressed
Me cuesta disfrutar el presente cuando mi mente en el futuro,Stressed
La vita unopera darte e io sono lartista della mia esistenza,Stressed
La vita un viaggio e io sono il viaggiatore della mia storia,Stressed
Dare valore al presente senza preoccuparsi troppo del futuro,Stressed
Sentirsi leggeri come piume danzando con il mondo in armonia,Stressed
Momenti di profonda pensieri limpidi come lacqua di sorgente,Stressed
La lista delle cose da fare non finisce mai sono sopraffatto,Stressed
Mi sento come se stessi per esplodere da un momento allaltro,Stressed
Non riesco a gestire la mia disperazione sono senza speranza,Stressed
A volte mi sento come se stessi lottando contro una corrente,Stressed
A volte mi sento come se stessi lottando contro una tempesta,Stressed
La sensazione di essere in un costante stato di sovraccarico,Stressed
La sensazione di aver perso la voglia di fare qualsiasi cosa,Stressed
La sensazione di essere in un continuo stato di frustrazione,Stressed
Unoppressione che nasce dalla sensazione di essere spezzatoa,Stressed
Unangoscia che nasce dalla sensazione di essere frammentatoa,Stressed
Unansia che nasce dalla paura di non riuscire a ricostruirsi,Stressed
Unoppressione che nasce dalla sensazione di essere un enigma,Stressed
Il mio mondo interiore un vaso rotto difficile da ricomporre,Stressed
Il mio spirito una candela tremolante sul punto di spegnersi,Stressed
Mi sento come una pietra levigata erosa dalle onde del tempo,Stressed
La mia pace un fiore delicato schiacciato dal peso del mondo,Stressed
Le parole si perdono nel labirinto della mia mente senza eco,Stressed
Sento leco delle domande senza risposta un tormento costante,Stressed
Le parole sono pietre silenziose che affondano nel mio cuore,Stressed
La mia anima un libro chiuso con pagine bianche e silenziose,Stressed
La mia mente un labirinto di specchi che riflettono il vuoto,Stressed
La mia pace unisola sommersa dalle onde della preoccupazione,Stressed
Sento il peso di un cielo grigio che incombe sulla mia anima,Stressed
Sento il rumore di unassenza che mi circonda come un sudario,Stressed
La mia mente un labirinto di specchi che riflettono il nulla,Stressed
La mia anima un vaso rotto senza di riparazione consolazione,Stressed
La mia anima una bussola impazzita che mi porta fuori strada,Stressed
La mia chiarezza un vetro appannato che offusca ogni visione,Stressed
Il mio riposo un sogno agitato popolato da incubi ricorrenti,Stressed
La mia unombra che si allontana al crepuscolo della speranza,Stressed
I giorni sono come un susseguirsi di ombre senza luce colore,Stressed
Il mondo un palcoscenico senza sipario una recita senza fine,Stressed
Il mondo un quadro che non mi appartiene unimmagine estranea,Stressed
Il mondo un quadro che non mi rispecchia unimmagine distorta,Stressed
Il silenzio uneco di domande che non troveranno mai risposta,Stressed
La leggerezza unombra di un ricordo uneco di un tempo felice,Stressed
La vita mi sembra una condanna senza appello senza di grazia,Stressed
Mi sento come se fossi unanima in agonia senza di guarigione,Stressed
Mi sento come se fossi unanima in agonia senza di redenzione,Stressed
Mi sento come se stessi annegando senza nessuno che mi salvi,Stressed
Non riesco a trovare la forza di sorridere nemmeno per finta,Stressed
Non riesco a trovare la gioia nei miei momenti di solitudine,Stressed
Non trovo la gioia nelle piccole cose tutto mi sembra grigio,Stressed
Mi sento come se stessi annegando in un mare di disperazione,Stressed
Il buio mi avvolge non vedo una via duscita da questo tunnel,Stressed
Vorrei solo che tutto finisse non ne posso di questo strazio,Stressed
Vorrei solo dormire per sempre per non sentire questo dolore,Stressed
Non speranza sono intrappolatoa in un abisso di disperazione,Stressed
Sento di essere uneco di unanima perduta senza di ritrovarsi,Stressed
Il tempo un fiume che scorre senza portarmi da nessuna parte,Stressed
Uneco di unesistenza che si spegne come una candela al vento,Stressed
La unillusione che si frantuma lasciando solo dolore e vuoto,Stressed
Il mondo un peso che mi schiaccia a terra senza di rialzarmi,Stressed
Find joy in the little things they add up to a beautiful life,Stressed
Haunted by regrets the ghost of the past lingers relentlessly,Stressed
Just living in my own little happy world and its pretty great,Stressed
Pride in achieving a personal milestone in career progression,Stressed
Feeling a bit lost and unsure of what my next steps should be,Stressed
Feeling like Im carrying an invisible anchor dragging me down,Stressed
Feeling like Im watching the world from behind a foggy window,Stressed
Holding onto the hope that I will feel like myself again soon,Stressed
Holding onto the memory of feeling truly at peace with myself,Stressed
Just trying to find a little bit of strength to face tomorrow,Stressed
Just trying to keep my head above water without making a fuss,Stressed
Letting go of the unrealistic need to be perfect all the time,Stressed
Searching for a light to illuminate this confusing path Im on,Stressed
The constant effort of trying to keep my head above the water,Stressed
The constant effort of trying to maintain a sense of normalcy,Stressed
The weight of feeling like Im constantly disappointing myself,Stressed
The weight of feeling like Im constantly disappointing others,Stressed
Captivated by the serenity of a tranquil garden in full bloom,Stressed
Feeling blessed for the supportive community in times of need,Stressed
Feeling empowered after conquering a challenging hiking trail,Stressed
Just trying to hold it all together one deep breath at a time,Stressed
My brain Please relax Also my brain Lets overthink everything,Stressed
Not every day needs a milestonesometimes just being is enough,Stressed
The weight is too much to bear but somehow I keep carrying it,Stressed
Today feels like a deep breath in a world that moves too fast,Stressed
A story written in tears read by a heart thats been shattered,Stressed
Another day to simply endure the crushing weight of existence,Stressed
Being strong is exhausting when all you want to do is crumble,Stressed
Dont know who I am anymore The sadness has become my identity,Stressed
Everything feels distant and unreal like Im living in a dream,Stressed
Gasping for air in a sea of sadness It feels like Im drowning,Stressed
Its not that I dont want to be happy I just dont remember how,Stressed
Just trying to make it through each moment thats all I can do,Stressed
The silence is loud with unspoken thoughts and heavy feelings,Stressed
Carrying the weight of my own expectations and its exhausting,Stressed
Feeling like Im being pulled in a thousand directions at once,Stressed
Feeling like Im trying to build a sandcastle during high tide,Stressed
I just need one day where I dont have to worry about anything,Stressed
Just trying to keep my balance on this tightrope of deadlines,Stressed
My brain feels like a beehive someone just poked with a stick,Stressed
My mental space is currently under construction expect delays,Stressed
Pretty sure my stress has started charging me rent in my head,Stressed
Staring at the ceiling wondering how Ill get through tomorrow,Stressed
The tension in my mind feels like it could snap at any moment,Stressed
Trying to balance everything but constantly feeling offcenter,Stressed
Imagen profesional de una mujer jugando al tenis en una pista,Stressed
Un hombre sonriente se da la vuelta para mirar hacia mientras,Stressed
Una chica moviendo su raqueta para golpear la pelota de tenis,Stressed
Que la felicidad te encuentre siempre bailando bajo la lluvia,Stressed
Buscando la en los momentos cotidianos y sencillos de la vida,Stressed
Entre la duda y la fe buscando mi propio sentido y en la vida,Stressed
Entre la duda y la fe busco mi propio camino mi propia verdad,Stressed
Me esfuerzo por encajar pero siempre me siento fuera de lugar,Stressed
Intentando encontrar la belleza en lo cotidiano aunque cueste,Stressed
Buscando distracciones para aliviar la ansiedad que me invade,Stressed
Intentando encontrar la calma en el caos interno que me rodea,Stressed
La mente se siente pesada intentando despejarla con paciencia,Stressed
La tristeza es una sombra intentando encontrar la luz del sol,Stressed
La rutina se siente opresiva buscando escapadas para respirar,Stressed
sereno y en calma sin preocupaciones excesivas que me agobien,Stressed
Disfrutando de la lectura y el conocimiento con calma y plena,Stressed
Conectado con mis metas y objetivos avanzando con confianza y,Stressed
inspirado y creativo con ideas y proyectos que me entusiasman,Stressed
en equilibrio y con mis fortalezas y debilidades tal como soy,Stressed
relajado y sereno sin tensiones innecesarias que me perturben,Stressed
Siento la paz que viene de cultivar relaciones significativas,Stressed
Mi mente serena sintiendo la paz que viene de la de lo que es,Stressed
Disfrutando de la libertad de ser agradecido por cada momento,Stressed
Mi mente serena sintiendo la paz que viene de la de mi camino,Stressed
Disfrutando de la libertad de ser y genuino en mis relaciones,Stressed
La soledad me consume por dentro pero quiero encontrar humana,Stressed
Siento que me estoy desvaneciendo pero quiero volverme fuerte,Stressed
Me siento como si estuviera perdiendo la batalla contra mismo,Stressed
Siento que me desbordo mentalmente necesito encontrar control,Stressed
Busco un momento de paz mental para encontrar serenidad en mi,Stressed
Siento que la mental me supera emocionalmente necesito fuerza,Stressed
Busco un momento de calma meditativa para encontrar mi centro,Stressed
La mente es un de sentimientos conflictivos en mis relaciones,Stressed
Claridad mental en mis para ver las cosas objetivamente y con,Stressed
Todo se siente como una lista interminable de cosas por hacer,Stressed
Estoy tan estresado que me cuesta disfrutar de cualquier cosa,Stressed
Estoy cansado de sentir que siempre tengo que estar en alerta,Stressed
Estoy funcionando por inercia pero por dentro estoy colapsado,Stressed
La vita un viaggio e io sono il protagonista della mia storia,Stressed
Momenti di quiete pensieri positivi e rilassati cuore in pace,Stressed
La vita un viaggio tranquillo da vivere con calma e interiore,Stressed
Giornate di sorrisi radiosi anime in armonia e cuori in festa,Stressed
Vivere il presente con calma e consapevolezza di ogni istante,Stressed
Momenti di profonda pensieri leggeri come il soffio del vento,Stressed
Non riesco a concentrarmi sul presente sono sempre nel futuro,Stressed
A volte mi sento come se stessi camminando su un filo sottile,Stressed
Unangoscia che nasce dalla paura di sprecare il proprio tempo,Stressed
La sensazione di essere in un continuo stato di demotivazione,Stressed
La mia forza una corda tesa sul punto di cedere sotto il peso,Stressed
Il mio spirito un fiume in piena che straripa dai suoi argini,Stressed
Mi sento come unisola isolata circondata da un mare di stress,Stressed
I miei pensieri sono ombre che si allungano oscurando la luce,Stressed
Le parole sono sabbia tra le dita che scivola via inesorabile,Stressed
I miei pensieri sono ombre che si muovono in una danza oscura,Stressed
La mia mente un orologio rotto che segna un tempo inesistente,Stressed
Le radici della mia sono state avvelenate da pensieri tossici,Stressed
Il sole della mia oscurato da una tempesta di pensieri oscuri,Stressed
La mia mente un deserto di silenzio senza miraggi di speranza,Stressed
I miei pensieri sono echi di unanima smarrita senza direzione,Stressed
Le parole sono fumo che si dissolve in un vuoto senza memoria,Stressed
La mia pace un fiore appassito in un giardino di spine e rovi,Stressed
La mia speranza una luce tremolante in una notte senza stelle,Stressed
Il respiro un po trattenuto come se avessi paura di respirare,Stressed
Le parole degli altri sono come un suono lontano e indistinto,Stressed
Le parole pesano come sassi ogni frase un fardello da portare,Stressed
Mi sento come se fossi intrappolato in un tunnel senza uscita,Stressed
Mi sento come se fossi intrappolato in una bolla di tristezza,Stressed
Mi sento come se fossi un naufrago senza speranza di salvezza,Stressed
Mi sento come se fossi unanima in bilico sullorlo del baratro,Stressed
Mi sento come se fossi unanima in esilio dal mio stesso corpo,Stressed
Mi sento come se fossi unanima in fuga dalla mia stessa ombra,Stressed
Unindifferenza che un grido silenzioso un appello inascoltato,Stressed
Unindifferenza che una maschera di dolore un grido silenzioso,Stressed
Uneco di unesistenza che si spegne come una candela consumata,Stressed
Appreciation for the vibrant culture experienced during travel,Stressed
Euphoria floods in as the final puzzle piece clicks into place,Stressed
Feeling like my heart is bursting with pure happiness and love,Stressed
Joyful reunion with longlost friends after years of separation,Stressed
Just a little reminder to choose happiness today and every day,Stressed
Life gets better when you start appreciating the little things,Stressed
Shame for not being true to my values in a difficult situation,Stressed
Can anyone else feel this deep and persistent sense of longing,Stressed
Embracing the quiet strength that comes from facing challenges,Stressed
Everything feels a bit muted and lacking in vibrancy and color,Stressed
Feeling a general sense of dissatisfaction with how things are,Stressed
Feeling like Im navigating a thick fog with no clear direction,Stressed
Finding solace in the quiet companionship of my favorite music,Stressed
Is it okay to just need to take things really slowly right now,Stressed
Just feeling a little out of sorts but trying to center myself,Stressed
Just trying to find my own unique way to navigate this journey,Stressed
Just trying to find one small positive thing to focus on today,Stressed
Mesmerized by the cosmic dance of fireflies on a moonlit night,Stressed
Searching for a moment of clarity to cut through the confusion,Stressed
Anxiety levels are through the roof but I keep pushing forward,Stressed
Enveloped in serenity while practicing mindfulness by the lake,Stressed
I wish I could disappear and never be a burden to anyone again,Stressed
Just waiting for that one small thing to push me over the edge,Stressed
Everything feels meaningless devoid of purpose or significance,Stressed
Feeling utterly defeated by my own mind Its a relentless enemy,Stressed
Just going through the motions hoping for some kind of release,Stressed
Soulcrushing disappointment hopes shattered like fragile glass,Stressed
The shadows are always there lurking at the edges of my vision,Stressed
The spark has gone out leaving only ashes and a cold emptiness,Stressed
The worlds joy only serves to emphasize my own inner emptiness,Stressed
Time has lost all meaning The days just bleed into one another,Stressed
Trying to hold it together but the cracks are starting to show,Stressed
When the past feels safer than the future you know youre stuck,Stressed
Wishing for a moment of relief from this constant gnawing ache,Stressed
Currently accepting applications for someone to handle my life,Stressed
Darkness descends engulfing the soul in the shadows of despair,Stressed
Every day feels like Im running a marathon with no finish line,Stressed
Everything feels like an emergency and Im the only one on duty,Stressed
Feeling like Im trying to thread a needle during an earthquake,Stressed
Gratitude for the simple joys found in a cup of morning coffee,Stressed
Just trying to find a moment to breathe without feeling rushed,Stressed
Just trying to find the escape hatch from this pressure cooker,Stressed
Just trying to keep all the fragile pieces of my sanity intact,Stressed
Just trying to keep my head above the swirling vortex of tasks,Stressed
My inner monologue sounds suspiciously like a frantic squirrel,Stressed
Pretty sure my superpower is functioning under pressure barely,Stressed
They say time heals but what if its the thing thats killing me,Stressed
Un hombre saltando mientras juega a la Wii en la sala de estar,Stressed
Recordando que la resiliencia es un camino no un destino final,Stressed
Entre el pasado y el futuro busco vivir plenamente el presente,Stressed
La soledad se siente presente pero busco sutil y reconfortante,Stressed
Todo en y paz sin discordias ni malentendidos que me perturben,Stressed
optimista y positivo sin pensamientos negativos que me agobien,Stressed
seguro y confiado sin miedos ni inseguridades que me paralicen,Stressed
Disfrutando de la libertad de ser yo mismo sin ni pretensiones,Stressed
Encuentro la belleza en la aceptando la vida con sus altibajos,Stressed
Mi mente tranquila sin pensamientos negativos que me perturben,Stressed
Encuentro la belleza en la diversidad en la riqueza de la vida,Stressed
Mi mente tranquila sin pensamientos negativos que la perturben,Stressed
Disfruto de la libertad de compartir mis talentos con el mundo,Stressed
La esperanza es una estrella distante inalcanzable en mi noche,Stressed
La oscuridad me paraliza por completo pero busco el movimiento,Stressed
Los siguientes 200 mantienen la misma de profundidad emocional,Stressed
Necesito encontrar la fuerza para pedir ayuda aunque me cueste,Stressed
La ansiedad me bloquea mentalmente necesito claridad emocional,Stressed
Busco un espacio mental seguro donde poder respirar libremente,Stressed
Calma mental en mis lazos para encontrar equilibrio y duradera,Stressed
Necesito encontrar equilibrio antes de que sea demasiado tarde,Stressed
Estoy haciendo mi mejor esfuerzo pero sigue sin ser suficiente,Stressed
Ogni esperienza un insegnamento che arricchisce il mio cammino,Stressed
Sentirsi grati per ogni piccolo dettaglio ogni grande emozione,Stressed
La vita un dono da apprezzare con calma e gratitudine profonda,Stressed
La bellezza del momento presente la calma della consapevolezza,Stressed
La vita unopera darte e io voglio dipingerla con colori vivaci,Stressed
A volte mi sento come se stessi correndo in cerchio senza meta,Stressed
La mia mente un mare in tempesta e io sono in balia delle onde,Stressed
La a trovare un equilibrio tra le esigenze altrui e le proprie,Stressed
La sensazione di essere in un continuo stato di scoraggiamento,Stressed
Sento il peso di un silenzio assordante che mi isola dal mondo,Stressed
La mia pace unisola sommersa dalle onde di un mare in tempesta,Stressed
Le montagne delle mie paure mi circondano senza di fuga scampo,Stressed
La mia una torre di carte che crolla al minimo soffio di vento,Stressed
Cerco un senso di appartenenza ma non lo trovo in nessun luogo,Stressed
Cerco una via duscita ma non la vedo intrappolato in me stesso,Stressed
Il respiro un po affannoso come se portassi un peso invisibile,Stressed
La speranza unombra che si allunga oscurando la luce interiore,Stressed
La voglia di sorridere un muscolo stanco unespressione forzata,Stressed
Mi sento come se fossi unanima in lutto per la mia stessa vita,Stressed
Non riesco a trovare la forza di accettare la mia imperfezione,Stressed
La mia mente un campo di battaglia di pensieri autodistruttivi,Stressed
Sento di essere in un vuoto cosmico senza punti di riferimento,Stressed
Uneco di unisola deserta nel cuore della unisola di solitudine,Stressed
Unassenza di energia che mi rende immobile un corpo senza vita,Stressed
La un labirinto senza uscita senza via di fuga senza di scampo,Stressed
Unassenza di speranza che mi avvolge come un sudario una tomba,Stressed
La unombra che si allunga inghiottendo ogni luce ogni speranza,Stressed
Non sento il calore del sole solo il freddo della notte eterna,Stressed
Il silenzio diventato il mio unico compagno unassenza di suoni,Stressed
Uneco di unanima che si isola nel silenzio nel vuoto nel nulla,Stressed
Anticipation for an upcoming adventure in an exotic destination,Stressed
Aweinspired by the vastness of the cosmos on a stargazing night,Stressed
Dazzled by the elegance of a masquerade balls dazzling costumes,Stressed
Feeling like every single thing is absolutely perfect right now,Stressed
Happiness is the best accessory you can wear always and forever,Stressed
Overjoyed by the warmth of a cozy fireplace on a winter evening,Stressed
Overwhelmed by the support received during a personal challenge,Stressed
Reflecting on personal growth achieved through life experiences,Stressed
Satisfaction derived from successfully completing a DIY project,Stressed
A quiet determination to keep moving forward no matter the pace,Stressed
Finding beauty in the quiet strength and perseverance of nature,Stressed
Finding light in the simple moments of genuine human connection,Stressed
Just cant seem to feel a strong sense of connection with others,Stressed
Just cant seem to find my usual sense of humor Its gone missing,Stressed
Just trying to find a little bit of light in the darkness today,Stressed
Navigating the intricate inner landscape with patience and care,Stressed
The struggle to find motivation for things that once excited me,Stressed
The world feels like its operating at a different speed than me,Stressed
Burnout is knocking and I dont have the energy to lock the door,Stressed
Trying to hold it together but life keeps throwing things at me,Stressed
Everything feels heavy like Im carrying the weight of the world,Stressed
Its not that I want to disappear but I wouldnt mind fading away,Stressed
Just going through it day by day hoping for some kind of change,Stressed
Just wanting to feel something other than this profound sadness,Stressed
Lost my way again in the maze of my own mind No map to guide me,Stressed
The days stretch endlessly before me a vast and empty landscape,Stressed
The emptiness is a vast and seemingly bottomless void within me,Stressed
The emptiness is all there is sometimes a vast and echoing void,Stressed
The sky looks different when you take a moment to appreciate it,Stressed
The world feels distant like Im watching it through a thick fog,Stressed
Just navigating the emotional minefield of my current situation,Stressed
Just trying to find the cheat codes for adulting under pressure,Stressed
Just trying to outrun the todo list monster thats gaining on me,Stressed
My brain feels like a tangled web spun by a very anxious spider,Stressed
My mental bandwidth is currently narrower than a strand of hair,Stressed
My tolerance for minor inconveniences has reached absolute zero,Stressed
Theres no such thing as œfree time when your brain never stops,Stressed
Entre el pasado y el futuro encontrando la belleza del presente,Stressed
Aprendiendo a encontrar luz en los rincones oscuros de la mente,Stressed
Recordando que la resiliencia se construye con pasos y actos de,Stressed
Dejo que la calma me envuelva como una manta suave en una noche,Stressed
La rutina se siente opresiva pero busco escapadas para respirar,Stressed
Buscando momentos de humana que me hagan sentir vivo y presente,Stressed
Intentando encontrar la chispa de la creatividad que me inspire,Stressed
La soledad se siente cerca buscando conexiones sutiles y reales,Stressed
La mente se siente dispersa intentando enfocarme en el presente,Stressed
de buscando claridad en mis pensamientos confusos para entender,Stressed
en equilibrio sin altibajos emocionales encontrando estabilidad,Stressed
Conectado con mi entorno y con los sin sentirme aislado ni solo,Stressed
estable y seguro sin fluctuaciones emocionales que me perturben,Stressed
Agradezco la claridad que me permite comunicarme con honestidad,Stressed
Mi mente enfocada en el bienestar integral sintiendo equilibrio,Stressed
Mi mente serena sintiendo la paz que viene de la de mi realidad,Stressed
La es una que ya no puedo recordar una perdida en el tiempo 265,Stressed
La esperanza es un susurro que se ha perdido en el viento de la,Stressed
Siento que me desbordo sentimentalmente mental necesito control,Stressed
Busco un momento de silencio profundo para encontrar mi esencia,Stressed
Siento que la vida me acelera demasiado necesito bajar el ritmo,Stressed
La mente es un enjambre de emociones confusas y contradictorias,Stressed
Busco un momento de paz profunda en mi para encontrar serenidad,Stressed
Busco un momento de sentimental para olvidar el ruido emocional,Stressed
La bellezza della gratitudine la calma del cuore e la dellanima,Stressed
Sentirsi fortunati pieni di apprezzamento e gratitudine sincera,Stressed
Sentirsi a casa nel mondo in pace con se stessi e con gli altri,Stressed
Sentirsi leggeri come una piuma danzando con la vita in armonia,Stressed
Sentirsi in sintonia con la natura e le persone in ogni momento,Stressed
La gioia un sentimento che si moltiplica quando viene condiviso,Stressed
A volte mi sento come se stessi affondando in un mare di stress,Stressed
A volte mi sento come se stessi lottando contro il mondo intero,Stressed
La sensazione di essere in un continuo stato di stress da tempo,Stressed
Unangoscia che nasce dalla paura di non trovare una via duscita,Stressed
La sensazione di essere in un continuo stato di insoddisfazione,Stressed
La mia pazienza una tela sfilacciata che si dissolve lentamente,Stressed
Mi sento come un uccello con le ali spezzate incapace di volare,Stressed
La mia forza una corda che si sfilaccia sotto tensione costante,Stressed
Il mio controllo una diga che sta per cedere sotto la pressione,Stressed
Mi sento come una foglia morta che cade in un abisso senza fine,Stressed
I miei pensieri sono ombre che danzano in una stanza senza luce,Stressed
Le parole si frantumano in un silenzio che pesa come un macigno,Stressed
Le parole sono foglie secche che cadono in un pozzo senza fondo,Stressed
Le onde delle ansie mi trascinano in senza di risalita salvezza,Stressed
Sento il peso dellinvisibile che mi schiaccia senza compassione,Stressed
La mia una goccia di pioggia in un oceano di amarezza interiore,Stressed
La mia una goccia di pioggia in un oceano di lacrime silenziose,Stressed
Cerco un colore che non trovo una di gioia che sembra scomparsa,Stressed
Giornate grigie che sembrano non finire la tristezza mi avvolge,Stressed
Giorni grigi che sembrano non finire mai la tristezza mi divora,Stressed
I ricordi sono come nebbia offuscati e difficili da distinguere,Stressed
La vita un film senza finale una storia che non si conclude mai,Stressed
Le emozioni sono come un giardino senza profumo una terra arida,Stressed
Mi sento come se fossi unanima in catene della mia stessa mente,Stressed
Non riesco a trovare la pace interiore sono sempre in conflitto,Stressed
Unaria di stanchezza anche nel riposo unaffaticamento dellanima,Stressed
Unindifferenza che una barriera invisibile un muro che mi isola,Stressed
Unombra di apatia anche nella passione un disinteresse costante,Stressed
Ogni giorno una battaglia persa la speranza morta nel mio cuore,Stressed
Sento di essere sul punto di crollare sotto il peso della paura,Stressed
Navigando in un labirinto dove le pareti continuano a spostarsi,Stressed
Quando la calma prima della tempesta solo una pausa molto lunga,Stressed
Il mondo un libro senza parole una storia che non ha mai inizio,Stressed
Il mondo un abisso senza fondo senza di risalita senza salvezza,Stressed
Uneco di unanima che si perde nelloblio eterno senza di ritorno,Stressed
Il mondo un deserto senza oasi senza di salvezza senza miracoli,Stressed
Unassenza di connessione come se fossi tagliato fuori dal mondo,Stressed
A burst of creativity in the quiet solitude of an artists studio,Stressed
A little sunshine a little laughter and a whole lot of happiness,Stressed
A sense of accomplishment after completing a challenging workout,Stressed
Creating a secret handshake with friends Friendship level Expert,Stressed
Just living in my own little happy bubble of joy and contentment,Stressed
Pretending to be okay for one more day The mask is getting heavy,Stressed
Savoring the warmth of a cup of cocoa on a chilly winter evening,Stressed
Feeling a bit restless but also super tired Contradictory I know,Stressed
Feeling like Im living in a bit of a dream state not fully awake,Stressed
Immersed in the enchanting melodies of a street musicians violin,Stressed
Just cant seem to feel any real anticipation for upcoming events,Stressed
Just trying to find a small reason to smile that reaches my eyes,Stressed
Just trying to find my own personal rhythm in this chaotic world,Stressed
Just trying to keep it together without making it obvious Im not,Stressed
The kind of day where nothing happens yet everything feels right,Stressed
The struggle to find meaning and purpose in the everyday routine,Stressed
A picture is worth a thousand words but this one is just for you,Stressed
I keep telling myself its just a phase but it feels like forever,Stressed
Not every moment needs to be an adventure some are just peaceful,Stressed
Struggling to balance everything and dropping the ball too often,Stressed
Trying to find the balance between œIts okay and œIm losing it,Stressed
Trying to juggle work life and sanity  guess which one I dropped,Stressed
Empty spaces within Trying to fill them but nothing seems to fit,Stressed
Feeling unseen like Im fading into the background of my own life,Stressed
Fighting a silent war within myself one that no one else can see,Stressed
Just wishing for peace of mind A quiet corner in my own thoughts,Stressed
My mind is a battlefield and Im constantly fighting a losing war,Stressed
Nostalgic memories flood in while revisiting childhood favorites,Stressed
Some days I feel like Im drowning and no one can hear my screams,Stressed
The darkness lingers even when the sun is supposed to be shining,Stressed
The darkness surrounds me a heavy blanket that smothers any hope,Stressed
The quiet moments are the hardest when there are no distractions,Stressed
The smile feels forced a fragile shield against the storm inside,Stressed
The worst part about feeling empty is knowing you once felt full,Stressed
Trapped within myself with no way to break free from these walls,Stressed
Trying to keep up appearances but it takes every ounce of energy,Stressed
Giddy with excitement as the first snowflakes dance from the sky,Stressed
Motivated to achieve fitness goals after an invigorating workout,Stressed
My inner voice is currently whispering just breathe or maybe run,Stressed
Pretty sure my stress has started leaving notes around the house,Stressed
Survived a challenging physics exam Equations you wont defeat me,Stressed
Trapped in this endless cycle of despair with no visible way out,Stressed
Where did the light go Searching in the shadows but its all dark,Stressed
Brilla sin miedo la vida es demasiado corta para esconder tu luz,Stressed
La felicidad no depende de las circunstancias sino de tu actitud,Stressed
Entre la rutina y la novedad intentando encontrar un punto medio,Stressed
Entre la duda y la fe buscando mi propio camino con pasos firmes,Stressed
Solo quiero que alguien me entienda sin que tenga que explicarlo,Stressed
A veces siento que me estoy ahogando en mis propios pensamientos,Stressed
Recordando que la paciencia es una virtud en los momentos lentos,Stressed
Busco la esperanza en los detalles en los gestos de amabilidad y,Stressed
Tengo tantas emociones dentro de pero ninguna encuentra su lugar,Stressed
La tristeza es una sombra que me sigue pero busco la luz del sol,Stressed
Buscando momentos de en el para recordar que la felicidad existe,Stressed
La vida se siente un poco descolorida pero busco matices sutiles,Stressed
satisfecho con lo que tengo y con quien soy encontrando plenitud,Stressed
Todo en paz y serenidad sin conflictos internos que me perturben,Stressed
Conectado con mi comunidad y entorno social parte de algo grande,Stressed
Conectado con mis pasiones y aficiones viviendo con entusiasmo y,Stressed
Encuentro la en la con mi comunidad en el sentido de pertenencia,Stressed
Mi mente enfocada en el presente sintiendo la plenitud del ahora,Stressed
Agradezco la claridad que me permite vivir con y coraje ante los,Stressed
La soledad pesa como una losa pero quiero encontrar en mi camino,Stressed
Necesito encontrar la fuerza para seguir luchando aunque agotado,Stressed
Necesito encontrar la fuerza para seguir luchando aunque cansado,Stressed
Necesito encontrar la fuerza para seguir respirando aunque duela,Stressed
Necesito encontrar mi camino en la oscuridad aunque sea incierto,Stressed
Siento que me estoy cayendo sin fin pero busco un punto de apoyo,Stressed
Tal vez solo tal vez hay un mejor que este hoy aunque no lo crea,Stressed
Me siento como si estuviera hecho de cristal a punto de romperse,Stressed
Busco un momento de paz mental para encontrar serenidad interior,Stressed
Siento que me vuelvo loco mentalmente necesito cordura emocional,Stressed
Busco un momento de silencio mental para escuchar mi sentimental,Stressed
La ansiedad me paraliza sentimentalmente mental necesito avanzar,Stressed
Busco un momento de paz mental para encontrar serenidad en lazos,Stressed
Busco calma mental en mis relaciones para encontrar equilibrio y,Stressed
La bellezza della vita nelle piccole cose che spesso trascuriamo,Stressed
Momenti di gratitudine pensieri positivi e sinceri cuore leggero,Stressed
Pensieri positivi come stelle che brillano nella notte dellanima,Stressed
Sentirsi grati per la bellezza del mondo e per la pace interiore,Stressed
La calma che riempie la gioia che illumina ogni angolo dellanima,Stressed
Un attimo di pace universale un pensiero di amore incondizionato,Stressed
La che incanta lanima la calma che rassicura il corpo e la mente,Stressed
A volte ho bisogno di un respiro profondo per ritrovare la calma,Stressed
Unansia che nasce dalla paura di non riuscire a processare tutto,Stressed
Il mio spirito un vulcano spento che erutta cenere di malinconia,Stressed
Il mio equilibrio una corda tesa che oscilla sul baratro dellans,Stressed
La mia concentrazione una nuvola che oscura ogni pensiero chiaro,Stressed
La mia speranza un sussurro lontano in una stanza piena di grida,Stressed
La mia una goccia di pioggia in un oceano di dolore e sofferenza,Stressed
Sento leco del silenzio che urla dentro di me come un grido muto,Stressed
La mia calma un sussurro lontano che si perde nel vento del caos,Stressed
La mia unombra che si allontana lasciando solo il buio dellanima,Stressed
La mia un fiume prosciugato dove la vita non scorre dentro di me,Stressed
La mia una goccia di rugiada che evapora sotto il sole dellansia,Stressed
La mia armonia una melodia spezzata che suona nel caos del cuore,Stressed
La mia anima una mappa sbiadita senza sentieri chiari da seguire,Stressed
Cerco un rifugio sicuro ma non lo trovo sono un nomade dellanima,Stressed
Il respiro un po corto come se il peso del mondo mi schiacciasse,Stressed
Il respiro un po lento come se avessi paura di respirare a fondo,Stressed
Il respiro un po pesante come se portassi un fardello invisibile,Stressed
Il silenzio un dialogo interrotto dove le parole non trovano eco,Stressed
Il silenzio un rumore assordante pieno di domande senza risposta,Stressed
Il silenzio uneco di domande senza risposta un tormento costante,Stressed
La mia anima un campo di macerie senza speranza di ricostruzione,Stressed
La vita un viaggio senza mappa e senza stelle un sentiero oscuro,Stressed
La voglia di sognare un fuoco spento un desiderio che si estinto,Stressed
Mi sento come se fossi un prigioniero della mia stessa tristezza,Stressed
Mi sento come se fossi unanima in attesa di una salvezza che non,Stressed
Uneco di anche tra chi mi conosce da sempre un senso di distanza,Stressed
Sento di essere in un vortice di autodistruzione senza controllo,Stressed
Concentrarsi sulla sensazione di essere intrappolati e soffocati,Stressed
Il mio livello di pazienza attualmente a per favore non parlarmi,Stressed
Uneco di unesistenza che si trasforma in cenere fredda e sterile,Stressed
Uneco di un sogno che diventato un incubo senza fine una tortura,Stressed
Il mondo unillusione che svanisce nel nulla lasciando solo vuoto,Stressed
Non trovo il sentiero che porta a casa mi sono persoa per sempre,Stressed
Admiration for the intricate details of a handcrafted masterpiece,Stressed
All I need is a little bit of coffee and a whole lot of happiness,Stressed
Embarking on a culinary odyssey savoring flavors around the world,Stressed
Exploring the universe within during a mindful meditation session,Stressed
Feeling absolutely wonderful and overflowing with happiness today,Stressed
Just a little dose of happy to brighten up your day Hope it works,Stressed
Feeling like Im just an observer in my own life not a participant,Stressed
Finding solace in the quiet companionship of a comforting routine,Stressed
Heartache deepens a solitary journey through the abyss of despair,Stressed
Holding onto the hope that things will eventually fall into place,Stressed
Just cant seem to find any pleasure in the things I usually enjoy,Stressed
Searching for a moment of respite from the constant inner chatter,Stressed
Sorrowful echoes a symphony of pain played by the strings of loss,Stressed
A little stress is motivating This much stress is just exhausting,Stressed
Even on the busiest days theres always time to look up at the sky,Stressed
If thoughts could be silenced Id pay anything for the mute button,Stressed
Pretending to be okay because explaining why Im not is exhausting,Stressed
They say take it one step at a time but Im stuck on the first one,Stressed
Feeling completely isolated even when surrounded by people I know,Stressed
Feeling like a failure like Im not strong enough to overcome this,Stressed
Hard to find a reason to smile when theres so much sadness inside,Stressed
Hope feels like a distant and unattainable dream meant for others,Stressed
Lost in the quiet The silence screams louder than any words could,Stressed
Silence is the only language that resonates with my current state,Stressed
Struggling to find even the smallest glimmer of hope to hold onto,Stressed
Whimsical delight in a world of fairy tales and magical creatures,Stressed
Every time I check something off my list three more things appear,Stressed
Intrigued by the symphony of colors in an abstract art exhibition,Stressed
It feels like life is moving too fast and Im stuck in slow motion,Stressed
Just trying to find the instruction manual for this level of life,Stressed
Life feels like a constant balancing act and Im losing my footing,Stressed
Radiant joy akin to blossoming flowers on a sunlit spring morning,Stressed
Un par de personas en una sala de estar jugando a la Nintendo Wii,Stressed
No esperes a que pase la tormenta aprende a bailar bajo la lluvia,Stressed
Aprendiendo a encontrar paz en los momentos de silencio y soledad,Stressed
A veces solo quiero que alguien me abrace y me diga que todo bien,Stressed
Aprendiendo a encontrar paz en la de la vida y de nosotros mismos,Stressed
La mente se siente dispersa pero intento enfocarme en el presente,Stressed
Intentando encontrar el equilibrio entre el trabajo y el descanso,Stressed
La esperanza es una llama tenue pero intento mantenerla encendida,Stressed
Intentando encontrar la calma en la tormenta interna que me agita,Stressed
Me pierdo en mis pensamientos y no encuentro el camino de regreso,Stressed
Me siento atrapado entre lo que quiero hacer y lo que puedo hacer,Stressed
Todo en orden y en su lugar sin caos ni descontrol que me afecten,Stressed
Un relajado y tranquilo lleno de momentos de descanso y serenidad,Stressed
Conectado con mi creatividad y sin sentirme bloqueado ni limitado,Stressed
conectado con el ritmo natural de la vida todo fluye sin esfuerzo,Stressed
Agradezco la claridad que me permite tomar decisiones conscientes,Stressed
Mi mente enfocada en el aprendizaje continuo sintiendo curiosidad,Stressed
Mi mente busca equilibrio paz y bienestar en todas las de mi vida,Stressed
Disfruto de la libertad de ser vulnerable de mostrar mi humanidad,Stressed
El dolor es un fuego que me quema pero quiero aprender a apagarlo,Stressed
La es una flor que se ha marchitado bajo la sombra de la tristeza,Stressed
Mi mente es un laberinto sin salida pero busco una puerta secreta,Stressed
Siento que mi se ha convertido en un desierto de hielo y sin vida,Stressed
Busco un momento de paz mental para encontrar serenidad emocional,Stressed
Siento que la mental me aplasta necesito encontrar vulnerabilidad,Stressed
Busco un momento de silencio mental para escuchar mi voz interior,Stressed
Siento que me pierdo en la emocional necesito encontrar mi camino,Stressed
Siento que el tiempo no es suficiente para todo lo que debo hacer,Stressed
Pensieri positivi come fiori che sbocciano nel giardino dellanima,Stressed
Sentirsi radicati nel qui e ora in pace con se stessi e con tutto,Stressed
Pensieri positivi come fiori che sbocciano nel giardino interiore,Stressed
Giornate di sorrisi radiosi anime in armonia con luniverso intero,Stressed
La mia di sopportazione un tessuto logoro sul punto di strapparsi,Stressed
I miei pensieri sono frammenti di un mosaico rotto senza immagine,Stressed
Il mio equilibrio una danza sul filo del rasoio con occhi bendati,Stressed
Il vento delle preoccupazioni mi spinge in direzioni indesiderate,Stressed
La mia anima un albero senza linfa vitale che si secca lentamente,Stressed
Mi sento come unisola isolata in un mare di solitudine senza rive,Stressed
Le stelle della mia fortuna sono oscurate da una notte senza luna,Stressed
I miei pensieri sono sussurri che si perdono in un eco senza fine,Stressed
La mia anima un libro chiuso con pagine bianche e silenziose urla,Stressed
La mia mente uneco di uneco che si perde in un labirinto di suoni,Moderately Depressed
Sento il peso di un silenzio carico che mi soffoca come un cappio,Moderately Depressed
Sento il rumore di unassenza che mi avvolge come una nebbia fitta,Moderately Depressed
La mia pace unisola deserta circondata da un mare di inquietudine,Moderately Depressed
La mia chiarezza un vetro sporco che distorce ogni riflesso della,Moderately Depressed
La mia una torre di sabbia che si dissolve sotto londa del dolore,Moderately Depressed
La mia anima un sentiero tortuoso senza punti di riferimento noti,Moderately Depressed
La mia un castello di sabbia che si dissolve con londa del dubbio,Moderately Depressed
La calma una superficie fragile pronta a rompersi al minimo tocco,Moderately Depressed
La mia mente un oceano in tempesta senza fine senza quiete o pace,Moderately Depressed
La speranza un filo di fumo che si disperde un sogno che svanisce,Moderately Depressed
La vita un film senza sceneggiatura un improvvisazione senza fine,Moderately Depressed
Mi sento come se fossi intrappolato in un incubo senza svegliarmi,Moderately Depressed
Mi sento come se fossi solo al mondo senza nessuno che mi capisca,Moderately Depressed
Unassenza di slancio senza un motivo definito uninerzia interiore,Moderately Depressed
Uninquietudine che non trova pace interiore un tormento dellanima,Moderately Depressed
Ogni respiro una fatica non so continuare a lottare contro questa,Moderately Depressed
Non sento il calore di un abbraccio solo il freddo dellisolamento,Moderately Depressed
Non trovo la voglia di condividere sono troppo stancoa di fingere,Moderately Depressed
Non trovo il senso in questa esistenza vuota priva di significato,Moderately Depressed
Uneco di unanima che si arresa alla disperazione senza combattere,Moderately Depressed
Non sento la promessa di un futuro migliore solo leco del passato,Moderately Depressed
Non sento il battito della vita solo il ticchettio di un orologio,Moderately Depressed
Non sento il calore di un abbraccio solo il gelo dellindifferenza,Moderately Depressed
Non trovo la strada che porta alla ho perso la bussola e la mappa,Moderately Depressed
Unassenza di energia come se fossi un corpo senza anima un automa,Moderately Depressed
Non trovo la luce che mi guida sono persoa nel buio senza bussola,Moderately Depressed
Captivated by the ethereal beauty of a field filled with fireflies,Moderately Depressed
Inspiration strikes while observing the colors of a vibrant sunset,Moderately Depressed
Can anyone else feel this overwhelming sense of being disconnected,Moderately Depressed
Feeling a bit detached from the present moment lost in my thoughts,Moderately Depressed
Feeling like Im carrying a weight thats invisible to everyone else,Moderately Depressed
Finding beauty in the quiet resilience of a single tenacious plant,Moderately Depressed
Just being here even when it feels incredibly challenging to do so,Moderately Depressed
Just cant seem to find the energy for even basic selfcare routines,Moderately Depressed
Still searching for that elusive inner spark of joy and motivation,Moderately Depressed
The quiet amplifies everything the pain the loneliness the despair,Moderately Depressed
The weight of feeling like Im not living up to my own expectations,Moderately Depressed
Marveling at the kaleidoscope of colors in a vibrant street market,Moderately Depressed
Mentally exhausted emotionally drained physically running on empty,Moderately Depressed
The only thing getting me through today is the thought of tomorrow,Moderately Depressed
Walking through life at an easy pace appreciating the small things,Moderately Depressed
Aching heart the symphony of pain plays in the silence of solitude,Moderately Depressed
Feeling utterly lost and without any sense of direction or purpose,Moderately Depressed
Imbued with gratitude for the simple pleasure of a warm cup of tea,Moderately Depressed
Inspired by the resilience of a lone tree standing tall in a storm,Moderately Depressed
Just trying to breathe through it Each breath feels like a victory,Moderately Depressed
Just wanting someone to see the real me hidden beneath the surface,Moderately Depressed
Longing for something real something to break through the numbness,Moderately Depressed
Lost the connection to my own sense of worth and value as a person,Moderately Depressed
Lost the connection to myself somewhere along the way Who am I now,Moderately Depressed
No inner drive or motivation for anything even things I once loved,Moderately Depressed
Spark of inspiration ignites like a shooting star in the night sky,Moderately Depressed
The shadows offer a strange comfort a place to hide from the light,Moderately Depressed
The silence screams with all the things I cant bring myself to say,Moderately Depressed
The weight of the world feels heavier when youre carrying it alone,Moderately Depressed
The worlds vibrancy only serves to highlight my own inner deadness,Moderately Depressed
The worlds vibrancy serves only to highlight my own inner deadness,Moderately Depressed
Trying to keep my head above water while my thoughts pull me under,Moderately Depressed
Barely keeping my head above water but at least Im still breathing,Moderately Depressed
Bittersweet emotions arise while bidding farewell to a dear friend,Moderately Depressed
Even when I have free time I feel like I should be doing something,Moderately Depressed
Feeling like Im constantly falling behind no matter how hard I try,Moderately Depressed
I dont even know what Im stressed about anymoreits just everything,Moderately Depressed
Just navigating the emotional rollercoaster of my current workload,Moderately Depressed
Just trying to find the user manual for my current level of stress,Moderately Depressed
My ability to handle minor inconveniences is currently nonexistent,Moderately Depressed
Pretending I have everything figured out when Im barely holding on,Moderately Depressed
Pretty sure my stress has started its own fan club in my shoulders,Moderately Depressed
Radiant joy akin to blooming flowers on a sunkissed spring morning,Moderately Depressed
Un hombre y una mujer jugando a la Wii mientras un tercero observa,Moderately Depressed
Cuando la vida te da mil razones para llorar dale mil razones para,Moderately Depressed
A veces el silencio es un refugio otras una pregunta sin respuesta,Moderately Depressed
Dejando que la calma me envuelva como una manta suave en una noche,Moderately Depressed
Entre el pasado y el futuro encontrando el presente como un regalo,Moderately Depressed
Buscando la en los recuerdos felices que me dan fuerza para seguir,Moderately Depressed
en paz y reconciliado con mi pasado y con mis expectativas futuras,Moderately Depressed
Un sencillo y gratificante lleno de momentos de gratitud y aprecio,Moderately Depressed
Agradezco la claridad que me permite ver las cosas con objetividad,Moderately Depressed
Agradezco la calma que encuentro en la rutina en la previsibilidad,Moderately Depressed
Disfrutando de la libertad de explorar nuevas ideas y perspectivas,Moderately Depressed
Mi mente serena sintiendo la paz que viene de la de mi camino y mi,Moderately Depressed
La soledad me asfixia lentamente pero quiero encontrar aire fresco,Moderately Depressed
La tristeza es un profundo pero quiero aprender a navegar sus olas,Moderately Depressed
La vida es un camino sin horizonte donde la esperanza se desvanece,Moderately Depressed
La vida es un eco que resuena en mi soledad sin fin mi aislamiento,Moderately Depressed
La vida es un espejo roto que refleja mi tristeza y dolor internos,Moderately Depressed
Me siento como un sin hojas desnudo y vulnerable ante el del mundo,Moderately Depressed
Mi mente es un campo de batalla donde la esperanza lucha contra la,Moderately Depressed
Mi mente es un campo de batalla y necesito un aliado en esta lucha,Moderately Depressed
Mi mente es una tormenta interminable pero busco la calma en lugar,Moderately Depressed
Siento que la mental me aplasta relaciones necesito vulnerabilidad,Moderately Depressed
Busco un momento de paz interior para encontrar serenidad profunda,Moderately Depressed
Quisiera que las preocupaciones se desvanecieran aunque sea por un,Moderately Depressed
Sentirsi a proprio agio in equilibrio con il mondo che ci circonda,Moderately Depressed
Sentirsi leggeri come una danza in armonia con il ritmo della vita,Moderately Depressed
Un respiro di interiore un sorriso di pura gratitudine per la vita,Moderately Depressed
Momenti di profonda pensieri chiari come il cielo dopo la tempesta,Moderately Depressed
Mi sento come se fossi intrappolato in un ciclo infinito di stress,Moderately Depressed
La sensazione di essere in un continuo stato di stanchezza mentale,Moderately Depressed
Le stelle della mia speranza sono oscurate da una notte senza fine,Moderately Depressed
Le parole sono gocce di pioggia che cadono in un pozzo senza fondo,Moderately Depressed
Sento il rumore di un vuoto che si espande come unombra senza fine,Moderately Depressed
La mia calma uneco di un ricordo lontano che si dissolve nel tempo,Moderately Depressed
La mia un ruscello prosciugato dal sole cocente della disperazione,Moderately Depressed
La mia calma uneco di un ricordo lontano che si perde nel silenzio,Moderately Depressed
Il silenzio una prigione con muri di pensieri oscuri e angoscianti,Moderately Depressed
La mia anima una bussola rotta che mi porta in direzioni sbagliate,Moderately Depressed
Il mio coraggio una candela che trema nella notte oscura dellanima,Moderately Depressed
La mia gioia uneco lontana di una melodia che non riesco a sentire,Moderately Depressed
Il mio controllo una diga che crolla liberando un fiume di lacrime,Moderately Depressed
Il mio coraggio una candela che trema nella notte oscura dei dubbi,Moderately Depressed
Il mio riposo uneco lontana di un sogno che non riesco a ricordare,Moderately Depressed
La mia chiarezza un vetro opaco che non riflette la luce interiore,Moderately Depressed
Cerco un senso di scopo ma non lo trovo sono un attore senza ruolo,Moderately Depressed
Il mondo mi sembra distante come se lo vedessi attraverso un vetro,Moderately Depressed
Il silenzio uneco di rimpianti che risuona nel vuoto del mio cuore,Moderately Depressed
Il tempo scorre lento senza ogni giorno una ripetizione dellultimo,Moderately Depressed
La speranza un filo derba che lotta contro il gelo una persistente,Moderately Depressed
La vita un viaggio senza mappa perso in un labirinto di incertezze,Moderately Depressed
Le emozioni sono come un giardino senza fiori un deserto interiore,Moderately Depressed
Le emozioni sono sfumate come colori sbiaditi senza la di un tempo,Moderately Depressed
Mi sento come se fossi un burattino senza controllo sulla mia vita,Moderately Depressed
Mi sento come se fossi unanima in attesa di un cambiamento che non,Moderately Depressed
Unassenza di gioia senza un motivo preciso un vuoto che si espande,Moderately Depressed
Unombra di apatia anche nella che mi ha sempre spinto ad esplorare,Moderately Depressed
Non gioia da nessuna parte solo un vuoto profondo che mi inghiotte,Moderately Depressed
Non trovo pace nella mia mente un tormento continuo che mi consuma,Moderately Depressed
Non luce solo infinita che mi avvolge e mi inghiotte completamente,Moderately Depressed
Non riesco a controllare i miei pensieri sono in balia della paura,Moderately Depressed
Il mio dialogo interiore sta avendo una discussione molto rumorosa,Moderately Depressed
A burst of artistic creativity in the quietude of an artists studio,Moderately Depressed
Curiosity piqued by the mysteries of an ancient archaeological site,Moderately Depressed
Excitement builds as the countdown to a longawaited vacation begins,Moderately Depressed
Happiness is not something readymade it comes from your own actions,Moderately Depressed
Just a little dose of happy to share with all of you amazing people,Moderately Depressed
Can anyone else feel this deep and persistent sense of being adrift,Moderately Depressed
Everything feels like it requires so much mental energy to navigate,Moderately Depressed
The constant effort of trying to keep my inner turmoil from showing,Moderately Depressed
The days feel repetitive and monotonous lacking any real highlights,Moderately Depressed
The quiet moments in my day are often filled with negative selftalk,Moderately Depressed
Contentment in the midst of a family gathering filled with laughter,Moderately Depressed
Life feels like a neverending marathon with no finish line in sight,Moderately Depressed
Numbness takes over Sometimes its a relief sometimes its terrifying,Moderately Depressed
Whispers of inspiration from the rustling leaves in a serene forest,Moderately Depressed
Cant seem to hold onto any good feelings they slip away too quickly,Moderately Depressed
Feeling like Im broken beyond repair shattered into too many pieces,Moderately Depressed
Feeling so detached from my own emotions like Im watching from afar,Moderately Depressed
Hard to find the energy for even the smallest things Its exhausting,Moderately Depressed
Its hard to find a reason to keep going when nothing feels worth it,Moderately Depressed
Just another heavy day Trying to find a sliver of light in the grey,Moderately Depressed
Just trying to survive each hour each minute Thats all I can manage,Moderately Depressed
Lost the precious and vital connection to my own sense of selfworth,Moderately Depressed
Torn apart by grief the echoes of loss reverberate through the soul,Moderately Depressed
Wishing for a single moment of genuine peace and a truly quiet mind,Moderately Depressed
Heartfelt gratitude for the laughter shared during a family reunion,Moderately Depressed
I keep telling myself everything will be okay but I dont believe it,Moderately Depressed
Its like Im carrying a backpack full of stress that I cant put down,Moderately Depressed
Just trying to navigate this period of intense pressure and demands,Moderately Depressed
My capacity for dealing with unexpected issues is dwindling rapidly,Moderately Depressed
My mental state is currently sponsored by anxiety and lack of sleep,Moderately Depressed
No matter how much I try to organize my life it still feels chaotic,Moderately Depressed
Some nights I close my eyes and wake up feeling even more exhausted,Moderately Depressed
Buscando la esperanza en los detalles que a menudo pasamos por alto,Moderately Depressed
Recordando que cada es una nueva oportunidad para crecer y aprender,Moderately Depressed
Intentando encontrar el equilibrio entre la actividad y el descanso,Moderately Depressed
La mente divaga pero intento traerla al presente para encontrar paz,Moderately Depressed
Todo en equilibrio y sin excesos ni carencias que me desestabilicen,Moderately Depressed
Conectado con mi y interior sin dudar de mismo ni de mis decisiones,Moderately Depressed
Conectado con mi y interior confiando en mis instintos y decisiones,Moderately Depressed
Agradezco la claridad mental que me permite tomar decisiones sabias,Moderately Depressed
Siento paz al aceptar lo que no puedo controlar y fluir con la vida,Moderately Depressed
Agradezco la claridad que me permite tomar decisiones con seguridad,Moderately Depressed
La oscuridad me envuelve por completo pero busco un destello de luz,Moderately Depressed
Siento que mi alma atrapada en un ciclo de dolor sin fin sin escape,Moderately Depressed
Me siento como si estuviera perdiendo la esperanza de encontrar paz,Moderately Depressed
Busco un momento de tranquilidad profunda para encontrar paz mental,Moderately Depressed
Busco un momento de silencio profundo para escuchar mi con claridad,Moderately Depressed
Busco un momento de silencio sentimental para escuchar mi emocional,Moderately Depressed
Me siento como si estuviera en un ciclo interminable de agotamiento,Moderately Depressed
Estoy tratando de organizar mi mente pero todo sigue siendo un caos,Moderately Depressed
Sentirsi in sintonia con il ritmo della vita e con il proprio cuore,Moderately Depressed
La vita un dono prezioso da vivere con calma e gratitudine infinita,Moderately Depressed
Le parole sono fumo che si dissolve nellaria senza lasciare traccia,Moderately Depressed
Le parole sono pietre silenziose che affondano nel mio cuore ferito,Moderately Depressed
I miei pensieri sono ombre che si allungano oscurando ogni speranza,Moderately Depressed
Le parole sono lacrime silenziose che cadono in un oceano di dolore,Moderately Depressed
La mia resistenza una tela strappata che non si riparare nascondere,Moderately Depressed
Il rumore del silenzio una sinfonia di angoscia e dolore senza fine,Moderately Depressed
La mia concentrazione un vetro appannato che distorce la percezione,Moderately Depressed
La mia mente un labirinto senza uscita con pareti di ricordi oscuri,Moderately Depressed
La mia anima una mappa strappata senza punti di riferimento interni,Moderately Depressed
La mia un fragile equilibrio su unaltalena di emozioni contrastanti,Moderately Depressed
La mia un ruscello che si prosciuga sotto il sole cocente dellansia,Moderately Depressed
Cerco unancora ma non la trovo sono alla deriva in un mare di dubbi,Moderately Depressed
I giorni sono come pagine di un diario mai letto vuote e silenziose,Moderately Depressed
Il respiro un po irregolare come se portassi un fardello invisibile,Moderately Depressed
La mia anima un campo di battaglia perso senza speranza di vittoria,Moderately Depressed
La speranza un filo derba che si piega sotto il vento un simbolo di,Moderately Depressed
Mi sento come se fossi unanima in lutto per la mia stessa innocenza,Moderately Depressed
Unassenza di entusiasmo senza una ragione chiara un vuoto interiore,Moderately Depressed
Unassenza di ispirazione senza una ragione chiara un vuoto creativo,Moderately Depressed
Unindifferenza che una maschera di stanchezza unespressione di resa,Moderately Depressed
Uninquietudine che non trova riposo nellanima un tormento interiore,Moderately Depressed
Unombra di malinconia anche nel sole una tristezza che non svanisce,Moderately Depressed
Non ho voglia di niente tutto mi sembra inutile e senza significato,Moderately Depressed
Non sento il profumo della vita solo lodore acre della disperazione,Moderately Depressed
La fatica diventata il mio respiro quotidiano un peso insostenibile,Moderately Depressed
Uneco di unanima che si spegne lentamente come una candela al vento,Moderately Depressed
Unassenza di motivazione che mi rende apaticoa indifferente a tutto,Moderately Depressed
Uneco di domande che non troveranno mai risposta un silenzio eterno,Moderately Depressed
Il mondo un libro senza pagine senza capitoli una storia incompiuta,Moderately Depressed
La mia mente un labirinto di pensieri che mi soffocano una prigione,Moderately Depressed
Il mondo un deserto senza oasi senza ristoro senza di sopravvivenza,Moderately Depressed
Experiencing cyberbullying Hateful messages online are disheartening,Moderately Depressed
Feeling a constant sense of being slightly overwhelmed by everything,Moderately Depressed
Feeling like Im navigating a ship thats caught in a relentless storm,Moderately Depressed
Feeling like Im walking through a landscape thats lost all its color,Moderately Depressed
Is it okay to just need some reassurance that things will be alright,Moderately Depressed
Just cant seem to find the motivation to engage in social activities,Moderately Depressed
Just cant seem to see a clear way out of this feeling of being stuck,Moderately Depressed
Just trying to find my own unique rhythm in this often chaotic world,Moderately Depressed
Searching for a glimmer of hope to hold onto when darkness surrounds,Moderately Depressed
Searching for a moment of genuine connection that doesnt feel forced,Moderately Depressed
The weight of the world on my shoulders feels light compared to this,Moderately Depressed
Awash with serenity as the sun sets over a tranquil lakeside retreat,Moderately Depressed
Tears fall like raindrops mourning the end of a cherished friendship,Moderately Depressed
The light has dimmed so much Im not sure if it can ever be reignited,Moderately Depressed
Another battle with my mind Its a fight I feel like Im always losing,Moderately Depressed
Barely holding on to the edge Afraid of what will happen if I let go,Moderately Depressed
Despair clouds the mind feeling adrift in an endless sea of darkness,Moderately Depressed
Even simple conversations feel like a monumental and exhausting task,Moderately Depressed
Feeling disconnected from everything I used to enjoy The joy is gone,Moderately Depressed
Hard to find light in the darkness when the darkness feels like home,Moderately Depressed
Longing for something to change for a shift in this heavy atmosphere,Moderately Depressed
No will to resist the pull of the void It feels strangely comforting,Moderately Depressed
Nothing seems to offer any real comfort or a lasting moment of peace,Moderately Depressed
Silence is my only comfort when the noise inside my head is too much,Moderately Depressed
The world moves on at its usual pace but I feel stuck in slow motion,Moderately Depressed
The worlds happiness only serves to highlight my own profound misery,Moderately Depressed
Currently operating on a delicate balance of deep breaths and denial,Moderately Depressed
Feeling down after not making the sports team Disappointment lingers,Moderately Depressed
Feeling like Im herding cats except the cats are my responsibilities,Moderately Depressed
Joined the drama club to unleash my inner actor Lights camera action,Moderately Depressed
My mental energy is currently being rationed like its the apocalypse,Moderately Depressed
Stress is like background noise in my lifeI barely notice it anymore,Moderately Depressed
Stress levels are at an alltime high but so is my need to keep going,Moderately Depressed
The pressure keeps building and Im not sure how much more I can take,Moderately Depressed
Buscando un espacio tranquilo donde la mente pueda descansar y sanar,Moderately Depressed
Buscando la claridad en los pensamientos confusos que nos atormentan,Moderately Depressed
Recordando que la fuerza en la vulnerabilidad compartida y la humana,Moderately Depressed
Todo en y entendimiento sin tensiones ni conflictos que me perturben,Moderately Depressed
Disfrutando de la calma del a sin prisas ni agobios que me perturben,Moderately Depressed
en equilibrio y centrado sin altibajos emocionales que me desestabil,Moderately Depressed
Agradezco la estabilidad emocional que me permite vivir con plenitud,Moderately Depressed
Cada es una oportunidad para crecer y aprender sin sentirme abrumado,Moderately Depressed
Disfrutando de la libertad de ser vulnerable de mostrar mi humanidad,Moderately Depressed
Siento la paz que viene de soltar el control confiando en el proceso,Moderately Depressed
Disfrutando de la libertad de expresar mi gratitud por todo lo bueno,Moderately Depressed
Necesito encontrar la fuerza para seguir respirando aunque me cueste,Moderately Depressed
Busco un momento de tranquilidad mental para encontrar paz emocional,Moderately Depressed
Busco un momento de silencio reflexivo para escuchar mi voz interior,Moderately Depressed
Siento que la mental me aplasta necesito encontrar fortaleza interna,Moderately Depressed
Estoy en una lucha constante entre lo que quiero y lo que debo hacer,Moderately Depressed
Giornate tranquille e serene anime in armonia e cuori colmi di gioia,Moderately Depressed
Unansia che nasce dalla paura di non riuscire a ricomporre se stessi,Moderately Depressed
Le montagne delle mie preoccupazioni mi sovrastano senza via duscita,Moderately Depressed
I miei pensieri sono frammenti di unimmagine che non riesco a vedere,Moderately Depressed
Sento leco di un addio silenzioso che mi perseguita come un fantasma,Moderately Depressed
La mia concentrazione un vetro appannato che distorce la circostante,Moderately Depressed
La mia mente un labirinto senza uscita con pareti di pensieri oscuri,Moderately Depressed
Il mio equilibrio una danza sul filo del rasoio con il cuore bendato,Moderately Depressed
Le parole sono foglie secche che cadono in un pozzo senza fondo fine,Moderately Depressed
La mia pace unisola lontana sommersa dalle onde del dolore interiore,Moderately Depressed
La mia calma uneco lontana perduta nel labirinto del tempo interiore,Moderately Depressed
Il mio riposo un sogno interrotto da un allarme silenzioso nellanima,Moderately Depressed
Cerco una via di fuga ma non la trovo sono intrappolato in me stesso,Moderately Depressed
La leggerezza un miraggio unillusione che si dissolve al tocco della,Moderately Depressed
Unaria di tristezza anche nei momenti felici una malinconia costante,Moderately Depressed
Unassenza di gioia senza un motivo apparente un vuoto che si espande,Moderately Depressed
Uneco di solitudine anche in mezzo alla gente un senso di isolamento,Moderately Depressed
Unindifferenza che non indifferenza ma un grido silenzioso di dolore,Moderately Depressed
Non speranza solo un dolore insopportabile che mi divora dallinterno,Moderately Depressed
Cerco di tenere la testa fuori dallacqua ma le onde sono implacabili,Moderately Depressed
Il delicato equilibrio del tenere tutto insieme e del cadere a pezzi,Moderately Depressed
La un sipario che si chiude lentamente senza applausi senza pubblico,Moderately Depressed
Uneco di unanima che si allontana sempre verso un abisso sconosciuto,Moderately Depressed
Uneco di unesistenza che si perde nella notte senza stelle luna solo,Moderately Depressed
Il mondo uneco di unesistenza passata un ricordo sbiadito senza vita,Moderately Depressed
Unassenza di motivazione come se fossi un robot senza programmazione,Moderately Depressed
Non sento la magia che una volta riempiva la vita solo la la routine,Moderately Depressed
A sense of wonder at the vastness of the cosmos on a stargazing night,Moderately Depressed
Collecting moments like fireflies letting their glow light up my soul,Moderately Depressed
Curiosity awakened by the mysteries of an ancient archaeological site,Moderately Depressed
Experimenting with a new hair color A bold change for a bold semester,Moderately Depressed
Heart in ruins the remnants of shattered dreams scattered in the wind,Moderately Depressed
Avoiding the thorns of regret walking barefoot on the path of remorse,Moderately Depressed
Feeling apathetic towards things I usually have strong opinions about,Moderately Depressed
Feeling like Im carrying an invisible weight that no one else can see,Moderately Depressed
Feeling like Im slowly losing touch with the things that matter to me,Moderately Depressed
Feeling like Im stuck in a repeating cycle of low mood and low energy,Moderately Depressed
Finding beauty in the quiet moments of personal reflection and growth,Moderately Depressed
Holding onto the belief that I am resilient and will get through this,Moderately Depressed
Just cant seem to focus on anything that requires sustained attention,Moderately Depressed
Just trying to find a little bit of peace in the quiet of the morning,Moderately Depressed
Just trying to find something to look forward to even something small,Moderately Depressed
Melancholy lingers a bittersweet serenade in the quietude of solitude,Moderately Depressed
The weight of feeling like Im constantly falling behind everyone else,Moderately Depressed
A full schedule an empty energy tank and a mind that wont stop racing,Moderately Depressed
Embracing the thrill of speed on a rollercoasters exhilarating twists,Moderately Depressed
Rejuvenated by the salty breeze and the sound of waves at the seaside,Moderately Depressed
Another day to simply endure the vast and echoing emptiness within me,Moderately Depressed
Cant even imagine a future where Im truly free from this heavy weight,Moderately Depressed
Feeling completely lost and without any sense of direction or purpose,Moderately Depressed
In the ruins of hope echoes of shattered dreams whisper tales of loss,Moderately Depressed
Just going through the motions hoping no one notices how empty I feel,Moderately Depressed
Just want to cease to exist to find an escape from this constant pain,Moderately Depressed
The quiet holds so much unspoken pain so many silent and unseen tears,Moderately Depressed
The simplest things feel incredibly hard right now Motivation is gone,Moderately Depressed
Emotional exhaustion the weight of the world crushing weary shoulders,Moderately Depressed
Lost in the pages of a captivating novel transported to another world,Moderately Depressed
My brain feels like a washing machine full of rocks on the spin cycle,Moderately Depressed
My brain is constantly yelling œYoure forgetting something important,Moderately Depressed
Painful echoes of a love once cherished now lost in the abyss of time,Moderately Depressed
Pretty sure my stress has started sending me passiveaggressive emails,Moderately Depressed
Suffocating under the immense and invisible pressure of just existing,Moderately Depressed
Dejando que la calma me envuelva como un abrazo suave y reconfortante,Moderately Depressed
Recordando que incluso los grises tienen su propia belleza y especial,Moderately Depressed
Me siento atrapado entre lo que quiero y lo que realmente puedo hacer,Moderately Depressed
Intentando encontrar la belleza en los momentos ordinarios de la vida,Moderately Depressed
Intentando encontrar la belleza en los momentos simples apreciando lo,Moderately Depressed
Conectado con mi entorno sin sentirme aislado encontrando pertenencia,Moderately Depressed
Conectado con mis y aspiraciones sin sentirme frustrado ni desanimado,Moderately Depressed
Disfrutando de la de los sin sentirme dependiente ni necesitado de su,Moderately Depressed
Agradezco la paz que encuentro en la naturaleza en la con lo esencial,Moderately Depressed
El silencio es mi refugio donde puedo esconderme del ruido y el dolor,Moderately Depressed
Siento que me estoy hundiendo en la sin fondo pero busco una tabla de,Moderately Depressed
Busco un momento de tranquilidad mental para encontrar paz espiritual,Moderately Depressed
Busco un momento de calma mental para encontrar mi centro sentimental,Moderately Depressed
Siento que la mente se desborda necesito encontrar orden y estructura,Moderately Depressed
Busco un momento de tranquilidad espiritual para encontrar paz mental,Moderately Depressed
Busco silencio mental en mis para escuchar mi voz interna y la de los,Moderately Depressed
Sentirsi a casa ovunque si vada in pace con se stessi e con luniverso,Moderately Depressed
Unoppressione che nasce dalla consapevolezza della propria solitudine,Moderately Depressed
I miei pensieri sono ombre che si rincorrono in un cerchio senza fine,Moderately Depressed
Mi sento come un ramo spezzato che galleggia in un fiume di tristezza,Moderately Depressed
Sento leco di un dolore antico che risuona come un lamento senza fine,Moderately Depressed
La mia forza un filo sottile che si spezza sotto il peso dellangoscia,Moderately Depressed
La mia mente un deserto di silenzio senza miraggi di speranza oasi di,Moderately Depressed
Le parole si dissolvono in un labirinto di eco senza uscita soluzione,Moderately Depressed
I miei pensieri sono echi di unanima smarrita senza direzione bussola,Moderately Depressed
Le parole sono fumo che si dissolve in un vuoto senza memoria ricordo,Moderately Depressed
Il mio coraggio un fiore che lotta contro il vento gelido della paura,Moderately Depressed
La mia un castello di sabbia eroso dalla marea dellangoscia interiore,Moderately Depressed
La mia mente una stanza buia dove i ricordi si aggirano come fantasmi,Moderately Depressed
Cerco un porto sicuro ma non lo trovo alla deriva in un mare di dubbi,Moderately Depressed
Il respiro un po trattenuto come se avessi paura di respirare a fondo,Moderately Depressed
La leggerezza unutopia un ideale irraggiungibile che mi sfugge sempre,Moderately Depressed
La stanchezza profonda del sonno unaffaticamento che non trova riposo,Moderately Depressed
La vita mi sembra unillusione senza fine senza sostanza o significato,Moderately Depressed
La voglia di fare un fuoco che si spegne lasciando solo cenere fredda,Moderately Depressed
Le parole degli altri suonano lontane come un eco in una stanza vuota,Moderately Depressed
Uninquietudine che non trova conforto interiore un tormento dellanima,Moderately Depressed
Unombra di disinteresse anche nella passione che mi ha sempre animato,Moderately Depressed
Mi sento come se fossi intrappolato in un incubo senza svegliarmi mai,Moderately Depressed
Mi sento come se stessi cadendo in un abisso senza fondo e senza fine,Moderately Depressed
Il buio mi avvolge completamente non vedo una luce in fondo al tunnel,Moderately Depressed
Il mio paesaggio interiore attualmente in costruzione indefinitamente,Moderately Depressed
Non sento il desiderio di comunicare le parole sono diventate inutili,Moderately Depressed
Uneco di unanima che si perde nel dolore profondo senza di guarigione,Moderately Depressed
Non sento il desiderio di vivere pienamente la vita diventata un peso,Moderately Depressed
Uneco di un sogno che si trasformato in rimpianto amaro una cicatrice,Moderately Depressed
Uneco di un sogno che diventato un ricordo doloroso una ferita aperta,Moderately Depressed
Drenched in nostalgia while flipping through an old family photo album,Moderately Depressed
Feeling a sense of loneliness even when Im surrounded by people I know,Moderately Depressed
Just trying to find a little bit of solace in the quiet of the evening,Moderately Depressed
Searching for a moment of respite from the relentless noise in my head,Moderately Depressed
Contentment envelops as the aroma of freshly baked bread fills the air,Moderately Depressed
Even simple acts of selfcare feel like monumental and impossible tasks,Moderately Depressed
Everything feels pointless like nothing I do really matters in the end,Moderately Depressed
Everything feels washed out muted and devoid of any real color or life,Moderately Depressed
Feeling consumed by this overwhelming sadness that never seems to lift,Moderately Depressed
Feeling like a broken and irreparable object beyond any hope of fixing,Moderately Depressed
Feeling nothing at all Sometimes its a shield sometimes its terrifying,Moderately Depressed
Harmony resonates as musicians play a melody of unity and togetherness,Moderately Depressed
Just want the pain to stop even for a little while A moment of respite,Moderately Depressed
Just wanting the relentless ache in my soul to finally mercifully stop,Moderately Depressed
No fight left inside me Just a weary resignation to the way things are,Moderately Depressed
No strength left to fight the constant pull of despair Just letting go,Moderately Depressed
The darkness has become my most constant reliable and unwelcome friend,Moderately Depressed
Time moves so slowly when youre hurting each second feels like an hour,Moderately Depressed
Trying to keep the fragile pieces of myself from shattering completely,Moderately Depressed
Feeling like Im constantly teetering on the edge of complete overwhelm,Moderately Depressed
Just trying to keep my head above water in this overwhelming situation,Moderately Depressed
My ability to make decisions is currently being held hostage by stress,Moderately Depressed
The pressure to be productive is always there even when I need a break,Moderately Depressed
Aprendiendo a cuidar mi mente como un que necesita y cuidado constante,Moderately Depressed
La mente se siente cansada pero intento encontrar para seguir adelante,Moderately Depressed
Intentando encontrar la paz en el silencio de la noche lejos del ruido,Moderately Depressed
Simplemente disfrutando del presente sin preocupaciones que me agobien,Moderately Depressed
Todo tranquilo y en calma sin conflictos ni discusiones que me alteren,Moderately Depressed
Disfrutando de la libertad de elegir mi camino sin sentirme presionado,Moderately Depressed
Encuentro la belleza en la impermanencia aceptando el cambio constante,Moderately Depressed
Agradezco la claridad que me permite vivir con integridad y coherencia,Moderately Depressed
Encuentro la en la con mi espiritualidad y mi sentido de trascendencia,Moderately Depressed
El dolor es un monstruo que me persigue pero quiero aprender a domarlo,Moderately Depressed
La es una palabra que ya no entiendo un idioma olvidado en mi tristeza,Moderately Depressed
La oscuridad me ciega por completo pero quiero encontrar la luz que me,Moderately Depressed
Me siento como un fantasma en mi propia vida invisible y sin presencia,Moderately Depressed
Busco un momento de claridad mental para ver las cosas con objetividad,Moderately Depressed
Busco un momento de tranquilidad mental para encontrar paz sentimental,Moderately Depressed
Busco un momento de perspectiva amplia para ver las cosas con claridad,Moderately Depressed
Siento que me desmorono emocionalmente necesito reconstruirme con amor,Moderately Depressed
Sentirsi in sintonia con il ritmo del cuore e con il respiro dellanima,Moderately Depressed
Un respiro di pace profonda un sorriso di pura gratitudine per la vita,Moderately Depressed
La sensazione di essere in un continuo stato di stress nelle relazioni,Moderately Depressed
La sensazione di essere intrappolatoa in una routine senza significato,Moderately Depressed
La sensazione di essere in un continuo stato di ricerca di significato,Moderately Depressed
Il mio equilibrio una danza sul filo del rasoio pericolosa e instabile,Moderately Depressed
I miei pensieri sono ombre che si intrecciano in un nodo inestricabile,Moderately Depressed
La mia calma uneco di un ricordo che svanisce come un sogno al mattino,Moderately Depressed
Il mio coraggio una fiamma tremolante che lotta contro il vento gelido,Moderately Depressed
Il temporale delle emozioni mi scuote senza tregua riparo consolazione,Moderately Depressed
I miei pensieri sono ombre che danzano in una stanza senza luce calore,Moderately Depressed
La mia anima un labirinto di specchi che riflettono il vuoto interiore,Moderately Depressed
La mia resistenza un filo sottile che si tende al limite della rottura,Moderately Depressed
Il silenzio uneco di rimpianti un lamento interiore che non trova voce,Moderately Depressed
La mia pace unisola deserta circondata da un mare di dubbi e rimpianti,Moderately Depressed
La vita una melodia stonata che non riesco a seguire unarmonia perduta,Moderately Depressed
Le emozioni sono come onde che si ritirano lasciando solo sabbia arida,Moderately Depressed
Le emozioni sono come un giardino senza fiori dove crescono solo spine,Moderately Depressed
Le parole degli altri sono come un vento freddo che mi fa rabbrividire,Moderately Depressed
Mi sento come se fossi unanima in catene della mia stessa disperazione,Moderately Depressed
Unaria di tristezza anche nei momenti di festa una malinconia costante,Moderately Depressed
Unassenza di slancio senza un motivo apparente un vuoto che si espande,Moderately Depressed
Uneco di disconnessione anche in mezzo alla folla un senso di costante,Moderately Depressed
Unindifferenza che una maschera di dolore un grido silenzioso di aiuto,Moderately Depressed
Unindifferenza che nasconde una tempesta un grido silenzioso di dolore,Moderately Depressed
Non ho voglia di niente tutto mi sembra inutile e privo di significato,Moderately Depressed
Sento di essere sul punto di impazzire di perdere ogni contatto con la,Moderately Depressed
Non trovo la voglia di lottare contro la corrente mi lascio trascinare,Moderately Depressed
Non trovo la forza di credere in un domani il futuro diventato unombra,Moderately Depressed
Non trovo la strada che porta alla pace interiore sono persoa nel caos,Moderately Depressed
Uneco di unanima che si rifugia nel buio lontano da ogni forma di luce,Moderately Depressed
Happiness is not about having everything but appreciating what you have,Moderately Depressed
Happiness is the best accessory you can possibly wear no doubt about it,Moderately Depressed
Everything feels like it requires a significant amount of mental effort,Moderately Depressed
Feeling a bit emotionally fragile and easily affected by small setbacks,Moderately Depressed
Feeling a persistent sense of dissatisfaction with my current situation,Moderately Depressed
Feeling like Im just going through the motions without any real feeling,Moderately Depressed
Feeling like Im walking through a dreamlike state detached from reality,Moderately Depressed
Finding solace in the quiet companionship of a creative outlet or hobby,Moderately Depressed
Holding onto the hope that I will eventually find my way back to myself,Moderately Depressed
Is it okay to just need some extra kindness and understanding right now,Moderately Depressed
Just cant seem to feel any real sense of accomplishment or satisfaction,Moderately Depressed
Just cant seem to find the motivation to work towards my longterm goals,Moderately Depressed
Just trying to find healthy ways to cope with these persistent feelings,Moderately Depressed
The future feels a bit daunting and something Id rather not think about,Moderately Depressed
The struggle to find meaning and purpose when everything feels so heavy,Moderately Depressed
Mastering the art of the perfect doodle during boring classes Doodles A,Moderately Depressed
My brain feels like an overworked search engine with too many open tabs,Moderately Depressed
Battling the constant negativity within the endless stream of selfdoubt,Moderately Depressed
Carrying a silent weight Its invisible to the world but its crushing me,Moderately Depressed
Desperation whispers the silent plea for a glimmer of hope in the abyss,Moderately Depressed
Feeling like Im a constant disappointment and burden to everyone I know,Moderately Depressed
Feeling like Im slowly and irrevocably fading into the vast nothingness,Moderately Depressed
Just existing not truly living Theres a difference and I feel it deeply,Moderately Depressed
Just wanting to feel nothing for a while a break from the constant pain,Moderately Depressed
Struggling with every single step each movement requires immense effort,Moderately Depressed
The weight on my chest makes it hard to breathe Its a constant pressure,Moderately Depressed
Wishing for an escape from this reality even if just for a little while,Moderately Depressed
In the labyrinth of grief the walls echo with the footsteps of lost joy,Moderately Depressed
Just navigating the labyrinth of my obligations hoping for an exit soon,Moderately Depressed
Dejando que la creatividad sea un escape suave y liberador para el alma,Moderately Depressed
Buscando la paz en el silencio de la noche y en los momentos de soledad,Moderately Depressed
Busco la paz en los momentos de silencio y soledad encontrando consuelo,Moderately Depressed
La vida se siente un poco gris buscando colores sutiles que la iluminen,Moderately Depressed
Intentando encontrar la calma en la tormenta interna para encontrar paz,Moderately Depressed
Todo fluye con naturalidad sin resistencias ni bloqueos que me detengan,Moderately Depressed
Disfrutando de la libertad de ser vulnerable de mostrar mi autenticidad,Moderately Depressed
Mi mente enfocada en el aprendizaje constante y el crecimiento personal,Moderately Depressed
Mi mente enfocada en el bienestar integral y la en todas las de mi vida,Moderately Depressed
Me siento como un fantasma en una casa perdido y olvidado en la soledad,Moderately Depressed
Siento que mi alma atrapada en un laberinto sin luz buscando una salida,Moderately Depressed
Busco un momento de calma mental para encontrar mi equilibrio emocional,Moderately Depressed
Busco un momento de claridad mental para ver cosas objetivas relaciones,Moderately Depressed
Busco un momento de calma profunda para encontrar mi equilibrio interno,Moderately Depressed
La mental me agobia sentimentalmente necesito encontrar alivio profundo,Moderately Depressed
Ansiedad bloquea en mis relaciones necesito claridad y apertura sincera,Moderately Depressed
Sentirsi grati per ogni piccola meraviglia ogni grande emozione vissuta,Moderately Depressed
Sentirsi in sintonia con il battito della vita e con il proprio respiro,Moderately Depressed
Momenti di profonda pensieri limpidi come lacqua di sorgente che scorre,Moderately Depressed
A volte mi sento come se stessi portando il peso del mondo sulle spalle,Moderately Depressed
Mi sento come un uccello con le ali legate incapace di spiccare il volo,Moderately Depressed
La mia anima un giardino abbandonato pieno di erbacce di preoccupazione,Moderately Depressed
La mia mente un deserto di silenzio senza orizzonte miraggi di speranza,Moderately Depressed
La mia mente una montagna di dubbi e paure che mi sovrasta e mi opprime,Moderately Depressed
La mia chiarezza un riflesso distorto in uno specchio opaco di emozioni,Moderately Depressed
La mia un vaso fragile che si frantuma al tocco leggero della delusione,Moderately Depressed
Cammino senza una meta chiara perso in un labirinto di pensieri e dubbi,Moderately Depressed
I giorni sono come un susseguirsi di ombre cupe costante che mi avvolge,Moderately Depressed
Il mondo un quadro che non riesco a decifrare un enigma senza soluzione,Moderately Depressed
La speranza un filo di seta che si sfilaccia perdendo la sua lucentezza,Moderately Depressed
La speranza una candela che vacilla pronta a spegnersi al minimo soffio,Moderately Depressed
La voglia di vivere un fuoco che si affievolisce perdendo il suo calore,Moderately Depressed
Le parole degli altri sono come un brusio un suono lontano e indistinto,Moderately Depressed
Un silenzio che non pace ma un vuoto assordante che riempie ogni spazio,Moderately Depressed
Il mondo mi sembra lontano come se lo vedessi attraverso un vetro opaco,Moderately Depressed
Ogni respiro una fatica non so continuare a combattere questa battaglia,Moderately Depressed
Non riesco a sentire niente sono solo un guscio vuoto privo di emozioni,Moderately Depressed
Uneco di unesistenza che si trasforma in eco un suono senza significato,Moderately Depressed
Uneco di unanima che si perde nel nulla assoluto senza lasciare traccia,Moderately Depressed
Non trovo la ragione per continuare a respirare laria diventata pesante,Moderately Depressed
Uneco di unanima che si perde nel nulla infinito senza lasciare traccia,Moderately Depressed
La un muro invisibile che mi separa dagli altri dal mondo da me stessoa,Moderately Depressed
In the wasteland of lost trust the echoes of broken promises reverberate,Moderately Depressed
Just a little reminder that happiness is a choice you can make right now,Moderately Depressed
Shattered by the echoes of a shattered dream fragments of hope scattered,Moderately Depressed
Feeling a bit disconnected from my own physical sensations and wellbeing,Moderately Depressed
Holding onto the memory of feeling truly content and at ease with myself,Moderately Depressed
Just trying to find a little bit of solace in the stillness of the night,Moderately Depressed
Spellbound by the elegance of a ballroom dance under crystal chandeliers,Moderately Depressed
The struggle to find motivation for the things that once brought passion,Moderately Depressed
Barely maintaining a fragile grip on what feels like a distorted reality,Moderately Depressed
Feeling profoundly isolated in my own skin like no one truly understands,Moderately Depressed
Feeling so alone in this Even surrounded by people the isolation is real,Moderately Depressed
Like Im watching my own life unfold from behind a thick soundproof glass,Moderately Depressed
My mind has become a dark treacherous and inescapable prison for my soul,Moderately Depressed
Pensive contemplation amid the ancient ruins of a forgotten civilization,Moderately Depressed
The world feels like a cold indifferent and ultimately unforgiving place,Moderately Depressed
Bitterness like a poison seeping into every crevice of the wounded heart,Moderately Depressed
Currently fueled by the hope that tomorrow will be slightly less chaotic,Moderately Depressed
Feeling like Im trying to solve a Rubiks cube blindfolded and underwater,Moderately Depressed
Feeling the immense strain of trying to manage everything simultaneously,Moderately Depressed
I dont know what Im supposed to be doing but I know I have to keep going,Moderately Depressed
Dejando que la luz se filtre suavemente entre las sombras de la tristeza,Moderately Depressed
Entre el miedo y la buscando mi propio camino con pasos firmes y seguros,Moderately Depressed
Entre la soledad y la buscando un punto medio donde encontrar equilibrio,Moderately Depressed
Intentando encontrar la chispa de la creatividad perdida para expresarme,Moderately Depressed
Intentando encontrar la fuerza en la vulnerabilidad compartida con otros,Moderately Depressed
en equilibrio y centrado sin altibajos emocionales que me desestabilicen,Moderately Depressed
Siento la confianza que viene de aceptar mis errores y aprender de ellos,Moderately Depressed
Encuentro belleza en la autenticidad y honestidad creando lazos sinceros,Moderately Depressed
Siento que me estoy desvaneciendo lentamente pero quiero volverme fuerte,Moderately Depressed
Siento que mi se ha convertido en una piedra e inerte sin latido ni vida,Moderately Depressed
Busco un momento de calma sentimental para encontrar mi centro emocional,Moderately Depressed
Busco tranquilidad mental en mis relaciones para encontrar paz y genuina,Moderately Depressed
Sentirsi in sintonia con il battito del cuore e con il respiro dellanima,Moderately Depressed
I miei pensieri sono frammenti di un mosaico rotto che non si ricomporre,Moderately Depressed
La mia anima un libro strappato con pagine mancanti e parole illeggibili,Moderately Depressed
Mi sento come una foglia morta che cade in un abisso senza fine speranza,Moderately Depressed
Le stelle della mia fortuna sono oscurate da una notte senza luna stelle,Moderately Depressed
Il mio equilibrio una danza sul filo del rasoio con il cuore in frantumi,Moderately Depressed
La mia speranza un sussurro in una stanza piena di grida di disperazione,Moderately Depressed
La mia anima un giardino incolto dove crescono solo erbacce di rimpianto,Moderately Depressed
Il cielo grigio dentro e fuori come se il mondo avesse perso ogni colore,Moderately Depressed
Il respiro un po affannoso come se portassi un peso invisibile sul cuore,Moderately Depressed
La vita una tela bianca senza colori forme unesistenza senza espressione,Moderately Depressed
Uneco di disconnessione anche in mezzo alla folla un senso di isolamento,Moderately Depressed
Non trovo un motivo per andare avanti tutto mi sembra vano e senza scopo,Moderately Depressed
Vorrei solo che tutto finisse non ne posso di questa sofferenza costante,Moderately Depressed
La mia mente un deserto arido senza oasi senza speranza di trovare acqua,Moderately Depressed
Il mondo un peso che mi schiaccia a terra senza di rialzarmi senza aiuto,Moderately Depressed
La un labirinto senza uscita senza via di fuga senza di scampo solo muri,Moderately Depressed
Draped in the warmth of kindness a quilt of compassion stitched with love,Moderately Depressed
Feeling like every single thing is absolutely perfect in this very moment,Moderately Depressed
Happiness is not about getting everythingits about enjoying what you have,Moderately Depressed
The happiest people dont have everything they make the best of everything,Moderately Depressed
Everything feels like a subtle reminder of things I feel Im not achieving,Moderately Depressed
Feeling a bit isolated in my own thoughts and feelings even around others,Moderately Depressed
Holding onto the memory of feeling truly alive vibrant and full of energy,Moderately Depressed
Just cant seem to feel any real excitement or anticipation for the future,Moderately Depressed
Just trying to find a small reason to smile that feels authentic and true,Moderately Depressed
Searching for a moment of genuine peace and quiet to soothe my weary mind,Moderately Depressed
The weight of feeling like Im carrying the emotional baggage of the world,Moderately Depressed
Awestruck by the grandeur of an ancient cathedrals intricate architecture,Moderately Depressed
Tears the ink staining the pages of a journal a testament to silent grief,Moderately Depressed
Difficult to find any source of light when surrounded by so much darkness,Moderately Depressed
Everything feels like an enormous effort even things that used to be easy,Moderately Depressed
Fading into the background Sometimes it feels like the safest place to be,Moderately Depressed
Feeling like Im constantly letting everyone down no matter how hard I try,Moderately Depressed
Feeling utterly consumed by the immense and crushing weight of my despair,Moderately Depressed
Feeling utterly consumed by the weight of my own despair and hopelessness,Moderately Depressed
Ive learned to smile through the pain but it doesnt make the hurt go away,Moderately Depressed
Just trying to make it through the next few moments without falling apart,Moderately Depressed
Longing for something anything to pull me out of this deep and dark abyss,Moderately Depressed
No motivation to pursue any dreams goals or even simple pleasures anymore,Moderately Depressed
The world feels like a cold and unforgiving place when youre already down,Moderately Depressed
My ability to focus is currently being held hostage by a million thoughts,Moderately Depressed
A veces el silencio es una pausa necesaria otras un abismo que nos separa,Moderately Depressed
Dejando que la esperanza sea una que nos en la niebla de la incertidumbre,Moderately Depressed
Aprendiendo a encontrar luz en los rincones oscuros de la mente y el alma,Moderately Depressed
La soledad se siente cerca pero busco conexiones sutiles y reconfortantes,Moderately Depressed
Un productivo y satisfactorio lleno de logros y satisfacciones personales,Moderately Depressed
Disfrutando de la libertad de explorar mis pasiones sin sentirme limitado,Moderately Depressed
Mi mente serena sintiendo la paz que viene de aceptar el fluir de la vida,Moderately Depressed
Agradezco la calma que me da la gratitud diaria y el amor en cada momento,Moderately Depressed
La vida es un laberinto sin salida a la luz donde la oscuridad me consume,Moderately Depressed
Necesito encontrar mi paz interior aunque lejos de y parezca inalcanzable,Moderately Depressed
Busco un momento de tranquilidad sentimental para encontrar paz emocional,Moderately Depressed
Busco silencio mental en mis para escuchar mi voz interna y la de los con,Moderately Depressed
Siento que el no tiene suficientes horas para todo lo que tengo que hacer,Moderately Depressed
La vita un viaggio sereno e consapevole da vivere con calma e gratitudine,Moderately Depressed
Giornate tranquille e serene anime in armonia e cuori colmi di gioia pura,Moderately Depressed
Mi sento come una pietra levigata che si sgretola sotto il peso del tempo,Moderately Depressed
La mia calma una melodia lontana che non riesco a ricordare con chiarezza,Moderately Depressed
I miei pensieri sono ombre che si muovono senza scopo in una danza oscura,Moderately Depressed
Le radici della mia sono state avvelenate da pensieri tossici e rimpianti,Moderately Depressed
Il mio spirito un vulcano spento che erutta cenere di malinconia e dolore,Moderately Depressed
Il silenzio un abisso che inghiotte ogni suono di speranza e consolazione,Moderately Depressed
La mia mente uneco di uneco che si perde in un labirinto di suoni confusi,Moderately Depressed
Sento il rumore di un vuoto che si espande come unombra senza fine limite,Moderately Depressed
La mia speranza un sussurro lontano in una stanza piena di echi di dolore,Moderately Depressed
La mia armonia una melodia dissonante che suona nel caos del cuore ferito,Moderately Depressed
Il mio coraggio un fiore che lotta contro una tempesta di paure interiori,Moderately Depressed
La mia calma un sussurro lontano perduto nel rumore dei pensieri inquieti,Moderately Depressed
I giorni sono come un susseguirsi di ombre pesanti un fardello da portare,Moderately Depressed
La vita un viaggio senza destinazione perso in un labirinto di incertezze,Moderately Depressed
Le emozioni sono come un fiume prosciugato senza corrente una terra arida,Moderately Depressed
Un vuoto che non so riempire una mancanza indefinita che mi segue ovunque,Moderately Depressed
Unaria di malinconia anche nei momenti di gioia una tristezza persistente,Moderately Depressed
Unaria di malinconia anche nei momenti luminosi una tristezza persistente,Moderately Depressed
Uneco di distacco anche tra le braccia di chi amo un senso di separazione,Moderately Depressed
Uneco di distanza anche tra le braccia di chi amo un senso di separazione,Moderately Depressed
Unombra di apatia anche nella che mi ha sempre spinto a scoprire il mondo,Moderately Depressed
Non trovo la strada per la speranza sono intrappolatoa nella disperazione,Moderately Depressed
Il mondo un quadro senza cornice senza confini senza punti di riferimento,Moderately Depressed
Non trovo il mio posto in questo mondo sono un estraneoa tra gli estranei,Moderately Depressed
Uneco di un sogno che diventato un incubo senza fine una tortura continua,Moderately Depressed
Non trovo la luce in questo buio eterno senza stelle luna solo solitudine,Moderately Depressed
Embarking on a culinary adventure savoring exotic flavors around the world,Moderately Depressed
Happiness is the best kind of beautiful that truly shines from deep within,Moderately Depressed
Morning light filtering through the window setting the tone for a good day,Moderately Depressed
Feeling a subtle but constant undercurrent of sadness thats always present,Moderately Depressed
Finding beauty in the quiet strength and adaptability of the natural world,Moderately Depressed
Holding onto the unwavering hope for brighter and more peaceful days ahead,Moderately Depressed
Just cant seem to find any genuine interest in the conversations around me,Moderately Depressed
Collaborating on a school project with peers Teamwork makes the dream work,Moderately Depressed
Isolation deepens an emotional winter where warmth is but a distant memory,Moderately Depressed
Everything feels incredibly heavy and like its constantly dragging me down,Moderately Depressed
Hard to find any genuine beauty goodness or light left in this bleak world,Moderately Depressed
Just trying to make it to the next breath without completely breaking down,Moderately Depressed
Like Im watching my own life unfold from behind a thick soundproof barrier,Moderately Depressed
Longing for something anything to pull me back from the edge of this abyss,Moderately Depressed
Nothing seems to offer any genuine form of distraction or temporary escape,Moderately Depressed
Silence is the only language that truly speaks to the way I feel right now,Moderately Depressed
Spent hours perfecting a chemistry experiment Mixing potions like a wizard,Moderately Depressed
The days are just a blur of pain exhaustion and a profound lack of meaning,Moderately Depressed
The light within me has been completely extinguished leaving only darkness,Moderately Depressed
The weight of my sadness is a tangible and heavy presence that never lifts,Moderately Depressed
Time stretches on endlessly each moment heavy with the weight of my sorrow,Moderately Depressed
Feeling like Im trying to fit ten pounds of potatoes into a fivepound sack,Moderately Depressed
I tell myself to take it one step at a time but it all feels like too much,Moderately Depressed
Joined the school debate team Words are my weapons and Im ready for battle,Moderately Depressed
Just trying to find a moment to just simply exist without any expectations,Moderately Depressed
My superpower today is the ability to look busy while internally panicking,Moderately Depressed
Recordando que la esperanza es una luz que brilla en la oscuridad profunda,Moderately Depressed
Buscando la paz en los momentos de silencio y soledad encontrando consuelo,Moderately Depressed
La tristeza es una sombra pasajera pero busco la luz del sol para alejarla,Moderately Depressed
Conectado con mis valores viviendo con autenticidad encontrando integridad,Moderately Depressed
Un agradable y enriquecedor lleno de momentos de aprendizaje y crecimiento,Moderately Depressed
Conectado con mis emociones y sentimientos sin reprimirlos ni negarlos con,Moderately Depressed
El dolor es un monstruo que me persigue pero quiero aprender a enfrentarlo,Moderately Depressed
Siento que me vuelvo loco mentalmente necesito encontrar cordura emocional,Moderately Depressed
La mental me aplasta en mis relaciones necesito vulnerabilidad y fortaleza,Moderately Depressed
Siento que no hay suficiente tiempo en el para todo lo que tengo que hacer,Moderately Depressed
La calma che avvolge come un mantello di pace la gioia che riscalda lanima,Moderately Depressed
La sensazione di essere in un continuo stato di tensione nelle interazioni,Moderately Depressed
I miei pensieri sono ombre che si sovrappongono creando unimmagine confusa,Moderately Depressed
Il mio coraggio un fiore fragile che lotta contro una tempesta implacabile,Moderately Depressed
Sento il rumore di unassenza che mi circonda come un sudario di solitudine,Moderately Depressed
La mia gioia un canto lontano che si perde nel silenzio della disperazione,Moderately Depressed
La mia unombra che si allontana lasciando solo il buio dellanima interiore,Moderately Depressed
La mia gioia un sussurro di un canto che si perde nel silenzio della mente,Moderately Depressed
Cerco una bussola ma non la trovo sono perso nel labirinto della mia anima,Moderately Depressed
I giorni sono come un susseguirsi di ombre grigie unesistenza senza colore,Moderately Depressed
Il mondo un libro che non riesco a leggere una storia che non mi coinvolge,Moderately Depressed
Il mondo un palcoscenico senza sipario una recita senza fine che mi stanca,Moderately Depressed
La voglia di credere una fiamma che si spegne lasciando solo cenere fredda,Moderately Depressed
La voglia di lottare una fiamma che si affievolisce perdendo il suo calore,Moderately Depressed
La voglia di sentire un fuoco che si spegne lentamente lasciando solo fumo,Moderately Depressed
La voglia di sognare un fuoco spento un desiderio che si estinto nel tempo,Moderately Depressed
Un velo di malinconia avvolge i giorni rendendo ogni momento un po pesante,Moderately Depressed
Uneco di alienazione anche tra amici un senso di solitudine che mi avvolge,Moderately Depressed
Uneco di tristezza nelle cose di ogni giorno unombra che segue ogni azione,Moderately Depressed
Unindifferenza che una barriera invisibile un muro che mi separa dal mondo,Moderately Depressed
Ogni giorno una battaglia persa in partenza la speranza morta dentro di me,Moderately Depressed
Non trovo la forza di credere in qualcosa di buono sono diventatoa cinicoa,Moderately Depressed
Non trovo la voglia di condividere sono troppo stancoa di fingere emozioni,Moderately Depressed
Non trovo il senso in questa esistenza vuota priva di significato di scopo,Moderately Depressed
La unombra che si allunga inghiottendo ogni luce ogni speranza ogni futuro,Moderately Depressed
Attended a concert and danced the night away Music is the heartbeat of life,Moderately Depressed
In the symphony of grief each tear is a note composing a melancholic melody,Moderately Depressed
Feeling like Im navigating a dense and unforgiving wilderness within myself,Moderately Depressed
Just cant seem to find joy in the activities that used to bring me pleasure,Moderately Depressed
Nostalgia a bittersweet dance in the moonlit ballroom of cherished memories,Moderately Depressed
A crowded room a thousand voices and yet the loudest sound is my loneliness,Moderately Depressed
Avoiding the shards of shattered dreams walking the tightrope of resilience,Moderately Depressed
Aweinspired by the grandeur of an ancient cathedrals intricate architecture,Moderately Depressed
Dealing with a personal setback Sometimes life throws unexpected challenges,Moderately Depressed
Feeling utterly and completely consumed by the immense weight of my despair,Moderately Depressed
Hope feels like a forgotten and mocking word a cruel reminder of whats lost,Moderately Depressed
I write my pain in invisible ink hoping someone will read between the lines,Moderately Depressed
Nothing seems to offer any real solace comfort or a lasting moment of peace,Moderately Depressed
The echoes of solitude a silent conversation between a soul and its shadows,Moderately Depressed
The world feels overwhelmingly chaotic and too intense for my fragile state,Moderately Depressed
Trapped in this suffocating and seemingly endless cycle of profound sadness,Moderately Depressed
My ability to handle unexpected surprises is currently at a negative number,Moderately Depressed
Recordando que la paciencia es una virtud invaluable en los momentos lentos,Moderately Depressed
La rutina se siente opresiva pero busco escapadas para respirar aire fresco,Moderately Depressed
Intentando encontrar la calma en la tormenta interna que me agita sin cesar,Moderately Depressed
La esperanza es una llama tenue intentando mantenerla encendida con cuidado,Moderately Depressed
agradecido y afortunado por las oportunidades y los aprendizajes de la vida,Moderately Depressed
Disfrutando del silencio y la soledad con paz y tranquilidad en mi interior,Moderately Depressed
No siempre hay que buscar lo extraordinario a veces lo simple es suficiente,Moderately Depressed
Disfrutando de la libertad de ser creativo de imaginar nuevas posibilidades,Moderately Depressed
Disfrutando de la libertad de seguir mi y interna con confianza y seguridad,Moderately Depressed
La oscuridad me paraliza por completo pero busco el movimiento hacia la luz,Moderately Depressed
La vida es un camino oscuro sin estrellas que mis pasos perdido en la noche,Moderately Depressed
Sentirsi grati per la bellezza del mondo e per la pace che dimora nel cuore,Moderately Depressed
Sento il peso di un cielo grigio che incombe sulla mia anima come una cappa,Moderately Depressed
Il sole della mia oscurato da una tempesta di pensieri oscuri e angoscianti,Moderately Depressed
Mi sento come unisola isolata in un mare di solitudine senza rive orizzonti,Moderately Depressed
La mia anima un libro chiuso con pagine bianche e silenziose urla di dolore,Moderately Depressed
La mia forza un filo che si spezza sotto il peso del rimpianto e del dolore,Moderately Depressed
La mia chiarezza un vetro sporco che distorce ogni riflesso della interiore,Moderately Depressed
Il mio riposo un campo di battaglia dove i pensieri combattono senza tregua,Moderately Depressed
La mia una goccia di pioggia in un oceano di amarezza e rimpianto interiore,Moderately Depressed
Il mio coraggio una fiamma tremolante che lotta contro il vento della paura,Moderately Depressed
Cerco un orizzonte ma i miei occhi vedono solo nebbia una visione offuscata,Moderately Depressed
Il mondo un libro che non riesco a leggere con chiarezza una storia confusa,Moderately Depressed
La leggerezza unillusione unidea che si persa nel tempo un ricordo sbiadito,Moderately Depressed
La mia anima un campo di macerie senza fine senza speranza di ricostruzione,Moderately Depressed
Unaria di nostalgia anche nei momenti presenti che dovrebbero essere felici,Moderately Depressed
Non gioia da nessuna parte solo un vuoto profondo che mi consuma lentamente,Moderately Depressed
Vorrei solo dormire per sempre per non sentire questo dolore che mi strazia,Moderately Depressed
Unassenza di significato che mi consuma lentamente come un fuoco che brucia,Moderately Depressed
Non sento il desiderio di comunicare le parole sono diventate inutili vuote,Moderately Depressed
Il mondo un abisso senza fondo senza di risalita senza salvezza solo caduta,Moderately Depressed
Il mondo unillusione che svanisce nel nulla lasciando solo vuoto solitudine,Moderately Depressed
Uneco di unanima che si perde nelloblio eterno senza di ritorno di salvezza,Moderately Depressed
Attempting to break the school record for the longest handstand Wish me luck,Moderately Depressed
Bonding with friends over the latest Kpop sensation Fangirling at its finest,Moderately Depressed
Chasing dreams under the vibrant sky a journey fueled by hope and enthusiasm,Moderately Depressed
The bitterness of betrayal a taste that lingers staining the palate of trust,Moderately Depressed
Feeling a bit isolated and misunderstood even by those who are closest to me,Moderately Depressed
Feeling a subtle but persistent sense of being lost and without a clear path,Moderately Depressed
Is it okay to just need some extra patience and selfcompassion at the moment,Moderately Depressed
They ask whats wrong but how do I explain something I dont understand myself,Moderately Depressed
Wandering in the maze of betrayal the walls closing in with every wrong turn,Moderately Depressed
A soul weathered by the storm of heartbreak seeking refuge in the calm after,Moderately Depressed
Everything feels washed out colorless and utterly devoid of any real meaning,Moderately Depressed
Feeling completely lost and without any true sense of belonging or direction,Moderately Depressed
Just wanting someone to truly see and understand the depth of my inner world,Moderately Depressed
No will left to fight against the overwhelming and allconsuming hopelessness,Moderately Depressed
The emptiness is a vast and seemingly endless void where my heart used to be,Moderately Depressed
The weight of my sadness is a physical and emotional burden that never lifts,Moderately Depressed
The worlds joy and laughter only amplify my own deep and profound desolation,Moderately Depressed
Wishing for a single precious moment of genuine peace and a truly quiet mind,Moderately Depressed
I keep waiting for a light at the end of the tunnel but maybe there isnt one,Moderately Depressed
Lost in the vast sea of information an indifferent wave in the digital ocean,Moderately Depressed
My brain is currently hosting a very loud and unproductive committee meeting,Moderately Depressed
Serenading the stars with a heart full of gratitude a melody of thankfulness,Moderately Depressed
Suffocating in the silence of solitude where echoes of laughter once thrived,Moderately Depressed
Trying desperately to hold onto the last fragile fragments of my former self,Moderately Depressed
Entre la realidad y los buscando un punto de encuentro donde ambos converjan,Moderately Depressed
Recordando que la calma siempre llega de la tormenta trayendo consigo la paz,Moderately Depressed
La tristeza es una sombra que me sigue buscando la luz del sol para alejarla,Moderately Depressed
Buscando la fuerza en la vulnerabilidad compartida para sentirme comprendido,Moderately Depressed
Disfrutando de la belleza de la naturaleza con todos mis sentidos despiertos,Moderately Depressed
Encuentro la belleza en la diversidad aceptando las diferencias con apertura,Moderately Depressed
Busco mental en mis para olvidar el ruido y encontrar silencio significativo,Moderately Depressed
La mia forza una corda che si spezza sotto il peso di un fardello invisibile,Moderately Depressed
I miei pensieri sono ombre che si allungano oscurando ogni speranza e futuro,Moderately Depressed
La mia forza una corda che si spezza lasciando cadere il peso delle emozioni,Moderately Depressed
La mia gioia un canto lontano che si perde nel rumore del tormento interiore,Moderately Depressed
La mia calma uneco lontana perduta nel labirinto del tempo emotivo interiore,Moderately Depressed
La mia una torre di sabbia che si dissolve sotto londa del dolore silenzioso,Moderately Depressed
La mia gioia uneco lontana di una melodia che non riesco a udire chiaramente,Moderately Depressed
La mia un fiume prosciugato dove la vita non scorre verso la luce del giorno,Moderately Depressed
La mia unombra che si allontana lasciando solo il buio dellanima e del cuore,Moderately Depressed
Cerco un luogo dove sentirmi a casa ma non lo trovo sono un nomade dellanima,Moderately Depressed
I pensieri si aggrovigliano senza soluzione come un filo che non si scioglie,Moderately Depressed
Il silenzio uneco di rimpianti che risuona dentro di me un lamento interiore,Moderately Depressed
La speranza un filo di fumo che si disperde un sogno che svanisce lentamente,Moderately Depressed
Le emozioni sono come un giardino senza fiori un deserto interiore dellanima,Moderately Depressed
Un desiderio di qualcosa di diverso senza sapere cosa una ricerca senza fine,Moderately Depressed
Unassenza di gioia senza un motivo preciso un vuoto che si espande e consuma,Moderately Depressed
Uneco di un sogno che si trasformato in cenere fredda e sterile senza calore,Moderately Depressed
Il tempo un fiume che scorre senza portarmi da nessuna parte uneterna deriva,Moderately Depressed
La fatica diventata il mio respiro quotidiano un peso insostenibile unagonia,Moderately Depressed
Uneco di domande che non troveranno mai risposta un silenzio eterno un vuoto,Moderately Depressed
Happiness is the best kind of beautiful that truly shines from the inside out,Moderately Depressed
In the garden of contentment each bloom whispers tales of inner peace and joy,Moderately Depressed
Searching for a light to illuminate the path ahead when everything feels dark,Moderately Depressed
The world feels a bit heavy and oppressive making simple tasks feel difficult,Moderately Depressed
Embracing lifes imperfections finding acceptance in the journey scars and all,Moderately Depressed
Overflowing with joy a cup of laughter shared with friends a moment cherished,Moderately Depressed
Sinking like a stone in the ocean of heartbreak each ripple a sigh of despair,Moderately Depressed
Sinking like autumn leaves in the river of sorrow carried away by the current,Moderately Depressed
Tears the currency of grief spent in the marketplace of lost love and longing,Moderately Depressed
The beauty of normal days is that they create the foundation for special ones,Moderately Depressed
Feeling like Im broken beyond any possibility of repair a shattered existence,Moderately Depressed
Just wanting someone to truly see the depth of my inner world the pain I hide,Moderately Depressed
Just wanting the relentless mental anguish and inner turmoil to finally cease,Moderately Depressed
No real desire to participate in the vibrant and joyful dance of life anymore,Moderately Depressed
Started a photography club at school Capturing moments one snapshot at a time,Moderately Depressed
Suffocating under the immense weight of my own thoughts feelings and memories,Moderately Depressed
The shadows feel like the only place where I can truly find a sense of solace,Moderately Depressed
The silence is a heavy and oppressive weight that constantly bears down on me,Moderately Depressed
The silence is a heavy and suffocating blanket trapping me in my own thoughts,Moderately Depressed
Tried a magic trick to impress classmates Magic fail Where did that rabbit go,Moderately Depressed
Just navigating the tightrope of deadlines with a blindfold and roller skates,Moderately Depressed
Laughter echoes in the air a chorus of happiness that lifts the spirit higher,Moderately Depressed
My ability to multitask has evolved into the ability to do many things poorly,Moderately Depressed
Recordando que la fuerza reside en permitirse sentir y expresar las emociones,Moderately Depressed
Entre la rutina y la sorpresa buscando un equilibrio que nos permita florecer,Moderately Depressed
Dejando que la calma me en cada paso del camino sin importar las dificultades,Moderately Depressed
Aprendo a encontrar luz en los rincones oscuros de mi alma en los momentos de,Moderately Depressed
La esperanza es una llama tenue pero intento mantenerla encendida con cuidado,Moderately Depressed
Buscando la fuerza en la vulnerabilidad compartida con otros que me entienden,Moderately Depressed
Conectado con mis valores y principios viviendo con autenticidad y coherencia,Moderately Depressed
Disfrutando de la comida y el buen sabor con gratitud y placer en cada bocado,Moderately Depressed
Disfrutando de la calma que encuentro en la naturaleza sintiendo con el mundo,Moderately Depressed
La esperanza es una luz que se ha apagado para siempre dejando solo oscuridad,Moderately Depressed
La soledad me asfixia lentamente pero quiero encontrar aire fresco y libertad,Moderately Depressed
La tristeza es mi sombra constante pero quiero encontrar la luz que la disipe,Moderately Depressed
Necesito encontrar la fuerza para seguir respirando aunque cada aliento duela,Moderately Depressed
Necesito encontrar mi camino en la oscuridad aunque incierto y lleno de dudas,Moderately Depressed
Siento que me estoy perdiendo en la oscuridad pero quiero encontrarme a mismo,Moderately Depressed
La ansiedad me paraliza sentimentalmente mental necesito encontrar movimiento,Moderately Depressed
Siento que me pierdo en el laberinto mental de mis lazos necesito encontrar y,Moderately Depressed
Sentirsi leggeri come una danza silenziosa in armonia con il ritmo della vita,Moderately Depressed
Le parole sono foglie morte che si accumulano creando un tappeto di tristezza,Moderately Depressed
Le parole sono cenere che si disperde al vento senza lasciare traccia memoria,Moderately Depressed
La mia un vaso fragile che si frantuma al minimo tocco di una mano invisibile,Moderately Depressed
I miei pensieri sono sussurri che si perdono in un eco senza fine significato,Moderately Depressed
Le parole si frantumano in un silenzio che pesa come un macigno sul mio cuore,Moderately Depressed
Sento il peso di un silenzio assordante che mi isola dal mondo e da me stesso,Moderately Depressed
Il mio equilibrio una danza sul filo con il cuore spezzato e le mani tremanti,Moderately Depressed
La mia concentrazione un filo spezzato che non riesce a connettere i pensieri,Moderately Depressed
La mia pace unisola lontana sommersa dalle onde del dolore e della malinconia,Moderately Depressed
La mia calma uneco di un ricordo lontano che si perde nel rumore dei pensieri,Moderately Depressed
Il respiro un po trattenuto come se avessi paura di respirare a fondo la vita,Moderately Depressed
La speranza unombra che si allunga oscurando la luce interiore un presagio di,Moderately Depressed
La vita un puzzle senza pezzi un enigma irrisolvibile un mistero senza chiave,Moderately Depressed
Unindifferenza che un grido silenzioso di disperazione un appello inascoltato,Moderately Depressed
Mi sento come se fossi solo al mondo senza nessuno che mi comprenda veramente,Moderately Depressed
Non trovo pace nella mia mente un tormento continuo che mi consuma lentamente,Moderately Depressed
Non sento il desiderio di alzarmi di muovermi di fare nulla sono paralizzatoa,Moderately Depressed
A surprise gift wrapped in anticipation unfolds a moment of delight and wonder,Moderately Depressed
Dancing on sunshine each step a celebration of the joy found in simple moments,Moderately Depressed
Haunted by the specter of lost possibilities a ghost that refuses to fade away,Moderately Depressed
Soaking up all the incredible and happy moments that life keeps sending my way,Moderately Depressed
The best moments in life are the ones that make you forget to check your phone,Moderately Depressed
Holding onto the hope that I will eventually find solid ground beneath my feet,Moderately Depressed
Just riding the calmer and more manageable parts of the emotional storm within,Moderately Depressed
Just trying to find a little bit of comfort in the familiar routines of my day,Moderately Depressed
Just trying to find a small victory today no matter how insignificant it seems,Moderately Depressed
Navigating with a steady and gentle hand guiding myself through the turbulence,Moderately Depressed
The struggle to find meaning and motivation when everything feels so pointless,Moderately Depressed
The weight of feeling like Im constantly disappointing the people I care about,Moderately Depressed
In the labyrinth of despair the echoes of a broken heart reverberate endlessly,Moderately Depressed
A soul adrift in the sea of solitude waves of loneliness crashing relentlessly,Moderately Depressed
Another day to simply endure the crushing and allencompassing emptiness inside,Moderately Depressed
Barely managing to keep my head above water constantly fighting to stay afloat,Moderately Depressed
Everything feels like an insurmountable and utterly exhausting burden to carry,Moderately Depressed
Feeling profoundly alienated isolated and completely misunderstood by everyone,Moderately Depressed
No motivation to pursue any of the things that once brought me joy or interest,Moderately Depressed
No real interest in anything the world has to offer the apathy is allconsuming,Moderately Depressed
Perfecting the art of creating origami during a dull lecture Origami mastery A,Moderately Depressed
Silence is the only language that truly speaks to the way I feel deep down now,Moderately Depressed
Waking up feels like a neverending battle and I dont know how to fight anymore,Moderately Depressed
Received a notsogreat grade on a major project Academic frustration setting in,Moderately Depressed
Swept away by the river of regret the currents of the past refusing to release,Moderately Depressed
Un hombre cortando cebolla sobre una tabla de cortar en una encimera de madera,Moderately Depressed
Aprendo a encontrar fuerza en la vulnerabilidad en la honestidad conmigo mismo,Moderately Depressed
Aprendo a encontrar en las cosas en los detalles que a menudo pasamos por alto,Moderately Depressed
La tristeza es una sombra que me sigue pero busco la luz del sol para alejarla,Moderately Depressed
Agradezco la calma que encuentro en la del autocuidado y el bienestar integral,Moderately Depressed
La esperanza es un que se ha convertido en pesadilla un recordatorio de lo que,Moderately Depressed
La esperanza es un susurro que se ha perdido en el viento de la casi inaudible,Moderately Depressed
Necesito encontrar la fuerza para seguir luchando aunque agotado y sin fuerzas,Moderately Depressed
Siento que mi se ha convertido en un desierto de hielo y sin vida sin calor ni,Moderately Depressed
Busco tranquilidad mental en mis lazos para encontrar paz y genuina y profunda,Moderately Depressed
La vita un viaggio sereno da vivere con calma e consapevolezza di ogni istante,Moderately Depressed
La calma che avvolge come un abbraccio la gioia che riscalda lanima e il corpo,Moderately Depressed
Sento leco di una promessa infranta che mi perseguita come un rimpianto eterno,Moderately Depressed
La mia armonia una melodia distorta che suona stonata nel caos della mia mente,Moderately Depressed
La mia pace unisola circondata da un mare di pensieri tormentati interiormente,Moderately Depressed
La mia concentrazione un filo sottile che si spezza al minimo rumore interiore,Moderately Depressed
La mia armonia una melodia dissonante che suona nel caos del cuore in tempesta,Moderately Depressed
Cerco un senso ma non lo trovo come se la vita avesse perso il suo significato,Moderately Depressed
Il mondo un libro che non riesco a capire una storia confusa e incomprensibile,Moderately Depressed
Il mondo sembra lontano ovattato come se fossi separato da un vetro invisibile,Moderately Depressed
Il silenzio un urlo che non si sente un grido soffocato unespressione repressa,Moderately Depressed
La mia anima un labirinto di sentieri oscuri dove ogni passo incerto e pesante,Moderately Depressed
Le emozioni sono come un giardino senza fiori dove crescono solo spine emotiva,Moderately Depressed
Uninquietudine che non trova tregua un tormento costante unangoscia silenziosa,Moderately Depressed
Mi sento come se fossi intrappolato in un incubo senza fine senza di risveglio,Moderately Depressed
Vorrei solo che tutto finisse non ne posso di questa sofferenza che mi consuma,Moderately Depressed
Non trovo la forza di tendere la mano sono troppo stancoa di fingere vicinanza,Moderately Depressed
Capturing the beauty of nature through photography Every snapshot is a treasure,Moderately Depressed
Happiness is the absolute best way to simply be without any hesitation or doubt,Moderately Depressed
In the tapestry of despair threads of hope unravel leaving a portrait of sorrow,Moderately Depressed
Making today a happy picture that Ill cherish looking back on for years to come,Moderately Depressed
Sharing favorite book recommendations with classmates Building a mini book club,Moderately Depressed
Everything feels like it requires an extra layer of effort and mental fortitude,Moderately Depressed
Just cant seem to find the motivation to care about things I know are important,Moderately Depressed
The struggle to find motivation for the things that once brought me so much joy,Moderately Depressed
Embracing the ebb and flow of life finding acceptance in the dance of existence,Moderately Depressed
In the dance of positivity every step is a rhythm uplifting the soul in harmony,Moderately Depressed
In the void of heartache echoes of a love song play each note a pang of longing,Moderately Depressed
Sinking in the quicksand of despair the harder you fight the deeper you descend,Moderately Depressed
Spontaneously booked a weekend getaway Adventure awaits TravelBug WeekendEscape,Moderately Depressed
Whispers of lost love linger in the attic of the heart forgotten but not erased,Moderately Depressed
Feeling like I am a constant burden and source of worry for everyone in my life,Moderately Depressed
Feeling like Im broken beyond repair a shattered vessel with no hope of mending,Moderately Depressed
Feeling profoundly alienated and disconnected from the world and everyone in it,Moderately Depressed
Hard to find any genuine beauty or goodness left in a world that feels so bleak,Moderately Depressed
Just wanting to feel something other than this constant gnawing ache in my soul,Moderately Depressed
Organizing a movie marathon with friends Popcorn and cinematic adventures await,Moderately Depressed
The quiet is a constant and painful reminder of my profound sense of loneliness,Moderately Depressed
Ambivalence clouding decisions caught in the crossroads of conflicting emotions,Moderately Depressed
Feeling like Im tapdancing on the edge of a nervous breakdown gracefully I hope,Moderately Depressed
Feeling lonely on a Saturday night Sometimes solitude hits harder than expected,Moderately Depressed
Just trying to keep my ducks in a row but theyve all flown south for the winter,Moderately Depressed
Wandering through the cemetery of lost dreams tombstones marking untold sorrows,Moderately Depressed
La vida se siente un poco gris pero busco colores sutiles que la hagan vibrante,Moderately Depressed
Disfrutando de la libertad de explorar nuevas ideas y perspectivas con apertura,Moderately Depressed
Disfrutando de la libertad de ser agradecido por cada experiencia y oportunidad,Moderately Depressed
La esperanza es una luz que se ha apagado para siempre dejando solo oscuridad y,Moderately Depressed
Me siento como un enjaulado sin libertad anhelando volar pero sin poder hacerlo,Moderately Depressed
Busco un momento de claridad mental profunda para ver las cosas con objetividad,Moderately Depressed
I miei pensieri sono ombre che si aggirano senza pace in una notte senza stelle,Moderately Depressed
Il vento delle preoccupazioni mi spinge in direzioni indesiderate e sconosciute,Moderately Depressed
La mia anima un giardino incolto dove crescono solo spine di dolore e rimpianto,Moderately Depressed
Il mio equilibrio una danza incerta su un terreno instabile di pensieri confusi,Moderately Depressed
La mia forza un filo sottile che si spezza sotto il peso delle parole non dette,Moderately Depressed
La mia concentrazione un filo spinato che intrappola i pensieri in un labirinto,Moderately Depressed
Il mondo un quadro che non mi rispecchia unimmagine distorta un riflesso alieno,Moderately Depressed
La mia unombra che si allontana lasciando solo il buio dellanima che mi avvolge,Moderately Depressed
Le parole degli altri sono come un rumore di fondo un eco lontano e disturbante,Moderately Depressed
Unaria di nostalgia anche nei momenti presenti un ricordo costante di che manca,Moderately Depressed
Unaria di tristezza anche nei momenti di festa una malinconia che mi accompagna,Moderately Depressed
Mi sento come se non esistessi invisibile agli occhi degli altri e senza valore,Moderately Depressed
Non trovo la voglia di sorridere sinceramente il sorriso diventato una maschera,Moderately Depressed
Il mondo un libro senza pagine senza capitoli una storia incompiuta senza senso,Moderately Depressed
Non sento la promessa di un futuro migliore solo leco del passato dei rimpianti,Moderately Depressed
Exploring the art of meditation finding tranquility in the stillness of the mind,Moderately Depressed
In the gallery of broken promises each shattered vow framed a painful exhibition,Severely Depressed
In the garden of broken dreams petals fall a silent testimony to shattered hopes,Severely Depressed
Can anyone else feel this overwhelming sense of being lost and without direction,Severely Depressed
Embracing the quiet wisdom that life generously imparts through its many lessons,Severely Depressed
Just feeling a little heavyhearted and introspective as the day comes to a close,Severely Depressed
Just trying to find my own personal way of navigating these challenging emotions,Severely Depressed
The weight of feeling like Im constantly one step behind everyone else around me,Severely Depressed
The weight of feeling like Im not living up to my full potential or capabilities,Severely Depressed
In the garden of friendships each bloom a testament to the beauty of camaraderie,Severely Depressed
Barely managing to keep myself functioning on the most basic and essential level,Severely Depressed
Cant seem to hold onto any fleeting moments of happiness they vanish too quickly,Severely Depressed
Difficult to find any evidence of beauty goodness or hope in the world around me,Severely Depressed
Even moments of silence and stillness feel heavy with unspoken sadness and dread,Severely Depressed
Silence is the only language that truly resonates with the depths of my soul now,Severely Depressed
The days are just a repetitive and draining cycle of profound misery and despair,Severely Depressed
The weight of my sadness is a tangible and heavy presence that never truly lifts,Severely Depressed
Intentando encontrar la paz en el silencio de la noche lejos del ruido del mundo,Severely Depressed
Disfrutando del tiempo libre y el descanso sin sentirme culpable ni improductivo,Severely Depressed
Mi mente abierta a nuevas ideas y perspectivas sintiendo curiosidad por el mundo,Severely Depressed
Me siento como un eco sin respuesta en un eterno buscando una voz que me escuche,Severely Depressed
Siento que me estoy ahogando pero necesito aprender a nadar en este mar de dolor,Severely Depressed
Busco un momento de claridad mental para ver las cosas con objetividad emocional,Severely Depressed
Siento que la mental me supera emocionalmente necesito encontrar fuerza interior,Severely Depressed
Il mio controllo una diga che sta per crollare sotto la pressione delle emozioni,Severely Depressed
Mi sento come un uccello con le ali legate incapace di spiccare il volo verso la,Severely Depressed
La mia un vaso fragile che si frantuma al minimo tocco della delusione interiore,Severely Depressed
Il mio coraggio una candela che trema nella notte oscura dei dubbi e delle paure,Severely Depressed
Cerco un senso di appartenenza ma non lo trovo come unanima errante senza dimora,Severely Depressed
I giorni sono come un susseguirsi di ombre sbiadite unesistenza in bianco e nero,Severely Depressed
Le parole degli altri sono come un brusio lontano un rumore che non mi raggiunge,Severely Depressed
Unindifferenza che una barriera invisibile un muro che mi isola dal calore umano,Severely Depressed
Uneco di unanima che si spegne lentamente come una candela al vento senza fiamma,Severely Depressed
Building a time capsule to capture memories for the future Timetraveling emotions,Severely Depressed
Finding comfort in the simple and often overlooked routines that structure my day,Severely Depressed
Is it okay to just need some extra understanding and empathy from those around me,Severely Depressed
Just trying to find my own unique rhythm and flow in this oftenunpredictable life,Severely Depressed
Just trying to find my own unique way of coping with the weight of these emotions,Severely Depressed
Letting the stress worry and anxiety slowly and gently ease their grip on my mind,Severely Depressed
Surrounded by the colors of joy a canvas painted with laughter and endless smiles,Severely Depressed
The world feels like its continuing to move forward at a pace I cant keep up with,Severely Depressed
Embracing imperfections finding acceptance in the mosaic of lifes beautiful chaos,Severely Depressed
Embracing the flaws finding acceptance in imperfection a journey towards selflove,Severely Depressed
Floating on clouds of gratitude each raindrop a blessing a shower of thankfulness,Severely Depressed
Like a withered rose in the garden of love petals fall a silent surrender to time,Severely Depressed
Cant even begin to imagine a future where I am truly free from this constant pain,Severely Depressed
Cant seem to find any lasting comfort or respite from this constant inner turmoil,Severely Depressed
Longing for something anything to pull me out of this deep and consuming darkness,Severely Depressed
Sneaking snacks into class like a pro The art of snacksmuggling is a sacred skill,Severely Depressed
Just attempting to assemble the puzzle of my responsibilities with missing pieces,Severely Depressed
Trying to keep the fragile and broken pieces of myself from completely shattering,Severely Depressed
Entre el pasado y el futuro encontrando la belleza del presente que se nos escapa,Severely Depressed
Encuentro la belleza en la quietud de los momentos simples sintiendo paz interior,Severely Depressed
Me siento como un barco a la deriva sin puerto perdido en un mar de incertidumbre,Severely Depressed
Mi mente es una tormenta interminable pero busco la calma y la serenidad en lugar,Severely Depressed
Siento que me desbordo sentimentalmente mental necesito encontrar control interno,Severely Depressed
Siento que me pierdo en el laberinto sentimental mental necesito encontrar salida,Severely Depressed
Busco un momento de paz profunda en mis lazos para encontrar serenidad relacional,Severely Depressed
Le parole sono pietre silenziose che affondano nel mio cuore ferito e sanguinante,Severely Depressed
I miei pensieri sono frammenti di un mosaico rotto che non si ricomporre riparare,Severely Depressed
La mia calma uneco di un ricordo che si perde nel labirinto della memoria emotiva,Severely Depressed
Cerco un faro nella notte ma la bussola interiore smarrita un viaggio senza guida,Severely Depressed
Cerco un punto di riferimento ma non lo trovo sono perso in un mare di incertezza,Severely Depressed
Il mondo un palcoscenico senza sipario una recita senza fine che mi stanca lanima,Severely Depressed
Il silenzio uneco di domande che non troveranno mai risposta un tormento costante,Severely Depressed
La luce troppo forte eppure non scalda come se il sole avesse perso il suo calore,Severely Depressed
Il mondo mi sembra distante come se lo vedessi attraverso un vetro sporco e opaco,Severely Depressed
Non riesco a sentire niente sono solo un guscio vuoto privo di emozioni e di vita,Severely Depressed
Uneco di unesistenza che si trasforma in eco un suono senza significato senza eco,Severely Depressed
Uneco di unanima che si perde nel dolore profondo senza di guarigione di sollievo,Severely Depressed
Basking in the glow of accomplishment each milestone a stepping stone to happiness,Severely Depressed
Embarking on a journey of discovery fueled by curiosity and a thirst for knowledge,Severely Depressed
A melancholic symphony playing in the background the soundtrack of a wistful heart,Severely Depressed
Can anyone else feel this deep and persistent sense of yearning for something more,Severely Depressed
Feeling like Im simply surviving from one day to the next rather than truly living,Severely Depressed
Feeling like Im walking through a landscape thats been drained of all its vibrancy,Severely Depressed
Got my hands on the latest fantasy novel Diving into realms of magic and adventure,Severely Depressed
Feeling utterly numb and completely disconnected from my own emotions and feelings,Severely Depressed
Hope feels like a cruel and unattainable illusion something meant for other people,Severely Depressed
Just going through the motions of life desperately hoping for some kind of release,Severely Depressed
Just trying to make it to the next fragile breath without completely breaking down,Severely Depressed
Numb to the chaos emotions locked away a stoic facade concealing the inner turmoil,Severely Depressed
Suffocating under the immense and invisible pressure of simply existing day to day,Severely Depressed
The light within me has been completely and utterly extinguished leaving only void,Severely Depressed
The worlds vibrant energy and joy only serve to amplify my own profound lack of it,Severely Depressed
Trapped in a seemingly inescapable and suffocating cycle of negativity and despair,Severely Depressed
Betrayal a venomous serpent slithering through the garden of trust poisoning roots,Severely Depressed
My brain feels like a chaotic marketplace with too much noise and too many demands,Severely Depressed
My internal weather forecast 99 chance of overwhelm with scattered anxiety showers,Severely Depressed
Todo fluye con naturalidad y suavidad sin resistencias ni bloqueos que me detengan,Severely Depressed
La es una flor que se ha marchitado bajo la sombra de la tristeza sin ni fragancia,Severely Depressed
La oscuridad me envuelve por completo pero busco un destello de luz que me rescate,Severely Depressed
La vida es un camino sin horizonte donde la esperanza se desvanece en la distancia,Severely Depressed
Tal vez solo tal vez hay una para seguir adelante aunque no la vea en este momento,Severely Depressed
Busco un momento de claridad mental para ver las cosas con objetividad sentimental,Severely Depressed
La ansiedad me bloquea la en mis relaciones necesito encontrar claridad y apertura,Severely Depressed
La vita un viaggio sereno e consapevole da vivere con calma e gratitudine infinita,Severely Depressed
La un profumo che non puoi versare sugli altri senza spruzzarne un po su te stesso,Severely Depressed
I miei pensieri sono ombre che si intrecciano in un nodo inestricabile di angoscia,Severely Depressed
Mi sento come un ramo spezzato che galleggia in un fiume di tristezza e solitudine,Severely Depressed
Sento leco di un dolore antico che risuona come un lamento senza fine consolazione,Severely Depressed
La mia mente un labirinto senza uscita dove i ricordi si intrecciano con il dolore,Severely Depressed
Il mio equilibrio una danza sul filo con il cuore appesantito dal dolore interiore,Severely Depressed
La mia armonia una melodia dissonante che suona nel caos del cuore ferito e stanco,Severely Depressed
I giorni sono come un susseguirsi di ombre grigie e pesanti un fardello da portare,Severely Depressed
La vita un libro senza capitoli una storia senza direzione un racconto senza trama,Severely Depressed
Mi sento come se stessi annegando in un mare di disperazione senza una via duscita,Severely Depressed
Mi sento come se fossi rotto irreparabilmente danneggiato senza la minima speranza,Severely Depressed
Il buio mi avvolge completamente non vedo una luce in fondo al tunnel solo tenebre,Severely Depressed
Vorrei solo dormire per sempre per non sentire questo dolore che mi strazia lanima,Severely Depressed
Ogni respiro una fatica non so continuare a lottare contro questa che mi inghiotte,Severely Depressed
Uneco di unanima che si arresa alla disperazione senza combattere senza resistenza,Severely Depressed
A symphony of laughter each note a key to unlocking the door of boundless happiness,Severely Depressed
Danced in the rain to celebrate the end of exams Rain dance Unexpectedly refreshing,Severely Depressed
Having a bad hair day and feeling selfconscious Bad hair days can affect confidence,Severely Depressed
Revisiting old photographs caught in the embrace of nostalgias bittersweet symphony,Severely Depressed
Finding beauty in the quiet resilience and unwavering persistence of natures cycles,Severely Depressed
Just being fully present in this specific moment in space and time without judgment,Severely Depressed
Just cant seem to find the desire or will to actively engage in social interactions,Severely Depressed
Just trying to find a way to feel something other than this persistent sense of meh,Severely Depressed
Just trying to find my own inner compass to guide me through this uncertain terrain,Severely Depressed
Just trying to find one small reason to keep putting one foot in front of the other,Severely Depressed
The simple pleasures in life seem to have lost their appeal and dont bring much joy,Severely Depressed
Dealing with unfounded rumors circulating about personal life Rumors can be hurtful,Severely Depressed
Difficult to find any source of genuine light or hope in this overwhelming darkness,Severely Depressed
Everything feels incredibly heavy oppressive and like its constantly suffocating me,Severely Depressed
Lost the precious and vital connection to my own sense of identity and inner spirit,Severely Depressed
Melancholy painting the world in hues of nostalgia a canvas of bittersweet memories,Severely Depressed
The darkness has become my most familiar and constant companion never truly leaving,Severely Depressed
Wishing for a way to permanently quiet the deafening and critical voices in my head,Severely Depressed
Lost my headphones again How do they vanish into thin air HeadphoneMystery TeenLife,Severely Depressed
Mi mente es un laberinto sin salida pero busco una puerta secreta hacia la libertad,Severely Depressed
Sentirsi a casa nel proprio cuore in pace con se stessi e con il cammino della vita,Severely Depressed
La mia anima un albero senza linfa vitale che si secca lentamente e inesorabilmente,Severely Depressed
La mia anima un giardino abbandonato pieno di erbacce di preoccupazione e rimpianti,Severely Depressed
La mia calma una melodia lontana che non riesco a ricordare con chiarezza nitidezza,Severely Depressed
Il mio coraggio un fiore che si apre timidamente lottando contro lombra della paura,Severely Depressed
Cerco un senso di appartenenza ma non lo trovo in nessun luogo sono unanima errante,Severely Depressed
La vita un film senza finale una storia che non si conclude mai lasciandomi sospeso,Severely Depressed
La vita un sussurro a volte incomprensibile un messaggio che non riesco a decifrare,Severely Depressed
Le parole degli altri sono come un brusio lontano che non penetra il mio isolamento,Severely Depressed
Ogni giorno una battaglia persa in partenza la speranza morta dentro di me da tempo,Severely Depressed
Non trovo la forza di affrontare la giornata sono esaustoa senza speranza di riposo,Severely Depressed
Non trovo la forza di credere in un domani il futuro diventato unombra una minaccia,Severely Depressed
Got a flat tire on the way to an important meeting Talk about a series of bad events,Severely Depressed
The happiest people dont have the best of everythingthey make the best of everything,Severely Depressed
Everything feels like a minor obstacle that requires more effort than I have to give,Severely Depressed
Feeling like Im navigating a fragile ship through a relentless and unforgiving storm,Severely Depressed
Just cant seem to shake this underlying feeling of emptiness and lack of fulfillment,Severely Depressed
Searching for a glimmer of hope to hold onto when the darkness feels allencompassing,Severely Depressed
Searching for a moment of respite from the constant chatter and noise within my mind,Severely Depressed
The vibrant aspects of life seem to have faded leaving everything feeling a bit dull,Severely Depressed
Sailing the azure waters of the Maldives each wave a whisper of serenity in paradise,Severely Depressed
Battling the relentless and overwhelming tide of negative thoughts and selfcriticism,Severely Depressed
Encountered some meanspirited comments online Dealing with online hate is never easy,Severely Depressed
Feeling completely lost and without any true sense of purpose direction or belonging,Severely Depressed
Just wanting to feel a single moment of genuine lightness and freedom from this pain,Severely Depressed
The quiet is a constant and painful reminder of my profound loneliness and isolation,Severely Depressed
The shadows feel like the only safe and familiar place in a world that feels hostile,Severely Depressed
Caught in a torrential rainstorm without an umbrella Todays weather is just bad luck,Severely Depressed
Everything feels like a significant hurdle that requires too much energy to overcome,Severely Depressed
In the embrace of love each heartbeat is a melody dancing to the rhythm of affection,Severely Depressed
Lost in the labyrinth of thoughts confusion casting shadows on the quest for clarity,Severely Depressed
Lost in the maze of curiosity each twist and turn unveils the treasures of discovery,Severely Depressed
Missing an important event due to unforeseen circumstances A day filled with sadness,Severely Depressed
Need a day where I dont have to think about anything important or make any decisions,Severely Depressed
Walking the Great Wall of China each step a testament to ancient engineering marvels,Severely Depressed
La mente se siente dispersa pero intento enfocarme en el presente para encontrar paz,Severely Depressed
La vida es un laberinto sin salida a la luz donde la oscuridad me consume lentamente,Severely Depressed
Busco mental en mis para olvidar el ruido externo y encontrar silencio significativo,Severely Depressed
Le parole sono sabbia tra le dita che scivola via inesorabile senza lasciare traccia,Severely Depressed
Il mio riposo un campo di battaglia dove i pensieri combattono una guerra senza fine,Severely Depressed
Il mio controllo una diga incrinata che sta per cedere alla pressione delle emozioni,Severely Depressed
Cerco un luogo dove sentirmi a casa ma non lo trovo sono un viaggiatore senza radici,Severely Depressed
Il mio equilibrio una danza incerta su un terreno instabile di emozioni contrastanti,Severely Depressed
Il respiro un po affannoso come se portassi un peso invisibile un fardello interiore,Severely Depressed
La vita un film senza sceneggiatura unimprovvisazione senza fine un dramma personale,Severely Depressed
Unaria di nostalgia senza un motivo preciso un ricordo di qualcosa che non mai stato,Severely Depressed
Unassenza di ispirazione senza una ragione chiara un vuoto creativo che mi paralizza,Severely Depressed
Unindifferenza che una maschera di dolore un grido silenzioso un appello inascoltato,Severely Depressed
La vita mi sembra un peso insostenibile da portare non trovo la forza per continuare,Severely Depressed
Non trovo un motivo per andare avanti tutto mi sembra vano e senza uno scopo preciso,Severely Depressed
La mia mente un deserto arido senza oasi senza speranza di trovare acqua solo sabbia,Severely Depressed
Non sento il desiderio di vivere pienamente la vita diventata un peso insopportabile,Severely Depressed
Non trovo la strada che porta alla pace interiore sono persoa nel caos senza bussola,Severely Depressed
Daydreaming about the upcoming prom The dress the dance its a fairytale in the making,Severely Depressed
Discovered a new book series and spent the whole night reading Who needs sleep anyway,Severely Depressed
Feeling utterly blessed incredibly fortunate and overwhelmingly happy with everything,Severely Depressed
Happiness is the absolute best way to simply be without any ifs ands or buts about it,Severely Depressed
Planning a surprise scavenger hunt for friends Anticipating the thrill and excitement,Severely Depressed
Swaying to Ed Sheerans acoustic melodies a serene evening filled with Perfect moments,Severely Depressed
Holding onto the belief that I am stronger than these feelings that try to consume me,Severely Depressed
Drifting through the day with a nonchalant demeanor embracing the art of indifference,Severely Depressed
Hiding a snack stash in my backpack for emergency cravings Snack ninja mode Activated,Severely Depressed
Hope feels like a distant cruel and utterly unattainable illusion for someone like me,Severely Depressed
Feeling a sense of emptiness after a close friend moves away Farewells are always sad,Severely Depressed
Intentando encontrar la belleza en los momentos simples que a menudo pasamos por alto,Severely Depressed
Encuentro la belleza en la autenticidad y la honestidad en mis relaciones y en mi ser,Severely Depressed
El dolor es un monstruo que me persigue pero quiero aprender a enfrentarlo y vencerlo,Severely Depressed
Me siento como un fantasma en mi propia vida invisible y sin presencia sin ser notado,Severely Depressed
Siento que mi se ha convertido en una jaula de sombras donde la tristeza me aprisiona,Severely Depressed
Busco un momento de claridad sentimental para ver las cosas con objetividad emocional,Severely Depressed
Busco paz mental profunda en mis lazos para encontrar serenidad y entendimiento mutuo,Severely Depressed
Sentirsi grati per la bellezza del mondo e per la pace che dimora nel cuore di ognuno,Severely Depressed
La mia resistenza una tela strappata che non si ricucire con fili di speranza perduta,Severely Depressed
La mia speranza un sussurro in una stanza piena di grida di disperazione e solitudine,Severely Depressed
La mia gioia uneco lontana un ricordo di un tempo felice che non riesco a raggiungere,Severely Depressed
La speranza un filo di fumo che si disperde un sogno che svanisce lentamente nellaria,Severely Depressed
Unombra di apatia anche nella che mi ha sempre guidato un disinteresse che mi avvolge,Severely Depressed
Mi sento come se non esistessi invisibile agli occhi degli altri e senza alcun valore,Severely Depressed
Non trovo la voglia di lottare contro la corrente mi lascio trascinare verso il fondo,Severely Depressed
Be happy not because everything is perfect but because you choose to focus on the good,Severely Depressed
Having a string of bad luck with constant technology malfunctions Tech troubles galore,Severely Depressed
Finding solace in the quiet companionship and unconditional love of a cherished animal,Severely Depressed
Finding strength in the unwavering and unconditional support of the people I hold dear,Severely Depressed
Is it okay to just need some extra patience understanding and gentle support right now,Severely Depressed
Just taking one small deliberate step forward on this sometimes difficult path of life,Severely Depressed
Just trying to find my own personal way of navigating these oftenoverwhelming feelings,Severely Depressed
The constant effort of trying to keep my inner struggles hidden from the outside world,Severely Depressed
Dancing to Shakiras rhythmic beats hips swaying to the hypnotic charm of Hips Dont Lie,Severely Depressed
Determination burning like a wildfire overcoming obstacles turning dreams into reality,Severely Depressed
Experiencing hate comments for expressing personal opinions Online negativity prevails,Severely Depressed
Exploring a new hobby of photography during free time Capturing moments through a lens,Severely Depressed
The light inside me has been completely and utterly extinguished leaving only darkness,Severely Depressed
Battling the relentless and overwhelming negativity that fills my every waking thought,Severely Depressed
Cant even begin to imagine a future where I am genuinely happy and free from this pain,Severely Depressed
Encountering online toxicity during a gaming session Hateful comments can ruin the fun,Severely Depressed
Everything feels like an insurmountable mountain to climb with no energy to even start,Severely Depressed
Feeling like Im slowly and irrevocably fading away becoming a shadow of my former self,Severely Depressed
My mind has become a dark and stormy sea within me constantly churning with negativity,Severely Depressed
The days have become a monotonous and soulcrushing repetition of emptiness and despair,Severely Depressed
In the carnival of emotions the rollercoaster of thrill sends the heart on a wild ride,Severely Depressed
Just trying to keep all the metaphorical balls in the air without dropping any majorly,Severely Depressed
My stress is my unwelcome and everpresent shadow lurking around every corner of my day,Severely Depressed
Struggling with every ounce of my being to find even the smallest reason to keep going,Severely Depressed
La vida se siente un poco descolorida pero busco matices sutiles que la hagan vibrante,Severely Depressed
Necesito encontrar mi camino en la oscuridad aunque incierto y lleno de dudas y miedos,Severely Depressed
Il mio controllo una diga che sta per cedere sotto la pressione del silenzio interiore,Severely Depressed
La mia concentrazione un vetro appannato che distorce la e rende ogni pensiero confuso,Severely Depressed
La vita un film senza sceneggiatura unimprovvisazione senza fine un dramma senza trama,Severely Depressed
Le emozioni sono come un mare senza onde una calma apparente che nasconde una tempesta,Severely Depressed
Le parole degli altri sono come un eco lontano un messaggio che non riesco a decifrare,Severely Depressed
Unaria di malinconia anche nei momenti di gioia una tristezza persistente che mi segue,Severely Depressed
Unassenza di ispirazione senza una ragione chiara un vuoto creativo che mi immobilizza,Severely Depressed
Mi sento come se stessi cadendo in un abisso senza fondo senza una mano che mi afferri,Severely Depressed
La un sipario che si chiude lentamente senza applausi senza pubblico senza significato,Severely Depressed
Uneco di un sogno che si trasformato in rimpianto amaro una cicatrice un dolore eterno,Severely Depressed
Non trovo la ragione per continuare a respirare laria diventata pesante insopportabile,Severely Depressed
Embarked on a solo travel adventure discovering the beauty of new places at my own pace,Severely Depressed
Feeling so much love so much light and an abundance of pure happiness in my heart today,Severely Depressed
Exploring the wonders of Ferrari World the roar of engines creating a symphony of speed,Severely Depressed
Finding light and hope in the small but significant acts of selfcompassion and kindness,Severely Depressed
Holding onto the hope that I will eventually find my way back to myself and my passions,Severely Depressed
Immersed in a state of emotional numbness a shield against the storm of daily struggles,Severely Depressed
Just cant seem to find the right words to fully express the way Ive been feeling lately,Severely Depressed
Just trying to find a way to quiet the constant stream of worries and doubts in my mind,Severely Depressed
Experimenting with a new recipe for a school bake sale Baking adventures in the kitchen,Severely Depressed
Indifferent to the noise of the world a silent observer in the midst of lifes cacophony,Severely Depressed
Just wanting the relentless and allconsuming ache in my heart and soul to finally cease,Severely Depressed
No will left to fight against the overwhelming tide of hopelessness that washes over me,Severely Depressed
Spent hours on a TikTok dance only to realize I have two left feet Dance fail Unleashed,Severely Depressed
Wishing for a way to permanently quiet the storm and the critical voices inside my head,Severely Depressed
Just trying to keep all the plates spinning without causing a major ceramic catastrophe,Severely Depressed
Intentando encontrar el equilibrio entre el trabajo y el descanso cuidando mi bienestar,Severely Depressed
La mente se siente dispersa intentando enfocarme en el presente para encontrar claridad,Severely Depressed
Todo en orden y en su lugar sin caos ni descontrol que me afecten encontrando serenidad,Severely Depressed
Siento que mi alma atrapada en un laberinto sin luz buscando una salida en la oscuridad,Severely Depressed
Il mio controllo una diga che sta per cedere sotto la pressione di unonda inarrestabile,Severely Depressed
I miei pensieri sono ombre che si muovono senza scopo in una danza oscura e senza senso,Severely Depressed
La mia chiarezza un vetro sporco che distorce ogni riflesso della interiore e personale,Severely Depressed
Il mio controllo una diga che crolla liberando un fiume di lacrime interne e silenziose,Severely Depressed
Il mio coraggio una candela tremante che lotta contro interiore ma rischia di spegnersi,Severely Depressed
Il respiro un po corto come se il peso del mondo mi schiacciasse unoppressione costante,Severely Depressed
La voglia di lottare una fiamma che si spegne lasciando solo cenere di speranze perdute,Severely Depressed
Unaria di stanchezza anche nel riposo unaffaticamento dellanima unesaurimento interiore,Severely Depressed
Non speranza solo un dolore insopportabile che mi divora dallinterno giorno dopo giorno,Severely Depressed
Uneco di un sogno che si trasformato in cenere fredda e sterile senza calore senza vita,Severely Depressed
Uneco di unanima che si perde nel nulla assoluto senza lasciare traccia senza esistenza,Severely Depressed
Convinced the teacher to have class outdoors Learning equations with a side of fresh air,Severely Depressed
A numbness settles over me a shield against the overwhelming emotions life throws my way,Severely Depressed
Holding onto the hope that I will eventually find a sense of belonging and purpose again,Severely Depressed
Holding onto the unwavering promise of eventual and lasting healing for my mind and soul,Severely Depressed
Letting go little by little of the things that no longer serve my wellbeing or my growth,Severely Depressed
Navigating the oftencomplex and overwhelming intricacies of my own feelings and emotions,Severely Depressed
Searching for a moment of genuine peace and quiet to allow my weary mind to finally rest,Severely Depressed
The constant effort of trying to keep my inner struggles from becoming visible to others,Severely Depressed
Just going through the motions of daily life desperately hoping for some kind of release,Severely Depressed
Accidentally sent a love letter to the wrong person Love note fail Maximum embarrassment,Severely Depressed
Entangled in the web of thoughts confusion reigning as I navigate the labyrinth of ideas,Severely Depressed
Facing rejection from a dream college Disheartened but determined to explore other paths,Severely Depressed
Feeling like Im conducting an orchestra of chaos and all the instruments are out of tune,Severely Depressed
Successfully cooked a gourmet meal for the family Chef skills unlocked ChefMode TeenChef,Severely Depressed
Siento que mi alma atrapada en un invierno que no termina donde el me congela por dentro,Severely Depressed
Busco un momento de claridad mental relacional para ver las cosas con objetividad en mis,Severely Depressed
Il mio controllo una diga che sta per crollare sotto la pressione del silenzio interiore,Severely Depressed
La mia concentrazione una lente appannata che distorce la percezione del mondo interiore,Severely Depressed
Cerco un senso di scopo ma non lo trovo sono un attore senza ruolo in una commedia amara,Severely Depressed
Un sorriso che non arriva al cuore unespressione vuota che non riflette la vera emozione,Severely Depressed
Unassenza di gioia senza un motivo preciso un vuoto che si espande una mancanza costante,Severely Depressed
Non gioia da nessuna parte solo un vuoto profondo che mi consuma lentamente senza tregua,Severely Depressed
Non trovo pace nella mia mente un tormento continuo che mi consuma lentamente senza fine,Severely Depressed
Unassenza di significato che mi consuma lentamente come un fuoco che brucia senza fiamma,Severely Depressed
Exploring a new hiking trail with friends over the weekend Nature laughter and good vibes,Severely Depressed
Practicing a standup comedy routine for the upcoming talent show Comedy gig In the making,Severely Depressed
Finding peace in the quiet solitude of my own thoughts a space for reflection and healing,Severely Depressed
Just trying to find a little bit of solace and peace in the quiet solitude of the evening,Severely Depressed
Just trying to find a small victory today no matter how seemingly insignificant it may be,Severely Depressed
The weight of feeling like Im constantly disappointing the people who mean the most to me,Severely Depressed
Immersed in the soulful melodies of Adele tears flow freely moved by the emotion of Hello,Severely Depressed
Like Im perpetually observing my own life unfolding from a great and unreachable distance,Severely Depressed
The emptiness is a vast and seemingly endless void where my heart and spirit once resided,Severely Depressed
Accidentally liked my crushs old photo while stalking their profile Awkward level Maximum,Severely Depressed
Just trying to navigate this incredibly demanding and highpressure environment with grace,Severely Depressed
Spent the day bingewatching a new series Productivity level Zero LazyDay TVSeriesMarathon,Severely Depressed
Siento la paz que viene de vivir en el presente sin preocuparme por el pasado o el futuro,Severely Depressed
Me siento como un barco a la deriva sin puerto perdido en un mar de incertidumbre y miedo,Severely Depressed
Siento que me pierdo en el laberinto mental de mis relaciones necesito clara y compartido,Severely Depressed
La mia speranza un sussurro lontano in una stanza piena di echi di disperazione interiore,Severely Depressed
La mia concentrazione un filo spezzato che non riesce a collegare i frammenti della mente,Severely Depressed
Vorrei solo che tutto finisse non ne posso di questa sofferenza che mi consuma lentamente,Severely Depressed
Crafting intricate friendship bracelets for the whole squad Friendship level Expert weaver,Severely Depressed
Embarking on a journey of learning a new language The mind stays young with every new word,Severely Depressed
Reflecting on the challenges of the school year Feeling a bit overwhelmed with assignments,Severely Depressed
A quiet but persistent hope that continues to gently flicker within the depths of my heart,Severely Depressed
Everything feels like a responsibility that adds to my overall sense of being weighed down,Severely Depressed
Feeling a sense of despair after a major project failure Hard work didnt pay off this time,Severely Depressed
Finding beauty in the subtle and often unnoticed changes that occur in the world around me,Severely Depressed
Holding onto the belief that I am inherently strong and capable of weathering these storms,Severely Depressed
Holding onto the hope that I will eventually find my way back to feeling like myself again,Severely Depressed
Searching for a light to illuminate the confusing and uncertain path that lies ahead of me,Severely Depressed
Still believing in the inherent strength and resilience that lies deep within my own being,Severely Depressed
The struggle to find motivation for the things that once ignited my passion and enthusiasm,Severely Depressed
A fiery determination burning within fueled by the vision of reaching unparalleled heights,Severely Depressed
In the symphony of excitement each note is a burst of energy igniting the soul with fervor,Severely Depressed
No desire whatsoever to participate in the activities and joys that others seem to cherish,Severely Depressed
Stumbling upon an old journal nostalgia flooding in waves carrying me to moments long gone,Severely Depressed
The darkness has become my most familiar and constant companion a shadow that never leaves,Severely Depressed
Trying to master the perfect kickflip on my skateboard Skating into the weekend like a pro,Severely Depressed
Ambivalence in the air caught between the crossroads of conflicting emotions and decisions,Severely Depressed
Receiving a heartfelt letter from a pen pal in another country Connecting across the globe,Severely Depressed
Wrapped in the cloak of emotional numbness a shield against the storms of lifes turbulence,Severely Depressed
Intentando encontrar el equilibrio entre el trabajo y el descanso para cuidar mi bienestar,Severely Depressed
La oscuridad me paraliza por completo pero busco el movimiento hacia la luz y la esperanza,Severely Depressed
Mi sento come una pietra levigata che si sgretola sotto il peso del tempo e delle emozioni,Severely Depressed
La leggerezza unutopia un ideale irraggiungibile che mi sfugge sempre un sogno impossibile,Severely Depressed
Unaria di tristezza anche nei momenti di festa una malinconia costante unombra persistente,Severely Depressed
Unassenza di slancio senza un motivo apparente un vuoto che si espande uninerzia interiore,Severely Depressed
Mi sento come se stessi annegando in un mare di disperazione senza una zattera di salvezza,Severely Depressed
Non trovo la voglia di sorridere sinceramente il sorriso diventato una maschera un inganno,Severely Depressed
Celebrating a friends birthday with a surprise party Joyful moments and laughter all around,Severely Depressed
Just a little reminder to always seek out the happiness that surrounds you every single day,Severely Depressed
Everything feels like its moving in slow motion yet time still feels like its slipping away,Severely Depressed
Feeling a bit detached from the people and activities that used to bring me comfort and joy,Severely Depressed
Feeling like Im living in a perpetual state of mild exhaustion both mentally and physically,Severely Depressed
Just cant seem to find the inner strength to reach out and talk about how Im really feeling,Severely Depressed
Drifting through the day with an air of nonchalance indifferent to the trivialities of life,Severely Depressed
In the celebration of success fireworks of accomplishment light up the night sky of triumph,Severely Depressed
Melancholy whispers in the breeze a silent conversation with the echoes of forgotten dreams,Severely Depressed
Everything feels like an insurmountable and utterly exhausting obstacle to try and overcome,Severely Depressed
Feeling utterly lost adrift and without any sense of direction purpose or anchor in my life,Severely Depressed
Feeling utterly numb detached and disconnected from my own emotions and the world around me,Severely Depressed
My mind has become a dark and treacherous labyrinth filled with negativity and selfloathing,Severely Depressed
Accidentally walked into the wrong classroom on the first day Classroom mixup Awkward start,Severely Depressed
Trying out a new study technique for upcoming exams Exploring different learning strategies,Severely Depressed
La soledad me asfixia lentamente pero quiero encontrar aire fresco y libertad para respirar,Severely Depressed
La vida es un espejo roto que refleja mi tristeza y dolor internos distorsionando mi imagen,Severely Depressed
La mia un vaso fragile che si frantuma al minimo tocco della delusione interiore e profonda,Severely Depressed
Il mio equilibrio una danza sul filo del rasoio con il cuore in frantumi e lo sguardo perso,Severely Depressed
Il silenzio un dialogo interrotto dove le parole non trovano eco una comunicazione spezzata,Severely Depressed
La voglia di credere una fiamma che si spegne lasciando solo cenere fredda una fede perduta,Severely Depressed
Uninquietudine che non trova pace interiore un tormento dellanima che non mi lascia in pace,Severely Depressed
Non luce solo infinita che mi avvolge e mi inghiotte completamente senza la minima speranza,Severely Depressed
Non trovo la strada per la speranza sono intrappolatoa nella disperazione senza via di fuga,Severely Depressed
Drenched in confetti at a Katy Perry concert a kaleidoscope of colors igniting the night sky,Severely Depressed
Feeling like my soul is absolutely singing with the purest form of joy and utter contentment,Severely Depressed
Gazing at the sunset a melancholic longing for moments that slip through the fingers of time,Severely Depressed
In the embrace of the Grand Canyon natures masterpiece a moment to marvel at Earths grandeur,Severely Depressed
Making today a happy picture that Ill cherish looking back on with a smile for years to come,Severely Depressed
A journey into the past flipping through the pages of an old diary nostalgia taking the lead,Severely Depressed
An impenetrable numbness shields me from the emotional storms a fortress of stoic resilience,Severely Depressed
Embracing the quiet courage that is necessary to face whatever challenges tomorrow may bring,Severely Depressed
Flipping through the pages of an old yearbook nostalgia painting smiles and tears on my face,Severely Depressed
Hard to find even the smallest glimmer of positivity or optimism to cling to in the darkness,Severely Depressed
Lost the precious and vital connection to my own inherent sense of identity and inner spirit,Severely Depressed
The quiet holds so much unspoken pain so many silent and unseen tears that never seem to dry,Severely Depressed
Time stretches out with agonizing slowness each second feeling like an eternity of suffering,Severely Depressed
Accidentally sent a text meant for a friend to the class group chat Texting fail Oops moment,Severely Depressed
Participating in a science fair to showcase a unique experiment Sharing knowledge with peers,Severely Depressed
Intentando encontrar el equilibrio entre la actividad y el descanso para cuidar mi bienestar,Severely Depressed
La mia mente un labirinto senza uscita dove i ricordi si intrecciano con il dolore interiore,Severely Depressed
I giorni sono come pagine di un diario mai letto vuote e silenziose unesistenza senza parole,Severely Depressed
Il mio riposo un sogno interrotto da allarmi silenziosi che risuonano nel profondo dellanima,Severely Depressed
La mia un fragile equilibrio su un filo sottile pronto a spezzarsi al minimo soffio di vento,Severely Depressed
Curiosity leading me down the rabbit hole of knowledge a perpetual student in lifes classroom,Severely Depressed
Embarking on a gondola ride in Venice each canal reflecting the romance of this timeless city,Severely Depressed
Exploring the ancient ruins of Angkor Wat each stone whispering stories of Khmer civilization,Severely Depressed
Just a little reminder to always seek out the happiness that surrounds you each and every day,Severely Depressed
Leafing through the pages of an old photo album nostalgia weaving tales of laughter and tears,Severely Depressed
Facing challenges headon a determination that fuels the fire within to achieve the impossible,Severely Depressed
Just trying to find my own inner compass to guide me through this challenging chapter of life,Severely Depressed
Navigating the oftenturbulent waters of life with a resilient and deeply understanding spirit,Severely Depressed
Seeking serenity in the melody of raindrops a tranquil escape from the noise of everyday life,Severely Depressed
Feeling like I am slowly but surely fading away becoming less and less present in my own life,Severely Depressed
Time stretches on endlessly each passing moment heavy with the unbearable weight of my sorrow,Severely Depressed
Organizing a virtual talent show during challenging times bringing smiles to classmates faces,Severely Depressed
Successfully completing a challenging coding project Excitement for overcoming coding hurdles,Severely Depressed
Trapped in this suffocating and seemingly endless cycle of profound sadness and utter despair,Severely Depressed
Trying out a new smoothie recipe for a healthy start to the week Smoothie enthusiast Level up,Severely Depressed
Cerco una via di fuga ma non la trovo sono intrappolato in me stesso un prigioniero dellanima,Severely Depressed
I giorni sono come un susseguirsi di ombre pesanti un fardello da portare unesistenza gravosa,Severely Depressed
Le emozioni sono come un giardino senza fiori dove crescono solo spine emotiva che mi ferisce,Severely Depressed
Attempting to beat the record for the most consecutive cartwheels Cartwheel challenge Underway,Severely Depressed
Attending a school talent show to support classmates Applauding the diverse talents on display,Severely Depressed
Dancing under the stars at Beyonces live show feeling the power of Single Ladies in every move,Severely Depressed
Embracing the quiet strength that inevitably comes from facing lifes various challenges headon,Severely Depressed
Basking in the serenity of a quiet forest where the whispers of nature bring peace to the soul,Severely Depressed
In the crowd of an Ariana Grande concert the high notes of Into You create a euphoric symphony,Severely Depressed
Rocking out at a Guns N Roses show the iconic riffs of Sweet Child o Mine echoing in the night,Severely Depressed
Winning a friendly sports competition against rival schools Victory celebrations in full swing,Severely Depressed
La voglia di lottare una fiamma che si affievolisce perdendo il suo calore una resa silenziosa,Severely Depressed
Le parole degli altri sono come un rumore di fondo un brusio che non penetra il mio isolamento,Severely Depressed
La vita mi sembra un peso insostenibile da portare non trovo la forza per continuare a lottare,Severely Depressed
At a Michael Jackson tribute show moonwalking through the hits a celebration of the King of Pop,Severely Depressed
Captivated by the historical charm of the Colosseum each stone echoing tales of gladiator valor,Severely Depressed
Caught up on the latest fashion trends and now planning a shopping spree Fashionista TrendyTeen,Severely Depressed
Curiosity driving the exploration of the unknown a seeker of knowledge in uncharted territories,Severely Depressed
Feeling utterly blessed incredibly fortunate and overwhelmingly happy with everything around me,Severely Depressed
Serenity found in the stillness of nature a tranquil retreat from the chaos of the modern world,Severely Depressed
Feeling like Im slowly losing interest in the things that once brought color and joy to my life,Severely Depressed
Finding beauty in the quiet strength and incredible adaptability of the natural world around me,Severely Depressed
In the crowd of a Taylor Swift concert the lyrics of Love Story create an enchanting fairy tale,Severely Depressed
Melancholy as a companion painting the canvas of life with the brushstrokes of wistful yearning,Severely Depressed
The weight of feeling like Im carrying the emotional burdens and stresses of everyone around me,Severely Depressed
Attending a school club meeting to explore new interests Dabbling in extracurricular activities,Severely Depressed
Cruising the fjords of Norway each icy landscape a breathtaking masterpiece of natures grandeur,Severely Depressed
Determination ablaze forging a path through challenges sculpting dreams into tangible realities,Severely Depressed
Lost in the enchantment of Disneyland each ride a journey into the realm of childhood fantasies,Severely Depressed
Mastered the art of creating paper airplanes during lecture Paper planes Soaring to new heights,Severely Depressed
Another day to simply endure the vast and allencompassing emptiness that resides deep within me,Severely Depressed
Skiing down the slopes of the Swiss Alps each turn a dance with the majesty of snowcapped peaks,Severely Depressed
The silence has become a heavy suffocating and constant reminder of my profound inner emptiness,Severely Depressed
Tranquil moments by the ocean serenity washing over a peaceful retreat within the waves embrace,Severely Depressed
Immersed in the pulsating beats of a Bruno Mars concert where Uptown Funk becomes a city of joy,Severely Depressed
Participating in a schoolwide art exhibition Witnessing creativity and spreading positive vibes,Severely Depressed
Siento que me estoy perdiendo en la oscuridad pero quiero encontrarme a mismo y volver a ser yo,Severely Depressed
Siento que la mental me aplasta en mis relaciones necesito encontrar vulnerabilidad y fortaleza,Severely Depressed
La mia resistenza una tela strappata che non si ricucire con fili di speranza perduta e lontana,Severely Depressed
La mia mente una stanza buia dove i ricordi si aggirano come fantasmi tormentando ogni pensiero,Severely Depressed
Unaria di nostalgia anche nei momenti presenti che dovrebbero essere felici un ricordo costante,Severely Depressed
Unindifferenza che un grido silenzioso di disperazione un appello inascoltato nelleco del vuoto,Severely Depressed
Amazed by the architectural marvels of Petra each stone telling tales of an ancient civilization,Severely Depressed
Creating a beautiful mural with fellow art enthusiasts The power of collaboration and creativity,Severely Depressed
Exploring the world of coding Debugging is an adventure on its own CodingJourney HighSchoolCoder,Severely Depressed
Rediscovered childhood cartoons and had a nostalgiafilled marathon CartoonNostalgia TeenMemories,Severely Depressed
Swaying to the reggae vibes of Bob Marleys tribute concert each chord a journey to Jamaicas soul,Severely Depressed
Holding onto the precious memories that consistently bring a genuine sense of warmth and comfort,Severely Depressed
The constant effort of trying to keep my inner struggles and vulnerabilities carefully concealed,Severely Depressed
Attending a workshop on time management to enhance organizational skills Striving for efficiency,Severely Depressed
Compassionate clouds heavy with care showering empathy on the parched grounds of human suffering,Severely Depressed
Floating through the day with an air of indifference detached from the mundane happenings around,Severely Depressed
Like a comet of inspiration streaking through the sky of creativity leaving trails of brilliance,Severely Depressed
Experiencing the magic of a Coldplay concert where Fix You becomes a beacon of hope in the night,Severely Depressed
Missing out on a longanticipated event due to unexpected circumstances A day filled with sadness,Severely Depressed
Navigating through the labyrinth of thoughts confusion a constant companion in the maze of ideas,Severely Depressed
Successfully fundraising for a school charity initiative The joy of giving back to the community,Severely Depressed
Trying to set a new trend by juggling textbooks between classes Academic juggling A unique skill,Severely Depressed
Siento que me vuelvo loco mentalmente en mis relaciones necesito encontrar cordura y estabilidad,Severely Depressed
Siento que me vuelvo loco mentalmente en mis relaciones necesito cordura y estabilidad emocional,Severely Depressed
Cerco un faro nella notte ma la bussola interiore smarrita un viaggio senza guida che mi conduce,Severely Depressed
La vita una tela bianca senza colori forme unesistenza senza espressione che mi rende invisibile,Severely Depressed
Mi sento come se fossi rotto irreparabilmente danneggiato senza la minima speranza di guarigione,Severely Depressed
Just embracing all the incredible and happy vibes that this amazing place is giving off right now,Severely Depressed
Embracing the quiet and profound understanding of my own unique and personal journey through life,Severely Depressed
Just trying to find my own unique and personal way of coping with the heaviness of these emotions,Severely Depressed
Organizing a community cleanup event for a cleaner neighborhood Promoting environmental awareness,Severely Depressed
Still looking diligently for the subtle silver linings that often hide within the everyday clouds,Severely Depressed
At a U2 concert the anthemic chords of With or Without You create a timeless moment of connection,Severely Depressed
Embracing the beauty in imperfections finding acceptance in the mosaic of lifes unpredictable art,Severely Depressed
Volunteering at a local charity event to give back to the community Contributing to social causes,Severely Depressed
Barely maintaining a fragile and tenuous grip on what increasingly feels like a distorted reality,Severely Depressed
Feeling utterly numb and disconnected from my own emotions like a robot going through the motions,Severely Depressed
In the tranquility of Kyotos bamboo forest whispers of ancient Zen wisdom echo through the groves,Severely Depressed
Successfully organized a surprise birthday party for a friend Party planning expert mode Achieved,Severely Depressed
La oscuridad me envuelve por completo pero busco un destello de luz que me rescate de este abismo,Severely Depressed
La mia mente un labirinto senza uscita dove i ricordi si intrecciano con il dolore e il rimpianto,Severely Depressed
La vita una melodia stonata che non riesco a seguire unarmonia perduta che non riesco a ritrovare,Severely Depressed
Mi sento come se fossi intrappolato in un incubo senza fine senza di risveglio da questo tormento,Severely Depressed
Amidst the tulip fields of Keukenhof a tapestry of colors that paints the soul with springtime joy,Severely Depressed
At the summit of Mount Fuji a breathtaking sunrise that paints the sky with hues of accomplishment,Severely Depressed
Attempting to impress the teacher with an elaborate science experiment Science geek mode Activated,Severely Depressed
Dancing through life with the exuberance of a carefree spirit embracing joy and zest at every turn,Severely Depressed
Embarking on a mission to find the best burger joint in town Burger connoisseur Reporting for duty,Severely Depressed
Feeling so much love so much light and an abundance of pure happiness in my heart today and always,Severely Depressed
Is it okay to just need some extra understanding empathy and gentle support from those I hold dear,Severely Depressed
Started a blog about random thoughts and musings Blogging is the new diary BloggerLife TeenBlogger,Severely Depressed
Determination as the driving force propelling me forward on the path to extraordinary achievements,Severely Depressed
Its like my brain is a browser with too many tabs open and one is playing music but I cant find it,Severely Depressed
Cant even begin to imagine a future where I am truly and completely free from this persistent pain,Severely Depressed
Even simple acts of selfcare feel like monumental and utterly impossible tasks to even contemplate,Severely Depressed
In the audience of a JayZ performance the lyrics of Empire State of Mind become an anthem of pride,Severely Depressed
The weight of my sadness is a tangible and heavy presence that never truly lifts a constant burden,Severely Depressed
Torn between conflicting emotions an ambivalence that paints my decisions in shades of uncertainty,Severely Depressed
In the heart of New York City Times Square dazzles with lights a vibrant spectacle of urban energy,Severely Depressed
Survived a group project without any drama Miracles do happen GroupProjectSuccess TeenAchievements,Severely Depressed
La mia forza una corda che si spezza lasciando cadere il peso delle emozioni represse internamente,Severely Depressed
La mia forza una corda che si spezza lasciando cadere il peso delle emozioni represse e silenziose,Severely Depressed
Cerco una bussola ma non la trovo sono perso nel labirinto della mia anima un viaggiatore smarrito,Severely Depressed
Le parole degli altri sono come un rumore di fondo un eco lontano e disturbante uninterferenza 994,Severely Depressed
Exploring a new parttime job opportunity for gaining work experience Career development in progress,Severely Depressed
Swinging to the rhythms of a Frank Sinatra tribute feeling the timeless charm of Fly Me to the Moon,Severely Depressed
Holding onto the invaluable connections with those rare individuals who truly see and understand me,Severely Depressed
Basking in the golden glow of contentment a serene river flowing through the landscape of the heart,Severely Depressed
Exploring new horizons with the spark of curiosity an adventurer in the vast landscape of knowledge,Severely Depressed
Everything feels incredibly heavy oppressive and as though I am constantly wading through thick mud,Severely Depressed
Feeling profoundly alienated and utterly disconnected from the vibrant world and everyone within it,Severely Depressed
Just going through the motions of daily life desperately hoping for some kind of unexpected release,Severely Depressed
The complex puzzle of life leaves me in a state of perpetual confusion seeking answers in the chaos,Severely Depressed
A tapestry of conflicting feelings weaving through uncertainty caught in the threads of ambivalence,Severely Depressed
Participating in a multicultural festival celebrating diversity with music dance and delicious food,Severely Depressed
Il respiro un po trattenuto come se avessi paura di respirare a fondo la vita unesitazione costante,Severely Depressed
Unindifferenza che un grido silenzioso di disperazione un appello inascoltato che risuona nel vuoto,Severely Depressed
Unindifferenza che una barriera invisibile un muro che mi separa dal mondo un isolamento volontario,Severely Depressed
Mi sento come se stessi cadendo in un abisso senza fondo senza una mano che mi afferri per salvarmi,Severely Depressed
Mi sento come se fossi solo al mondo senza nessuno che mi comprenda veramente senza unanima gemella,Severely Depressed
Non ho voglia di niente tutto mi sembra inutile e privo di significato senza uno scopo che mi guidi,Severely Depressed
At a Justin Bieber concert the infectious beats of Baby create a dance floor of unbridled enthusiasm,Severely Depressed
Attempting to set a new record for the most consecutive hacky sack kicks Hacky sack skills Unleashed,Severely Depressed
In the midst of the Amazon rainforest a symphony of wildlife creates an orchestra of natures wonders,Severely Depressed
Finding peace and serenity in the quiet and often breathtaking beauty that consistently surrounds me,Severely Depressed
Just cant seem to connect with the things that used to bring me a sense of happiness and fulfillment,Severely Depressed
At the front row of Adeles concert each note of Someone Like You resonates with soulstirring emotion,Severely Depressed
Standing tall proud as an oak the branches of achievement reaching towards the sky of accomplishment,Severely Depressed
No will or strength left to fight against the overwhelming and allencompassing sense of hopelessness,Severely Depressed
Le parole degli altri sono come un eco lontano un messaggio che non riesco a decifrare completamente,Severely Depressed
Non speranza solo un dolore insopportabile che mi divora dallinterno giorno dopo giorno senza tregua,Severely Depressed
Attending a surprise birthday party organized by friends Surrounded by love laughter and good company,Severely Depressed
Can anyone else feel this deep and persistent sense of yearning for something more meaningful in life,Severely Depressed
Feeling like Im walking through a surreal and dreamlike state often detached from the present reality,Severely Depressed
In the mosh pit of a Metallica concert the thunderous chords create a symphony of headbanging ecstasy,Severely Depressed
Just riding the gentler and more manageable waves of emotion as they naturally ebb and flow within me,Severely Depressed
Standing before the grandeur of the Eiffel Tower a moment to reflect on the beauty of Parisian dreams,Severely Depressed
Difficult to find any genuine source of light or even a glimmer of hope in this overwhelming darkness,Severely Depressed
Feeling like Im broken beyond any possibility of repair a shattered existence with no hope of mending,Severely Depressed
Feeling utterly and completely consumed by the immense and crushing weight of my own profound despair,Severely Depressed
Fueled by curiosity venturing into uncharted realms a fearless explorer of the mysteries of the world,Severely Depressed
Immerse in the serenity of a moonlit night where the quiet whispers of nature bring peace to the soul,Severely Depressed
La voglia di credere una fiamma che si spegne lasciando solo cenere fredda una fede perduta nel tempo,Severely Depressed
Il buio mi avvolge completamente non vedo una luce in fondo al tunnel solo tenebre che mi inghiottono,Severely Depressed
Mi sento come se non esistessi invisibile agli occhi degli altri e senza alcun valore in questo mondo,Severely Depressed
Vorrei solo dormire per sempre per non sentire questo dolore che mi strazia lanima senza un risveglio,Severely Depressed
Attended a classical music concert feeling the timeless melodies resonate Music transcends generations,Severely Depressed
Just feeling a little out of sorts but consciously making an effort to gently center myself once again,Severely Depressed
Rocking out to the guitar solos at a Queen tribute concert a journey back in time with Freddies spirit,Severely Depressed
The emptiness is a vast and seemingly endless void where my heart and spirit once so vibrantly resided,Severely Depressed
Wishing with every fiber of my being for a way to silence the deafening and critical voices in my head,Severely Depressed
In the spotlight at a Lady Gaga show each costume change is a metamorphosis of creativity and artistry,Severely Depressed
Journeying through the serenity of Santorini where each sunset paints the sky with hues of tranquility,Severely Depressed
Il respiro un po corto come se il peso del mondo mi schiacciasse unoppressione costante che mi soffoca,Severely Depressed
La mia forza un filo sottile che si spezza sotto il peso delle parole non dette un fardello invisibile,Severely Depressed
Non gioia da nessuna parte solo un vuoto profondo che mi consuma lentamente senza tregua o speranza di,Severely Depressed
Savoring the flavors of a homecooked meal Simple joys are the heart of happiness HomeCooking SimpleJoys,Severely Depressed
Just trying to find my own unique rhythm and flow as I navigate this oftenunpredictable journey of life,Severely Depressed
Trying desperately to keep the fragile and broken pieces of myself from completely shattering into dust,Severely Depressed
Collaborating on a group project to promote teamwork and shared responsibilities Group effort in action,Severely Depressed
Suffocating under the immense and invisible pressure of simply existing and navigating each passing day,Severely Depressed
Decided to study for exams but ended up making memes about studying instead Procrastination level Expert,Severely Depressed
Eyes wide open in the night fearful shadows dancing on the walls the mind a prisoner of imagined horrors,Severely Depressed
Holding onto the hope that I will eventually find a genuine sense of belonging and a clear purpose again,Severely Depressed
Just trying to find a little bit of comfort and stability in the familiar routines that structure my day,Severely Depressed
Just trying to find a small reason to smile that feels truly authentic and reaches the depths of my soul,Severely Depressed
At the summit of Machu Picchu a breathtaking panorama that whispers the secrets of ancient civilizations,Severely Depressed
Just wanting someone anyone to truly see and understand the immense depth of my inner pain and suffering,Severely Depressed
Silence is the only language that truly resonates with the deepest parts of my weary and broken soul now,Severely Depressed
Tried to impress my crush with a smooth conversation Ended up spilling my drink Smooth level Nonexistent,Severely Depressed
Successfully avoided eye contact with my crush in the hallway Mission accomplished TeenCrush StealthMode,Severely Depressed
The world feels like a cold indifferent and ultimately unforgiving environment when youre already broken,Severely Depressed
Bought a new video game played for hours forgot to eat The ultimate gaming session GamerLife NoFoodGaming,Severely Depressed
Embarked on a road trip to revisit cherished places from the past Nostalgia the ultimate travel companion,Severely Depressed
Soaking in all the wonderful and happy energy that these truly amazing people are radiating all around me,Severely Depressed
Battling the relentless and overwhelming tide of negative thoughts that constantly flood my consciousness,Severely Depressed
Cant seem to hold onto any fleeting moments of happiness they slip through my fingers like grains of sand,Severely Depressed
Lost in the symphony of the night a moonlit serenade that whispers tales of wanderlust and moonlit dreams,Severely Depressed
No motivation whatsoever to pursue any dreams aspirations or even the simplest of daily pleasures anymore,Severely Depressed
Spent hours creating the perfect playlist for every mood Music is my therapy PlaylistMaker TeenMusicLover,Severely Depressed
Ogni giorno una battaglia persa in partenza la speranza morta dentro di me da tempo senza di resurrezione,Severely Depressed
Enrolled in a dance class for seniors moving to the rhythm of life Age is just a number on the dance floor,Severely Depressed
Exploring the world of digital art Its never too late to discover new passions DigitalArtistry LateBloomer,Severely Depressed
Still believing firmly in the enduring and transformative power of cultivating inner peace and tranquility,Severely Depressed
The struggle to find meaning and intrinsic motivation when everything feels so utterly pointless and bleak,Severely Depressed
The weight of feeling like Im constantly one step behind everyone else in achieving their goals and dreams,Severely Depressed
Just wanting to feel something anything other than this constant and allencompassing ache in my weary soul,Severely Depressed
La leggerezza unutopia un ideale irraggiungibile che mi sfugge sempre un sogno impossibile che mi tormenta,Severely Depressed
Il mondo mi sembra distante come se lo vedessi attraverso un vetro sporco e opaco senza una visione chiara,Severely Depressed
Mi sento come se stessi annegando in un mare di disperazione senza una zattera di salvezza per sopravviver,Severely Depressed
Attended a vintage car show reminiscing about the classics that once ruled the roads Nostalgia in every rev,Severely Depressed
Collaborating on a science project that received recognition at a regional fair Science triumphs and smiles,Severely Depressed
Feeling like my soul is absolutely singing with the purest form of joy and utter contentment in this moment,Severely Depressed
Gazing towards the horizon with hopeful eyes painting a canvas of dreams illuminated by the sun of optimism,Severely Depressed
Feeling like Im navigating a dense and unforgiving wilderness within the intricate landscape of my own mind,Severely Depressed
Finding comfort and solace in the simple and often therapeutic act of creating something new and meaningful,Severely Depressed
Embarked on a DIY home decor project Lets hope it turns out better than last time DIYAdventure TeenHomeDecor,Severely Depressed
Finding unexpected strength in the oftenunseen kindness and compassion that I gratefully receive from others,Severely Depressed
A heart overflowing with gratitude a garden where appreciation blooms in the soil of kindness and connection,Severely Depressed
In the serene beauty of a sunset nature unfolds a canvas of colors evoking a sense of tranquility and wonder,Severely Depressed
Just trying to make it to the next fragile and uncertain breath without completely breaking down into pieces,Severely Depressed
Jealousy a greeneyed monster lurking in the shadows casting a dark cloud over the sunshine of others success,Severely Depressed
Mi sento come se stessi annegando in un mare di disperazione senza una zattera di salvezza a cui aggrapparmi,Severely Depressed
La vita mi sembra un peso insostenibile da portare non trovo la forza per continuare a lottare contro questa,Severely Depressed
Attended a lecture on history always fascinated by the lessons from the past Learning is a lifelong adventure,Severely Depressed
Embraced by the hopeful dawn a gardener sowing seeds of optimism tending to the blooms of a brighter tomorrow,Severely Depressed
Happiness is without a doubt the best kind of wealth that anyone could ever hope to possess in their lifetime,Severely Depressed
Proudly scaling the peaks of achievement a mountaineer conquering challenges and planting the flag of success,Severely Depressed
Drowning in the abyss of despair a heart shattered into fragments lost in the echoing silence of hopelessness,Severely Depressed
Even simple acts of selfcare feel like monumental and utterly impossible tasks to even contemplate attempting,Severely Depressed
My mind has tragically transformed into a dark treacherous and seemingly inescapable prison for my weary soul,Severely Depressed
Spent the afternoon at a museum pretending to be cultured Art enthusiast in the making MuseumDay TeenArtLover,Severely Depressed
Letting the negative thoughts worries and anxieties gradually drift away like fallen leaves on a gentle stream,Severely Depressed
In the embrace of the autumn breeze leaves of ambivalence dancing in a waltz between choices and uncertainties,Severely Depressed
Loneliness a silent companion in the night the only echo in the chamber of solitude a hearts solitary nocturne,Severely Depressed
Everything in the world around me appears dull faded and devoid of any genuine color vibrancy or real interest,Severely Depressed
Feeling like I am slowly and irrevocably fading away becoming a mere shadow of my former self almost invisible,Severely Depressed
Like Im perpetually observing my own life unfolding from a great and unreachable distance a detached spectator,Severely Depressed
Longing with every fiber of my being for something anything to pull me out of this deep and consuming darkness,Severely Depressed
Cerco un orizzonte ma i miei occhi vedono solo nebbia una visione offuscata che mi impedisce di vedere la luce,Severely Depressed
Il silenzio un dialogo interrotto dove le parole non trovano eco una comunicazione spezzata che mi lascia solo,Severely Depressed
Non riesco a sentire niente sono solo un guscio vuoto privo di emozioni e di vita senza un barlume di speranza,Severely Depressed
Mi sento come se fossi rotto irreparabilmente danneggiato senza la minima speranza di guarigione o di recupero,Severely Depressed
Ogni respiro una fatica non so continuare a lottare contro questa che mi inghiotte senza la minima di vittoria,Severely Depressed
As the credits roll a profound sense of nostalgia washes over reminiscent of cherished moments in classic films,Severely Depressed
Decided to learn a new instrument Day one Still trying to figure out how to hold it MusicNovice LearningJourney,Severely Depressed
The darkness has become my most constant reliable and unwelcome friend a shadow that never truly leaves my side,Severely Depressed
The shadows feel like the only truly safe and familiar place in a world that often feels overwhelmingly hostile,Severely Depressed
Wishing with every last bit of my strength for a single precious moment of genuine peace and a truly quiet mind,Severely Depressed
Soaring on the wings of a free spirit unburdened by the chains of conformity painting the sky with independence,Severely Depressed
Some days it feels like the weight of the world is too much to carry and I dont have the strength to keep going,Severely Depressed
Non speranza solo un dolore insopportabile che mi divora dallinterno giorno dopo giorno senza tregua o sollievo,Severely Depressed
Non riesco a sentire niente sono solo un guscio vuoto privo di emozioni e vita senza barlume di speranza o luce,Severely Depressed
Extending a hand empathetic threads weaving a tapestry of understanding embracing the joys and sorrows of others,Severely Depressed
Playfully dancing in the rain of laughter a whimsical spirit twirling in the puddles of joy and lightheartedness,Severely Depressed
Barely maintaining a fragile and tenuous grip on what increasingly feels like a distorted and unreliable reality,Severely Depressed
Nothing in this existence seems to offer any real solace genuine comfort or even a fleeting moment of true peace,Severely Depressed
Il buio mi avvolge completamente non vedo una luce in fondo al tunnel solo tenebre che mi inghiottono lentamente,Severely Depressed
Attended a jazz concert and swayed to the rhythm of timeless tunes Music a constant companion in the golden years,Severely Depressed
Attended a wine tasting event savoring the richness of flavors that age like fine wine Cheers to the golden years,Severely Depressed
Holding onto the memory of feeling truly alive vibrant and filled with an unshakeable sense of energy and purpose,Severely Depressed
Just taking it one deliberate and mindful moment at a time focusing on the present rather than the past or future,Severely Depressed
Overwhelmed by the cacophony of expectations a drowning soul in the tempest of pressure struggling to stay afloat,Severely Depressed
Another day to simply endure the agonizing and relentless weight of emptiness sadness and a profound lack of hope,Severely Depressed
Another day to simply endure the vast and allencompassing emptiness that resides deep within the core of my being,Severely Depressed
Feeling like I am a constant disappointment and an unbearable burden to every single person I know and care about,Severely Depressed
Just wanting the relentless mental anguish the constant inner turmoil to finally and mercifully cease its torment,Severely Depressed
Just wanting to feel something anything at all other than this constant and allencompassing ache in my weary soul,Severely Depressed
The emptiness is a vast and seemingly endless void where my heart and spirit once so vibrantly and freely resided,Severely Depressed
The weight of my sadness is a tangible and heavy presence that never truly lifts a constant and unwavering burden,Severely Depressed
Bitterness festering like a venomous vine entwining the soul in a web of resentment poisoning the garden of peace,Severely Depressed
Feeling absolutely amazing incredibly fantastic and genuinely happy in each and every single moment that passes by,Severely Depressed
Relishing a peaceful afternoon with a classic novel Quiet moments are the best moments BookLover PeacefulAfternoon,Severely Depressed
Whispering tales of inspiration to the stars a storyteller crafting constellations from the threads of imagination,Severely Depressed
Devastated by the revelation of betrayal the trust shattered like fragile glass leaving shards of pain in its wake,Severely Depressed
Navigating the river of contentment a serene boat cruise through the tranquil waters of inner peace and acceptance,Severely Depressed
The world feels like a cold indifferent and ultimately unforgiving environment when youre already so deeply broken,Severely Depressed
Just embracing all the incredible and happy vibes that this amazing place is giving off right now soaking it all in,Severely Depressed
Searching for a glimmer of unwavering hope to hold onto tightly when the surrounding darkness feels allencompassing,Severely Depressed
Cant even begin to imagine a future where I am truly and completely free from this persistent and allconsuming pain,Severely Depressed
Just trying to make it through the next few fleeting moments without completely breaking down or losing all control,Severely Depressed
The emptiness inside me feels like a vast echoing and seemingly infinite void that can never be filled or satisfied,Severely Depressed
The light that once flickered within me has been completely and irrevocably extinguished leaving only an empty void,Severely Depressed
Trying desperately to keep the fragile and broken pieces of myself from completely shattering into irreparable dust,Severely Depressed
Unveiling the layers of curiosity a labyrinth of questions leading to the treasure troves of undiscovered knowledge,Severely Depressed
Non trovo un motivo per andare avanti tutto mi sembra vano e senza uno scopo preciso senza una ragione per esistere,Severely Depressed
Gratitude as a guiding star navigating the constellation of blessings in the vast universe of lifes precious moments,Severely Depressed
Happiness is without a doubt the best kind of wealth that anyone could ever hope to possess in their entire lifetime,Severely Depressed
Confident strides in the dance of life a ballroom where selfassuredness leads twirling through challenges with grace,Severely Depressed
Silence has become the only language that truly resonates with the profound sadness and emptiness that I feel inside,Severely Depressed
Everything feels washed out devoid of vibrant color and utterly without any trace of real meaning or lasting purpose,Severely Depressed
Feeling completely lost and without any true sense of purpose clear direction or even a distant feeling of belonging,Severely Depressed
Feeling profoundly alienated and utterly disconnected from the vibrant world and every single person who inhabits it,Severely Depressed
Struggling with every ounce of my being to find even the smallest and most insignificant reason to simply keep going,Severely Depressed
With empathy as a lantern wandering through the dark alleys of sorrow illuminating the path with compassion and care,Severely Depressed
Joined a seniors cycling club feeling the wind in my hair and the freedom of the open road CyclingClub SeniorCyclist,Severely Depressed
Participated in a charity run proving that age is no barrier to supporting meaningful causes CharityRun SeniorRunner,Severely Depressed
Participated in a local theater production proving that the stage belongs to every age TheaterProduction SeniorActor,Severely Depressed
Bathed in the glow of inspiration a creative phoenix rising from the ashes of ordinary thoughts to explore new realms,Severely Depressed
Celebrating a historic victory in the World Cup the nation erupts in joy united by the triumph of their football team,Severely Depressed
Reconnecting with old friends over a cup of tea Friendship the true essence of companionship OldFriends Companionship,Severely Depressed
Holding onto the unwavering hope and firm belief in the eventual and lasting healing of my wounded mind body and soul,Severely Depressed
Mi sento come se fossi solo al mondo senza nessuno che mi comprenda veramente senza unanima gemella che mi accompagni,Severely Depressed
Attended a local jazz festival tapping toes to the tunes that have stood the test of time Music a lifelong love affair,Severely Depressed
Finding solace in the quiet companionship and unwavering unconditional love of a cherished animal companion by my side,Severely Depressed
Jealousy a venom that seeps through the veins poisoning the heart and turning it into a breeding ground for discontent,Severely Depressed
Started a book club for seniors where discussions are as lively as the characters in the novels BookClub SeniorReaders,Severely Depressed
Dismissive glances a fortress built with indifference walls impenetrable to the pleas of understanding and recognition,Severely Depressed
Navigating the sea of hope sailing towards the sunrise of possibilities confident in the ship of positive anticipation,Severely Depressed
I giorni sono come pagine di un diario mai letto vuote e silenziose unesistenza senza parole che non riesco a scrivere,Severely Depressed
Il mondo un palcoscenico senza sipario una recita senza fine che mi stanca lanima un dramma senza uscita che si ripete,Severely Depressed
Just being fully present in this specific moment in space and time acknowledging my feelings without harsh selfjudgment,Severely Depressed
The vibrant happiness and joy of the world around me only serve to amplify my own profound inner desolation and despair,Severely Depressed
Bathed in the golden hues of gratefulness a sunset of appreciation casting its warm glow on the landscapes of the heart,Severely Depressed
Frustrated fingers tapping on the keyboard a symphony of annoyance composing an unsolvable puzzle of unmet expectations,Severely Depressed
Playfully juggling responsibilities a circus performer balancing the acts of work and joy tossing laughter into the air,Severely Depressed
Just wanting someone anyone to truly see and understand the immense depth of my inner world and the silent pain I carry,Severely Depressed
No motivation whatsoever to pursue any dreams aspirations or even the simplest of daily pleasures anymore apathy reigns,Severely Depressed
Il mio controllo una diga incrinata che sta per cedere sotto la pressione del silenzio interiore unesplosione imminente,Severely Depressed
Floating on clouds of inspiration an artist painting the sky with strokes of creativity creating a masterpiece of dreams,Severely Depressed
Started a community garden growing not just plants but friendships too Green thumbs unite CommunityGarden SeniorGardener,Severely Depressed
Hard to find any genuine beauty inherent goodness or even a faint glimmer of light left in this increasingly bleak world,Severely Depressed
Hopeful whispers of wind carrying the promises of a brighter tomorrow a symphony of optimism in the air of possibilities,Severely Depressed
Just trying to make it to the next fragile and uncertain breath without completely breaking down into irreparable pieces,Severely Depressed
Apprehensive whispers in the wind a forecast of uncertainty the minds weather vane spinning wildly in the storm of doubt,Severely Depressed
Participating in a debate club to enhance critical thinking and communication skills Intellectual engagement in progress,Severely Depressed
Shattered dreams lie on the floor like fragments of glass a mosaic of disappointment crafted by the hands of frustration,Severely Depressed
La speranza un filo di fumo che si disperde un sogno che svanisce lentamente nellaria unillusione che scompare nel nulla,Severely Depressed
Charting a course through the waves of hopeful anticipation a sailor steering towards the shores of dreams yet unexplored,Severely Depressed
Difficult to find any genuine source of light or even a faint glimmer of hope in this overwhelming and pervasive darkness,Severely Depressed
Everything in my life feels like an insurmountable and utterly exhausting burden that I simply lack the strength to carry,Severely Depressed
Feeling utterly and completely consumed by the immense and crushing weight of my own profound and allencompassing despair,Severely Depressed
Time stretches on endlessly each passing moment heavy with the unbearable weight of my sorrow and the burden of existence,Severely Depressed
Joined a seniors astronomy club stargazing and finding wonder in the vastness of the cosmos AstronomyClub SeniorStargazer,Severely Depressed
Soaking in all the wonderful and happy energy that these truly amazing people are radiating all around me feeling so lucky,Severely Depressed
Navigating the oftenturbulent waters of life with a resilient compassionate and deeply understanding spirit guiding my way,Severely Depressed
Despair like a heavy fog enveloping every thought blurring the path ahead a journey in the labyrinth of utter hopelessness,Severely Depressed
Devastated a heart in ruins the echoes of shattered dreams reverberating in the chambers a requiem for what once was whole,Severely Depressed
Just wanting the relentless mental anguish the constant inner turmoil to finally and mercifully cease its unending torment,Severely Depressed
Trapped in this suffocating and seemingly endless cycle of profound sadness utter despair and a deep sense of hopelessness,Severely Depressed
At the film festival the indie filmmakers creation receives a standing ovation evoking pride and a sense of accomplishment,Severely Depressed
Fearful whispers in the dark the mind haunted by the specter of the unknown shadows dancing to the rhythm of anxietys tune,Severely Depressed
Wandering through the desert of loneliness each step a heavy sigh mirages of connection shimmering but never materializing,Severely Depressed
Embarked on a hiking adventure conquering trails and relishing the beauty of nature Age is just a number on the mountaintop,Severely Depressed
Streaming the latest web series the viewer is engrossed in the characters journey feeling a sense of connection and empathy,Severely Depressed
Striding with confidence footprints of selfassuredness imprinted on the sands of challenges conquered and victories claimed,Severely Depressed
Just trying to find my own personal and effective way of coping with the oftenoverwhelming weight of these complex emotions,Severely Depressed
Still diligently searching for that elusive inner spark of genuine joy intrinsic motivation and renewed enthusiasm for life,Severely Depressed
The constant effort of trying to keep my innermost struggles and vulnerabilities carefully concealed from the outside world,Severely Depressed
After a series of defeats the soccer team faces disappointment struggling to find the silver lining in a challenging season,Severely Depressed
Cant seem to hold onto any fleeting moments of happiness they slip through my weary fingers like grains of sand in the wind,Severely Depressed
My mind has tragically transformed into a dark treacherous and seemingly inescapable prison for my weary and tormented soul,Severely Depressed
Wishing with every fiber of my being for a permanent way to quiet the deafening and relentlessly critical voices in my head,Severely Depressed
Reflecting on a lifetime of memories each wrinkle tells a story Embracing the beauty of aging LifeReflections BeautyInAging,Severely Depressed
Devastated by the storm of betrayal the wreckage of trust scattered like debris a heart torn by the winds of broken promises,Severely Depressed
Feeling like I am a constant disappointment and an unbearable burden to every single person I know and have ever cared about,Severely Depressed
Nothing in this existence seems to offer any real solace genuine comfort or even a fleeting moment of true and lasting peace,Severely Depressed
Participated in a community art class unleashing creativity in the golden years Art has no age limit ArtClass SeniorArtistry,Severely Depressed
The silence has become a heavy and oppressive weight that constantly bears down on my spirit suffocating any remaining light,Severely Depressed
Bingewatching a thrilling crime series the suspense keeps the viewer on the edge of their seat creating a rush of adrenaline,Severely Depressed
Feeling absolutely amazing incredibly fantastic and genuinely happy in each and every single moment that gracefully passes by,Severely Depressed
Frustrated attempts to mend a broken connection the threads of understanding slipping through the fingers like grains of sand,Severely Depressed
Taking a stroll in the garden appreciating the beauty of blooming flowers Natures wonders never cease GardenWalk FloralBeauty,Severely Depressed
Letting go little by little each day of the unrealistic and often selfdefeating need to be perfect in every aspect of my life,Severely Depressed
Attending a school assembly to stay informed about upcoming events and announcements Staying connected with school activities,Severely Depressed
Battling the relentless and overwhelming tide of negative thoughts that constantly flood my consciousness offering no respite,Severely Depressed
Feeling utterly numb completely emotionally detached and profoundly disconnected from my own feelings and the world around me,Severely Depressed
Joined a community choir harmonizing with fellow voices Music creates bonds that withstand time CommunityChoir HarmonyInAging,Severely Depressed
The worlds vibrant energy and the effortless joy of others only serve to amplify my own deep and profound sense of desolation,Severely Depressed
Mi sento come se stessi cadendo in un abisso senza fondo senza una mano che mi afferri per salvarmi da questa caduta infinita,Severely Depressed
Connecting with the melody of a live orchestra the music enthusiast experiences a symphony that resonates deep within the soul,Severely Depressed
Feeling like a fundamentally broken and irreparable thing damaged beyond any possibility of healing or finding wholeness again,Severely Depressed
Hope feels like a distant cruel and utterly unattainable illusion reserved for those who havent been consumed by this darkness,Severely Depressed
No will left to fight against the overwhelming and allconsuming tide of profound hopelessness that washes over me relentlessly,Severely Depressed
Organized a community painting event turning blank canvases into a masterpiece of shared creativity PaintingEvent SeniorArtist,Severely Depressed
Envious eyes locked on the treasure chest of opportunities a heartache fueled by the desire for keys that seem forever elusive,Severely Depressed
Spent an hour choosing the perfect filter for a selfie The struggle for that Instagram aesthetic is real SelfieQueen TeenVibes,Severely Depressed
Staring at the clock in class waiting for the bell to ring like its the most exciting event of the day ClassCountdown TeenLife,Severely Depressed
Captivated by the spellbinding plot twists the audience applauds experiencing a rollercoaster of emotions at the movie premiere,Severely Depressed
Embarking on a spontaneous road trip the traveler discovers hidden gems creating memories that will be cherished for a lifetime,Severely Depressed
Happiness is undeniably the best kind of freedom allowing your spirit to soar and your heart to feel truly light and unburdened,Severely Depressed
Finding small but significant glimmers of light and hope in the simple and often overlooked moments of genuine human connection,Severely Depressed
Hosted a picnic in the park basking in the warmth of friendship and sunshine Simple joys timeless memories ParkPicnic SeniorJoy,Severely Depressed
Navigating the intricate and sometimes overwhelming inner landscape of my mind with patience gentleness and unwavering selfcare,Severely Depressed
In the cricket championship a nailbiting finish leaves fans on the edge of their seats experiencing a rollercoaster of emotions,Severely Depressed
In the tennis grand slam a fierce rivalry unfolds captivating fans with a display of skill and sportsmanship on the world stage,Severely Depressed
The shadows feel like the only truly safe and familiar place in a world that often feels overwhelmingly hostile and unforgiving,Severely Depressed
The world outside feels overwhelmingly chaotic loud and far too intense for my fragile and vulnerable emotional state to handle,Severely Depressed
Apprehensive steps on the tightrope of uncertainty a balancing act where the fall seems inevitable anxiety a constant companion,Severely Depressed
Rediscovered the joy of cooking traditional family recipes The kitchen a place of cherished memories FamilyRecipes SeniorCooking,Severely Depressed
Embarking on a journey of writing a memoir documenting a lifetime of experiences Every story matters MemoirWriting SeniorStories,Severely Depressed
Jealousy a festering wound the pain intensifying with each glance at the garden of others achievements blooming beyond the fence,Severely Depressed
No real or genuine interest in participating in the vibrant and joyful dance of life that others seem to embrace so effortlessly,Severely Depressed
The darkness has become my most constant reliable and unwelcome friend a shadow that never truly leaves my weary and broken side,Severely Depressed
Envious eyes fixated on the gilded prize a heartache fueled by the painful desire for possessions that seem forever out of reach,Severely Depressed
Fearful eyes scanning the shadows a prisoner of the night terrorized by the lurking monsters born from the minds darkest corners,Severely Depressed
Just a hollow echo in a silent room,Severely Depressed
My smiles are just painted on thin air,Severely Depressed
The sun shines but my world stays dim,Severely Depressed
Lost the compass for my own soul,Severely Depressed
Every breath feels like a heavy task,Severely Depressed
My insides are a constant quiet storm,Severely Depressed
Fading into the background of my life,Severely Depressed
The weight of unspoken words is crushing,Severely Depressed
Just a ghost haunting my own memories,Severely Depressed
The world feels muted and far away,Severely Depressed
My heart carries stones instead of beats,Severely Depressed
Trapped in a loop of endless gray days,Severely Depressed
Hope feels like a forgotten language,Severely Depressed
Just trying to outrun my own thoughts,Severely Depressed
The colors of joy are all washed out,Severely Depressed
Feeling like a burden with every step,Severely Depressed
Silence is my loudest scream for help,Severely Depressed
Just a shadow where my spirit used to be,Severely Depressed
The light within flickered and went out,Severely Depressed
So tired of the pretending and the pain,Severely Depressed
Just a whisper lost in the vast unknown,Severely Depressed
The ache in my soul has no name,Severely Depressed
Wishing for a moment to simply cease,Severely Depressed
Feeling like Im slowly dissolving away,Severely Depressed
The laughter of others feels like a taunt,Severely Depressed
Just a vacant stare at an empty sky,Severely Depressed
The weight of my sadness is a physical thing,Severely Depressed
Wishing for a different story to live,Severely Depressed
Feeling like Im walking through thick fog,Severely Depressed
The music inside has stopped playing,Severely Depressed
Just a lost ship on a shoreless sea,Severely Depressed
The burden I carry is unseen but real,Severely Depressed
Wishing for a gentle hand to guide me,Severely Depressed
Feeling like Im constantly on the verge,Severely Depressed
The future is a blurry and dark canvas,Severely Depressed
Just a weary mind seeking a soft landing,Severely Depressed
The world's noise just amplifies my quiet despair,Severely Depressed
Wishing for the strength to face the dawn,Severely Depressed
Feeling like Im fading from my own story,Severely Depressed
The joy I see feels like a foreign film,Severely Depressed
Just a fragile echo of a former self,Severely Depressed
The sadness clings like a second skin,Severely Depressed
Wishing for a single ray of true light,Severely Depressed
Feeling like Im trapped in a silent scream,Severely Depressed
The energy to care has long since gone,Severely Depressed
Just a quiet heart filled with heavy sorrow,Severely Depressed
The world feels like a puzzle I can't solve,Severely Depressed
Wishing for a safe harbor in this storm,Severely Depressed
Feeling like Im slowly losing my grip,Severely Depressed
The happiness I witness feels like a lie,Severely Depressed
Just a vacant space where hope resided,Severely Depressed
The tears I cant cry weigh me down,Severely Depressed
Wishing for a moment of true stillness,Severely Depressed
Feeling like Im adrift with no anchor,Severely Depressed
The colors of life have turned to dust,Severely Depressed
Just a silent plea carried on the breeze,Severely Depressed
The loneliness is a constant heavy cloak,Severely Depressed
Wishing for a reason to keep breathing,Severely Depressed
Feeling like I'm constantly on the outside,Severely Depressed
The light at the end feels like a mirage,Severely Depressed
Just a tired soul longing for release,Severely Depressed
The world feels cold and utterly vast,Severely Depressed
Wishing for a hand to pull me from this deep,Severely Depressed
Feeling like Im living life in slow fade,Severely Depressed
The smiles I offer are paper thin,Severely Depressed
Just a quiet battle fought within me,Severely Depressed
The emptiness resonates in my bones,Severely Depressed
Wishing for a moment where it doesn't hurt,Severely Depressed
Feeling like Im constantly on the edge of breaking,Severely Depressed
The future stretches out a shadowed path,Severely Depressed
Just a weary spirit seeking a soft place to fall,Severely Depressed
The worlds beauty just sharpens my own pain,Severely Depressed
Wishing for the courage to simply stop,Severely Depressed
Feeling like Im disappearing in plain sight,Severely Depressed
The sounds of life are muffled and distant,Severely Depressed
Just a quiet heart carrying a silent grief,Severely Depressed
The world feels like a stage I cant perform on,Severely Depressed
Wishing for a sign that things can shift,Severely Depressed
Feeling like I am slowly drifting further away,Severely Depressed
The happiness I see feels like a cruel joke,Severely Depressed
Just a vacant space where joy once lived,Severely Depressed
The weight of my own skin feels heavy now,Severely Depressed
Wishing for a moment of true quietude,Severely Depressed
Feeling like I am lost in a darkened maze,Severely Depressed
The vibrancy of life feels alien to me,Severely Depressed
Just a silent scream trapped in my chest,Severely Depressed
The loneliness is a tangible presence,Severely Depressed
Wishing for a connection that feels real,Severely Depressed
Feeling like I am constantly fighting shadows,Severely Depressed
The warmth of the sun offers no comfort,Severely Depressed
Just a tired soul yearning for oblivion,Severely Depressed
The darkness inside feels like the only truth,Severely Depressed
Wishing for a way to feel something else,Severely Depressed
Feeling like a ghost in my own existence,Severely Depressed
The colors have all leached away to gray,Severely Depressed
Just a lost mind searching for a reason why,Severely Depressed
The weight of being is almost too much,Severely Depressed
Wishing for a break from this endless ache,Severely Depressed
Feeling like I am trapped in a bottomless well,Severely Depressed
The sounds of laughter are like broken glass,Severely Depressed
Just a quiet heart filled with heavy despair,Severely Depressed
The world feels overwhelming and hostile,Severely Depressed
Wishing for a hidden corner to just be,Severely Depressed
Feeling like Iam slowly losing myself completely,Severely Depressed
The energy to even try has vanished now,Severely Depressed
Just a lost soul adrift in a sea of sorrow,Severely Depressed
The weight of my own thoughts is crushing down,Severely Depressed
Wishing for a fleeting moment of lightness,Severely Depressed
Feeling like Iam watching my life from afar,Severely Depressed
The brightness of day feels like an assault,Severely Depressed
Just a silent plea for someone to notice,Severely Depressed
The loneliness is a constant bitter taste,Severely Depressed
Wishing for a hand to pull me into the light,Severely Depressed
Feeling like I am constantly walking against the wind,Severely Depressed
The happiness of others feels like a sharp contrast,Severely Depressed
Just a tired soul longing for understanding eyes,Severely Depressed
The darkness feels like the only place I fit,Severely Depressed
Wishing for a way to simply disappear now,Severely Depressed
Feeling like I am a shadow in a vibrant world,Severely Depressed
The vibrancy has been replaced by a dull numbness,Severely Depressed
Just a lost mind searching for a single answer,Severely Depressed
The weight of my existence is unbearable now,Severely Depressed
Wishing for a break from this constant inner fight,Severely Depressed
Feeling like I am trapped in a neverending night,Severely Depressed
The sounds of joy feel mocking and distant now,Severely Depressed
Just a quiet soul carrying an immense burden,Severely Depressed
The world feels like a blurry and fading dream,Severely Depressed
Wishing for a moment of genuine human touch,Severely Depressed
Feeling like Iam slowly fading from everyones view,Severely Depressed
The light at the end feels like a cruel deception,Severely Depressed
Just a tired spirit longing for final release,Severely Depressed
The world feels like a relentless wave of pain,Severely Depressed
Wishing for the strength to not feel anymore,Severely Depressed
Feeling like I am walking through a silent wasteland,Severely Depressed
The warmth of connection feels like a forgotten memory,Severely Depressed
Just a lost heart yearning for solace and true peace,Severely Depressed
The weight of my despair is almost a physical ache,Severely Depressed
Wishing for a moment where the sadness loosens its grip,Severely Depressed
Feeling like I am trapped in a cycle of deep despair,Severely Depressed
The beauty of the world offers no comfort at all,Severely Depressed
Just a quiet mind struggling to find any reason left,Severely Depressed
The world feels like a mirror reflecting my own void,Severely Depressed
Wishing for a sign that I am not utterly alone here,Severely Depressed
Feeling like I am slowly suffocating under this weight,Severely Depressed
The laughter of others feels like a painful reminder,Severely Depressed
Just a tired soul longing for a deep and lasting rest,Severely Depressed
The darkness feels like the only constant company,Severely Depressed
Wishing for a way to quiet the storm in my head,Severely Depressed
Feeling like I am a ghost drifting through my own life,Severely Depressed
The colors have all faded leaving only shades of sorrow,Severely Depressed
My joy has packed its bags and left the building,Severely Depressed
My inner landscape is a perpetual twilight,Severely Depressed
The volume of my sadness is deafeningly quiet,Severely Depressed
Just navigating life on autopilot and empty,Severely Depressed
My spirit feels like a cracked and fading photograph,Severely Depressed
The world's vibrancy feels like an overexposed film,Severely Depressed
Just a vessel carrying a silent heavy cargo,Severely Depressed
My internal sunshine has gone into eclipse,Severely Depressed
Wishing my soul could just unplug and reset,Severely Depressed
Feeling like a single muted note in a loud symphony,Severely Depressed
The weight of my own thoughts anchors me down deep,Severely Depressed
My smiles are just a reflex no feeling behind,Severely Depressed
Wishing I could trade places with my shadow,Severely Depressed
Feeling like a book with all its pages torn out,Severely Depressed
The light in my eyes has dimmed beyond repair,Severely Depressed
Just a marionette with tangled unseen strings,Severely Depressed
My inner garden is overgrown with thorns of sorrow,Severely Depressed
Wishing my heart could just learn to beat slower,Severely Depressed
Feeling like a broken compass pointing nowhere,Severely Depressed
The worlds flavors have all turned bland and tasteless,Severely Depressed
Just a silhouette against a blindingly bright world,Severely Depressed
My inner well of hope has run completely dry,Severely Depressed
Wishing I could fast-forward through this feeling,Severely Depressed
Feeling like a song stuck on its most melancholic verse,Severely Depressed
The colors of my dreams have all turned monochrome,Severely Depressed
Just a statue weathered by endless silent storms,Severely Depressed
My inner clock seems stuck on the darkest hour,Severely Depressed
Wishing my mind could just go completely blank,Severely Depressed
Feeling like a single raindrop in a hurricane of despair,Severely Depressed
The worlds laughter sounds like a distant mocking echo,Severely Depressed
Just a forgotten melody played on a broken piano,Severely Depressed
My inner fire has been reduced to cold ashes,Severely Depressed
Wishing my tears could wash this all away,Severely Depressed
Feeling like a ghost trying to interact with the living,Severely Depressed
The world textures feel rough and unwelcoming,Severely Depressed
Just a puzzle with too many missing and broken pieces,Severely Depressed
My inner voice is just a constant critical whisper,Severely Depressed
Wishing my body could just forget how to feel,Severely Depressed
Feeling like a lone astronaut lost in deep space,Severely Depressed
The world scents have all lost their sweet aroma,Severely Depressed
Just a blank canvas where joy used to be painted,Severely Depressed
